full_name,2014-2015,2015-2016,2016-2017,2017-2018,2018-2019,2019-2020,2020-2021,2021-2022,2022-2023,2023-2024,2024-2025,gp_2014-2015,gp_2015-2016,gp_2016-2017,gp_2017-2018,gp_2018-2019,gp_2019-2020,gp_2020-2021,gp_2021-2022,gp_2022-2023,gp_2023-2024,gp_2024-2025
Precious Achiuwa,0.0,0.0,0.0,0.0,0.0,0.0,0.17253426498253158,0.2580221429911803,18.9,20.03333333333333,19.142857142857146,0.0,0.0,0.0,0.0,0.0,0.0,61.0,73.0,55.0,148.0,28.0
Steven Adams,0.29040816326530616,0.0,0.32171875000000005,0.4153393351800554,0.41015625,0.46560846560846564,0.41052318668252086,0.3488573407202216,28.0,0.0,11.575757575757574,70.0,0.0,80.0,76.0,80.0,63.0,58.0,76.0,42.0,0.0,33.0
Bam Adebayo,0.0,0.0,0.0,0.24742701113211513,0.2993753718024985,0.5561342592592592,0.666748046875,0.7050382653061225,39.0,40.400000000000006,38.41304347826086,0.0,0.0,0.0,69.0,82.0,72.0,64.0,56.0,75.0,71.0,46.0
Ochai Agbaji,0.0,0.0,0.0,0.0,0.0,0.0,0.0,0.0,13.4,13.566666666666666,23.06976744186047,0.0,0.0,0.0,0.0,0.0,0.0,0.0,0.0,59.0,156.0,43.0
James Akinjo,0.0,0.0,0.0,0.0,0.0,0.0,0.0,0.0,0.0,0.0,0.0,0.0,0.0,0.0,0.0,0.0,0.0,0.0,0.0,0.0,0.0,0.0
Santi Aldama,0.0,0.0,0.0,0.0,0.0,0.0,0.0,0.2548828125,19.9,25.2,29.487804878048784,0.0,0.0,0.0,0.0,0.0,0.0,0.0,32.0,77.0,61.0,41.0
Trey Alexander,0.0,0.0,0.0,0.0,0.0,0.0,0.0,0.0,0.0,0.0,1.8571428571428568,0.0,0.0,0.0,0.0,0.0,0.0,0.0,0.0,0.0,0.0,14.0
Nickeil Alexander-Walker,0.0,0.0,0.0,0.0,0.0,0.21955636034404707,0.46219281663516065,0.2802366863905325,13.2,19.0,18.326530612244895,0.0,0.0,0.0,0.0,0.0,47.0,46.0,65.0,118.0,82.0,49.0
Grayson Allen,0.0,0.0,0.0,0.0,0.1655124653739612,0.3704986149584488,0.42200000000000004,0.3248393021120294,21.6,29.1,22.333333333333336,0.0,0.0,0.0,0.0,38.0,38.0,50.0,66.0,72.0,75.0,39.0
Jarrett Allen,0.0,0.0,0.0,0.27314814814814814,0.34968750000000004,0.42448979591836733,0.4965986394557823,0.6709183673469388,34.400000000000006,38.10000000000001,35.22448979591836,0.0,0.0,0.0,72.0,80.0,70.0,63.0,56.0,68.0,77.0,49.0
Jose Alvarado,0.0,0.0,0.0,0.0,0.0,0.0,0.0,0.32544581618655694,19.700000000000003,17.7,24.42307692307692,0.0,0.0,0.0,0.0,0.0,0.0,0.0,54.0,61.0,56.0,26.0
Kyle Anderson,0.22130394857667585,0.1725838264299803,0.16319444444444445,0.34660336011687365,0.5987020010816657,0.26999331699710405,0.45242596093257714,0.32514177693761814,29.700000000000003,21.0,16.61111111111111,33.0,78.0,72.0,74.0,43.0,67.0,69.0,69.0,69.0,79.0,36.0
Giannis Antetokounmpo,0.33150434385002286,0.4675,0.62828125,0.688711111111111,0.7856867283950617,0.8715041572184428,0.8879333512496641,0.8378257963911784,51.3,58.3,57.21951219512195,81.0,80.0,80.0,75.0,72.0,63.0,61.0,67.0,63.0,73.0,41.0
Cole Anthony,0.0,0.0,0.0,0.0,0.0,0.0,0.5033952014486194,0.4631952662721893,27.0,22.6,16.84444444444444,0.0,0.0,0.0,0.0,0.0,0.0,47.0,65.0,60.0,81.0,45.0
OG Anunoby,0.0,0.0,0.0,0.17092768444119796,0.20605925595901092,0.3747111951270741,0.7625743645213628,0.6801215277777779,33.300000000000004,29.4,32.775510204081634,0.0,0.0,0.0,74.0,67.0,69.0,43.0,48.0,67.0,100.0,49.0
Adonis Arms,0.0,0.0,0.0,0.0,0.0,0.0,0.0,0.0,0.0,0.0,0.0,0.0,0.0,0.0,0.0,0.0,0.0,0.0,0.0,0.0,0.0,0.0
Mark Armstrong,0.0,0.0,0.0,0.0,0.0,0.0,0.0,0.0,0.0,0.0,0.0,0.0,0.0,0.0,0.0,0.0,0.0,0.0,0.0,0.0,0.0,0.0
Deni Avdija,0.0,0.0,0.0,0.0,0.0,0.0,0.28703703703703703,0.24568709101725164,22.5,30.900000000000002,29.652173913043477,0.0,0.0,0.0,0.0,0.0,0.0,54.0,82.0,76.0,75.0,46.0
Deandre Ayton,0.0,0.0,0.0,0.0,0.495536599880976,1.0242382271468145,0.4917034236504936,0.6105826397146255,35.2,36.4,32.91428571428572,0.0,0.0,0.0,0.0,71.0,38.0,69.0,58.0,67.0,55.0,35.0
Armando Bacot,0.0,0.0,0.0,0.0,0.0,0.0,0.0,0.0,0.0,0.0,0.0,0.0,0.0,0.0,0.0,0.0,0.0,0.0,0.0,0.0,0.0,0.0
Marvin Bagley III,0.0,0.0,0.0,0.0,0.4279396462018731,0.0,0.5657111952406706,0.44487847222222227,23.1,23.0,9.894736842105262,0.0,0.0,0.0,0.0,62.0,0.0,43.0,48.0,42.0,100.0,19.0
Amari Bailey,0.0,0.0,0.0,0.0,0.0,0.0,0.0,0.0,0.0,4.2,0.0,0.0,0.0,0.0,0.0,0.0,0.0,0.0,0.0,0.0,10.0,0.0
Patrick Baldwin Jr.,0.0,0.0,0.0,0.0,0.0,0.0,0.0,0.0,6.6,11.500000000000002,4.227272727272727,0.0,0.0,0.0,0.0,0.0,0.0,0.0,0.0,31.0,38.0,22.0
LaMelo Ball,0.0,0.0,0.0,0.0,0.0,0.0,0.693194925028835,0.5809777777777778,45.5,45.4,46.77419354838709,0.0,0.0,0.0,0.0,0.0,0.0,51.0,75.0,36.0,22.0,31.0
Lonzo Ball,0.0,0.0,0.0,0.6601331360946744,0.6034404708012675,0.5301083396321491,0.6416528925619834,1.0293877551020407,0.0,0.0,23.379310344827587,0.0,0.0,0.0,52.0,47.0,63.0,55.0,35.0,0.0,0.0,29.0
Mo Bamba,0.0,0.0,0.0,0.0,0.36713444997736533,0.2783558792924038,0.4338374291115312,0.4034913707597699,15.133333333333333,14.6,13.928571428571425,0.0,0.0,0.0,0.0,47.0,62.0,46.0,71.0,98.0,57.0,28.0
Paolo Banchero,0.0,0.0,0.0,0.0,0.0,0.0,0.0,0.0,31.0,38.1,34.9375,0.0,0.0,0.0,0.0,0.0,0.0,0.0,0.0,72.0,80.0,16.0
Desmond Bane,0.0,0.0,0.0,0.0,0.0,0.0,0.2720588235294118,0.4369806094182826,38.400000000000006,41.2,37.800000000000004,0.0,0.0,0.0,0.0,0.0,0.0,68.0,76.0,58.0,42.0,40.0
Dalano Banton,0.0,0.0,0.0,0.0,0.0,0.0,0.0,0.1298828125,10.099999999999998,17.433333333333337,16.842105263157894,0.0,0.0,0.0,0.0,0.0,0.0,0.0,64.0,31.0,108.0,38.0
Dominick Barlow,0.0,0.0,0.0,0.0,0.0,0.0,0.0,0.0,12.500000000000002,12.3,5.5,0.0,0.0,0.0,0.0,0.0,0.0,0.0,0.0,28.0,33.0,12.0
Harrison Barnes,0.25446162998215344,0.3282828282828283,0.35523153340810765,0.3661663012312363,0.3157362118401079,0.3373842592592593,0.5368608799048751,0.3573958509023444,24.4,20.2,21.543478260869563,82.0,66.0,79.0,77.0,77.0,72.0,58.0,77.0,82.0,82.0,46.0
Scottie Barnes,0.0,0.0,0.0,0.0,0.0,0.0,0.0,0.4488677867056245,34.0,46.0,43.361111111111114,0.0,0.0,0.0,0.0,0.0,0.0,0.0,74.0,77.0,60.0,36.0
RJ Barrett,0.0,0.0,0.0,0.0,0.0,0.392219387755102,0.39621913580246915,0.40040816326530615,26.4,31.166666666666668,36.95121951219512,0.0,0.0,0.0,0.0,0.0,56.0,72.0,70.0,73.0,116.0,41.0
Charles Bassey,0.0,0.0,0.0,0.0,0.0,0.0,0.0,0.42911153119092615,17.7,14.0,14.129032258064516,0.0,0.0,0.0,0.0,0.0,0.0,0.0,23.0,35.0,19.0,31.0
Emoni Bates,0.0,0.0,0.0,0.0,0.0,0.0,0.0,0.0,0.0,4.0,-0.25,0.0,0.0,0.0,0.0,0.0,0.0,0.0,0.0,0.0,15.0,4.0
Keita Bates-Diop,0.0,0.0,0.0,0.0,0.3877777777777778,0.30578512396694213,0.21444444444444444,0.2105716748060902,19.299999999999997,8.833333333333332,0.0,0.0,0.0,0.0,0.0,30.0,44.0,30.0,59.0,67.0,106.0,0.0
Jamison Battle,0.0,0.0,0.0,0.0,0.0,0.0,0.0,0.0,0.0,0.0,10.235294117647058,0.0,0.0,0.0,0.0,0.0,0.0,0.0,0.0,0.0,0.0,34.0
Nicolas Batum,0.3840507835746876,0.4659183673469388,0.4273907910271546,0.43798828125,0.3294222222222222,0.7334710743801652,0.3430608153263533,0.382361390405056,17.8,18.133333333333333,12.595744680851066,71.0,70.0,77.0,64.0,75.0,22.0,67.0,59.0,78.0,120.0,47.0
Bradley Beal,0.4197530864197532,0.4922314049586777,0.4675324675324676,0.45657346817370603,0.5526472337894112,0.8144044321329639,0.755,0.9593749999999999,39.5,35.4,31.2,63.0,55.0,77.0,82.0,82.0,57.0,60.0,40.0,50.0,53.0,35.0
Malik Beasley,0.0,0.0,0.27685950413223137,0.09209157127991674,0.2400548696844993,0.33256198347107435,0.8283418553688824,0.2546066335523154,20.2,21.400000000000002,25.89795918367347,0.0,0.0,22.0,62.0,81.0,55.0,37.0,79.0,162.0,79.0,49.0
MarJon Beauchamp,0.0,0.0,0.0,0.0,0.0,0.0,0.0,0.0,8.5,8.4,2.541666666666666,0.0,0.0,0.0,0.0,0.0,0.0,0.0,0.0,52.0,48.0,24.0
Charles Bediako,0.0,0.0,0.0,0.0,0.0,0.0,0.0,0.0,0.0,0.0,0.0,0.0,0.0,0.0,0.0,0.0,0.0,0.0,0.0,0.0,0.0,0.0
Reece Beekman,0.0,0.0,0.0,0.0,0.0,0.0,0.0,0.0,0.0,0.0,5.0,0.0,0.0,0.0,0.0,0.0,0.0,0.0,0.0,0.0,0.0,2.0
Jules Bernard,0.0,0.0,0.0,0.0,0.0,0.0,0.0,0.0,0.0,7.300000000000001,0.0,0.0,0.0,0.0,0.0,0.0,0.0,0.0,0.0,0.0,19.0,0.0
Saddiq Bey,0.0,0.0,0.0,0.0,0.0,0.0,0.31183673469387757,0.3454788816180845,23.6,24.799999999999997,0.0,0.0,0.0,0.0,0.0,0.0,0.0,70.0,82.0,154.0,63.0,0.0
Goga Bitadze,0.0,0.0,0.0,0.0,0.0,0.1526063100137174,0.3323456790123457,0.3196,13.5,17.699999999999996,30.153846153846153,0.0,0.0,0.0,0.0,0.0,54.0,45.0,50.0,76.0,62.0,39.0
Onuralp Bitim,0.0,0.0,0.0,0.0,0.0,0.0,0.0,0.0,0.0,5.699999999999999,0.0,0.0,0.0,0.0,0.0,0.0,0.0,0.0,0.0,0.0,23.0,0.0
Anthony Black,0.0,0.0,0.0,0.0,0.0,0.0,0.0,0.0,0.0,10.6,19.304347826086953,0.0,0.0,0.0,0.0,0.0,0.0,0.0,0.0,0.0,69.0,46.0
Leaky Black,0.0,0.0,0.0,0.0,0.0,0.0,0.0,0.0,0.0,8.8,0.0,0.0,0.0,0.0,0.0,0.0,0.0,0.0,0.0,0.0,26.0,0.0
Bogdan Bogdanović,0.0,0.0,0.0,0.29322813938198555,0.376734693877551,0.45659768879333507,0.7360537190082644,0.4577979339884102,0.0,0.0,17.333333333333332,0.0,0.0,0.0,78.0,70.0,61.0,44.0,63.0,0.0,0.0,24.0
Bojan Bogdanović,0.1780078895463511,0.20060887678256686,0.23456790123456792,0.27703125,0.3382106386221613,0.4295792391030486,0.3381558641975309,0.3671497584541063,0.0,0.0,0.0,78.0,79.0,81.0,80.0,81.0,63.0,72.0,69.0,0.0,0.0,0.0
Bol Bol,0.0,0.0,0.0,0.0,0.0,0.0,0.1259765625,0.0,20.799999999999997,12.9,4.769230769230767,0.0,0.0,0.0,0.0,0.0,0.0,32.0,0.0,70.0,43.0,13.0
Adem Bona,0.0,0.0,0.0,0.0,0.0,0.0,0.0,0.0,0.0,0.0,8.757575757575758,0.0,0.0,0.0,0.0,0.0,0.0,0.0,0.0,0.0,0.0,33.0
Devin Booker,0.0,0.25900277008310246,0.37064431295200523,0.656721536351166,0.62744140625,0.5883673469387756,0.5493428380485631,0.6375432525951557,43.900000000000006,46.50000000000001,43.95348837209302,0.0,76.0,78.0,54.0,64.0,70.0,67.0,68.0,53.0,68.0,43.0
Brandon Boston Jr.,0.0,0.0,0.0,0.0,0.0,0.0,0.0,0.22914263744713573,9.5,7.5,21.268292682926827,0.0,0.0,0.0,0.0,0.0,0.0,0.0,51.0,22.0,32.0,41.0
Chris Boucher,0.0,0.0,0.0,0.0,0.3329081632653061,0.26326742976066597,0.5291666666666667,0.26468749999999996,20.4,13.8,20.27906976744186,0.0,0.0,0.0,0.0,28.0,62.0,60.0,80.0,76.0,50.0,43.0
Malaki Branham,0.0,0.0,0.0,0.0,0.0,0.0,0.0,0.0,16.599999999999998,14.899999999999999,7.034482758620689,0.0,0.0,0.0,0.0,0.0,0.0,0.0,0.0,66.0,75.0,29.0
Christian Braun,0.0,0.0,0.0,0.0,0.0,0.0,0.0,0.0,10.6,16.2,29.625,0.0,0.0,0.0,0.0,0.0,0.0,0.0,0.0,76.0,82.0,48.0
Jalen Bridges,0.0,0.0,0.0,0.0,0.0,0.0,0.0,0.0,0.0,0.0,-1.0,0.0,0.0,0.0,0.0,0.0,0.0,0.0,0.0,0.0,0.0,4.0
Mikal Bridges,0.0,0.0,0.0,0.0,0.2714158239143367,0.3235128541940327,0.4234182098765432,0.3596073765615705,36.63333333333334,32.800000000000004,32.55102040816327,0.0,0.0,0.0,0.0,82.0,73.0,72.0,82.0,166.0,82.0,49.0
Miles Bridges,0.0,0.0,0.0,0.0,0.22421875,0.3678106508875739,0.4150596877869605,0.48468750000000005,0.0,36.9,34.875,0.0,0.0,0.0,0.0,80.0,65.0,66.0,80.0,0.0,69.0,32.0
Malcolm Brogdon,0.0,0.0,0.31608888888888886,0.5234375,0.45263671875,0.6165980795610424,0.6992984693877551,0.9992283950617282,28.9,31.1,24.10526315789474,0.0,0.0,75.0,48.0,64.0,54.0,56.0,36.0,67.0,39.0,19.0
Dillon Brooks,0.0,0.0,0.0,0.22263533610945863,0.0,0.32764120848189154,0.3929605702829138,0.880859375,23.1,21.1,22.644444444444446,0.0,0.0,0.0,82.0,0.0,73.0,67.0,32.0,73.0,72.0,45.0
Keion Brooks Jr.,0.0,0.0,0.0,0.0,0.0,0.0,0.0,0.0,0.0,0.0,0.0,0.0,0.0,0.0,0.0,0.0,0.0,0.0,0.0,0.0,0.0,0.0
Bruce Brown,0.0,0.0,0.0,0.0,0.15394448502556612,0.4072532699167659,0.3311242603550296,0.32889660493827166,26.599999999999998,22.9,17.5625,0.0,0.0,0.0,0.0,74.0,58.0,65.0,72.0,80.0,134.0,16.0
Jaylen Brown,0.0,0.0,0.14907955292570674,0.34857142857142853,0.3018626734842951,0.5780240073868882,0.6944114149821641,0.5612947658402203,41.5,38.6,38.837209302325576,0.0,0.0,78.0,70.0,74.0,57.0,58.0,66.0,67.0,70.0,43.0
Kendall Brown,0.0,0.0,0.0,0.0,0.0,0.0,0.0,0.0,5.800000000000001,1.9,0.0,0.0,0.0,0.0,0.0,0.0,0.0,0.0,0.0,6.0,15.0,0.0
Kobe Brown,0.0,0.0,0.0,0.0,0.0,0.0,0.0,0.0,0.0,5.700000000000001,7.0,0.0,0.0,0.0,0.0,0.0,0.0,0.0,0.0,0.0,44.0,19.0
Moses Brown,0.0,0.0,0.0,0.0,0.0,0.0,0.0,0.0,6.666666666666666,7.9,5.111111111111112,0.0,0.0,0.0,0.0,0.0,0.0,0.0,0.0,72.0,22.0,9.0
Charlie Brown Jr.,0.0,0.0,0.0,0.0,0.0,0.0,0.0,0.20867768595041322,0.0,1.2999999999999998,0.0,0.0,0.0,0.0,0.0,0.0,0.0,0.0,22.0,0.0,8.0,0.0
Jalen Brunson,0.0,0.0,0.0,0.0,0.24169637830737473,0.29270544783010155,0.35229238754325254,0.3909629867008493,40.7,46.2,43.333333333333336,0.0,0.0,0.0,0.0,73.0,57.0,68.0,79.0,68.0,77.0,48.0
Thomas Bryant,0.0,0.0,0.0,0.0,0.34008487654320996,0.6479206049149339,0.0,0.6008230452674896,17.733333333333334,12.9,11.9,0.0,0.0,0.0,0.0,72.0,46.0,0.0,27.0,118.0,38.0,10.0
Kobe Bufkin,0.0,0.0,0.0,0.0,0.0,0.0,0.0,0.0,0.0,10.3,10.0,0.0,0.0,0.0,0.0,0.0,0.0,0.0,0.0,0.0,17.0,10.0
Alec Burks,0.7969821673525377,0.5931321540062435,0.25056689342403626,0.2041015625,0.2705078125,0.4010560146923783,0.4793835901707622,0.30986130163084896,21.700000000000003,14.566666666666668,12.08,27.0,31.0,42.0,64.0,64.0,66.0,49.0,81.0,51.0,132.0,25.0
Jared Butler,0.0,0.0,0.0,0.0,0.0,0.0,0.0,0.20408163265306123,12.0,15.7,13.5625,0.0,0.0,0.0,0.0,0.0,0.0,0.0,42.0,6.0,40.0,32.0
Jimmy Butler,0.5784615384615384,0.5872131877923814,0.5869113573407203,0.7187589773053722,0.5886390532544379,0.7143281807372175,0.9108727810650887,0.7251461988304095,45.0,39.0,35.480000000000004,65.0,67.0,76.0,59.0,65.0,58.0,52.0,57.0,64.0,60.0,25.0
Matas Buzelis,0.0,0.0,0.0,0.0,0.0,0.0,0.0,0.0,0.0,0.0,11.875,0.0,0.0,0.0,0.0,0.0,0.0,0.0,0.0,0.0,0.0,48.0
Jamal Cain,0.0,0.0,0.0,0.0,0.0,0.0,0.0,0.0,12.500000000000002,7.5,9.68421052631579,0.0,0.0,0.0,0.0,0.0,0.0,0.0,0.0,18.0,26.0,19.0
Kentavious Caldwell-Pope,0.2505948839976204,0.3251385041551247,0.3197714681440443,0.36468224981738495,0.2430101130279596,0.253098088636841,0.2987302294497661,0.31135098667566197,25.0,23.8,21.148936170212764,82.0,76.0,76.0,74.0,82.0,69.0,67.0,77.0,76.0,76.0,47.0
Toumani Camara,0.0,0.0,0.0,0.0,0.0,0.0,0.0,0.0,0.0,17.799999999999997,25.04255319148936,0.0,0.0,0.0,0.0,0.0,0.0,0.0,0.0,0.0,70.0,47.0
Clint Capela,0.0,0.26108955979085846,0.0,0.4804601899196493,0.0,0.0,0.0,0.4441197954711468,32.6,31.0,25.46666666666667,0.0,77.0,0.0,74.0,0.0,0.0,0.0,74.0,65.0,73.0,45.0
Branden Carlson,0.0,0.0,0.0,0.0,0.0,0.0,0.0,0.0,0.0,0.0,8.000000000000002,0.0,0.0,0.0,0.0,0.0,0.0,0.0,0.0,0.0,0.0,15.0
Carlton Carrington,0.0,0.0,0.0,0.0,0.0,0.0,0.0,0.0,0.0,0.0,20.291666666666664,0.0,0.0,0.0,0.0,0.0,0.0,0.0,0.0,0.0,0.0,48.0
Devin Carter,0.0,0.0,0.0,0.0,0.0,0.0,0.0,0.0,0.0,0.0,7.923076923076922,0.0,0.0,0.0,0.0,0.0,0.0,0.0,0.0,0.0,0.0,13.0
Jevon Carter,0.0,0.0,0.0,0.0,0.2715318869165023,0.23246135552913197,0.17222222222222222,0.15358126721763085,18.799999999999997,10.0,6.727272727272727,0.0,0.0,0.0,0.0,39.0,58.0,60.0,66.0,81.0,72.0,22.0
Wendell Carter Jr.,0.0,0.0,0.0,0.0,0.5661157024793388,0.6014061654948621,0.4729080932784636,0.5314776274713839,29.999999999999993,24.299999999999997,22.72972972972973,0.0,0.0,0.0,0.0,44.0,43.0,54.0,62.0,57.0,55.0,37.0
D.J. Carton,0.0,0.0,0.0,0.0,0.0,0.0,0.0,0.0,0.0,5.6,2.0,0.0,0.0,0.0,0.0,0.0,0.0,0.0,0.0,0.0,4.0,4.0
Alex Caruso,0.0,0.0,0.0,0.281227173119065,0.784,0.22705078125,0.30112960760998814,0.5871505056513979,21.0,30.0,20.357142857142858,0.0,0.0,0.0,37.0,25.0,64.0,58.0,41.0,67.0,71.0,28.0
Stephon Castle,0.0,0.0,0.0,0.0,0.0,0.0,0.0,0.0,0.0,0.0,20.57777777777778,0.0,0.0,0.0,0.0,0.0,0.0,0.0,0.0,0.0,0.0,45.0
Colin Castleton,0.0,0.0,0.0,0.0,0.0,0.0,0.0,0.0,0.0,2.9,2.2,0.0,0.0,0.0,0.0,0.0,0.0,0.0,0.0,0.0,16.0,10.0
Julian Champagnie,0.0,0.0,0.0,0.0,0.0,0.0,0.0,0.0,12.266666666666666,15.8,20.891304347826086,0.0,0.0,0.0,0.0,0.0,0.0,0.0,0.0,34.0,74.0,46.0
Justin Champagnie,0.0,0.0,0.0,0.0,0.0,0.0,0.0,0.16358024691358025,5.433333333333334,15.500000000000002,20.0,0.0,0.0,0.0,0.0,0.0,0.0,0.0,36.0,10.0,15.0,30.0
Ulrich Chomche,0.0,0.0,0.0,0.0,0.0,0.0,0.0,0.0,0.0,0.0,1.8333333333333333,0.0,0.0,0.0,0.0,0.0,0.0,0.0,0.0,0.0,0.0,6.0
Cam Christie,0.0,0.0,0.0,0.0,0.0,0.0,0.0,0.0,0.0,0.0,3.0,0.0,0.0,0.0,0.0,0.0,0.0,0.0,0.0,0.0,0.0,5.0
Max Christie,0.0,0.0,0.0,0.0,0.0,0.0,0.0,0.0,7.0,9.3,17.52173913043478,0.0,0.0,0.0,0.0,0.0,0.0,0.0,0.0,41.0,67.0,46.0
Josh Christopher,0.0,0.0,0.0,0.0,0.0,0.0,0.0,0.20653761869978088,9.9,0.0,1.0,0.0,0.0,0.0,0.0,0.0,0.0,0.0,74.0,64.0,0.0,8.0
Sidy Cissoko,0.0,0.0,0.0,0.0,0.0,0.0,0.0,0.0,0.0,9.8,2.4705882352941178,0.0,0.0,0.0,0.0,0.0,0.0,0.0,0.0,0.0,12.0,17.0
Jaylen Clark,0.0,0.0,0.0,0.0,0.0,0.0,0.0,0.0,0.0,0.0,6.428571428571427,0.0,0.0,0.0,0.0,0.0,0.0,0.0,0.0,0.0,0.0,7.0
Brandon Clarke,0.0,0.0,0.0,0.0,0.0,0.45362663495838296,0.43320884803217474,0.397705078125,22.7,26.2,20.130434782608695,0.0,0.0,0.0,0.0,0.0,58.0,59.0,64.0,56.0,6.0,46.0
Jordan Clarkson,0.3777650100545821,0.31325108155744275,0.28242117787031534,0.2690138698369151,0.30909922267946954,0.32473715532632413,0.4210640138408304,0.31661592693478613,30.300000000000004,26.5,25.760000000000005,59.0,79.0,82.0,81.0,81.0,71.0,68.0,79.0,61.0,55.0,25.0
Nic Claxton,0.0,0.0,0.0,0.0,0.0,0.0,0.6376953125,0.0,38.3,35.0,27.261904761904763,0.0,0.0,0.0,0.0,0.0,0.0,32.0,0.0,76.0,71.0,42.0
Donovan Clingan,0.0,0.0,0.0,0.0,0.0,0.0,0.0,0.0,0.0,0.0,18.833333333333332,0.0,0.0,0.0,0.0,0.0,0.0,0.0,0.0,0.0,0.0,36.0
Noah Clowney,0.0,0.0,0.0,0.0,0.0,0.0,0.0,0.0,0.0,14.0,16.756756756756758,0.0,0.0,0.0,0.0,0.0,0.0,0.0,0.0,0.0,23.0,37.0
Amir Coffey,0.0,0.0,0.0,0.0,0.0,0.0,0.12241735537190082,0.2566687670657425,5.9,13.8,17.270833333333332,0.0,0.0,0.0,0.0,0.0,0.0,44.0,69.0,50.0,70.0,48.0
Isaiah Collier,0.0,0.0,0.0,0.0,0.0,0.0,0.0,0.0,0.0,0.0,15.999999999999996,0.0,0.0,0.0,0.0,0.0,0.0,0.0,0.0,0.0,0.0,39.0
John Collins,0.0,0.0,0.0,0.33929875821767713,0.5697393173877989,1.0642474717430102,0.526581002771479,0.614883401920439,26.9,30.4,35.599999999999994,0.0,0.0,0.0,74.0,61.0,41.0,63.0,54.0,71.0,68.0,30.0
Zach Collins,0.0,0.0,0.0,0.15013774104683195,0.19800978242536685,0.0,0.0,0.6951530612244898,26.0,23.599999999999998,12.277777777777779,0.0,0.0,0.0,66.0,77.0,0.0,0.0,28.0,63.0,69.0,36.0
Mike Conley,0.43714285714285717,0.5742984693877551,0.5654274312119303,0.0,0.5655102040816328,0.5391579900407424,0.6831987697039601,0.42978395061728397,30.633333333333333,30.6,23.0,70.0,56.0,69.0,0.0,70.0,47.0,51.0,72.0,134.0,76.0,44.0
Pat Connaughton,0.0,0.05017301038062283,0.14529914529914528,0.13161808447352769,0.3009943563558184,0.22209846290933394,0.25729888678848983,0.3320710059171597,17.0,15.200000000000001,11.185185185185187,0.0,34.0,39.0,82.0,61.0,67.0,69.0,65.0,61.0,76.0,27.0
Bilal Coulibaly,0.0,0.0,0.0,0.0,0.0,0.0,0.0,0.0,0.0,19.4,26.38636363636364,0.0,0.0,0.0,0.0,0.0,0.0,0.0,0.0,0.0,63.0,44.0
Ricky Council IV,0.0,0.0,0.0,0.0,0.0,0.0,0.0,0.0,0.0,8.4,12.349999999999998,0.0,0.0,0.0,0.0,0.0,0.0,0.0,0.0,0.0,32.0,40.0
Torrey Craig,0.0,0.0,0.0,0.26232741617357,0.1918222222222222,0.23602853745541022,0.30400000000000005,0.20134779750164367,20.200000000000003,15.0,13.555555555555557,0.0,0.0,0.0,39.0,75.0,58.0,50.0,78.0,79.0,53.0,9.0
Isaiah Crawford,0.0,0.0,0.0,0.0,0.0,0.0,0.0,0.0,0.0,0.0,1.6666666666666665,0.0,0.0,0.0,0.0,0.0,0.0,0.0,0.0,0.0,0.0,3.0
Jalen Crutcher,0.0,0.0,0.0,0.0,0.0,0.0,0.0,0.0,0.0,-1.0,0.0,0.0,0.0,0.0,0.0,0.0,0.0,0.0,0.0,0.0,1.0,0.0
Jarrett Culver,0.0,0.0,0.0,0.0,0.0,0.2831947593852356,0.29757785467128023,0.1935719503287071,10.0,0.0,0.0,0.0,0.0,0.0,0.0,0.0,63.0,34.0,37.0,10.0,0.0,0.0
Cade Cunningham,0.0,0.0,0.0,0.0,0.0,0.0,0.0,0.515380859375,34.8,39.9,47.71111111111111,0.0,0.0,0.0,0.0,0.0,0.0,0.0,64.0,12.0,62.0,45.0
Seth Curry,0.0,0.2799586776859504,0.34897959183673466,0.0,0.17658875091307524,0.3349609375,0.4053554939981533,0.438720703125,16.0,12.033333333333331,10.538461538461538,0.0,44.0,70.0,0.0,74.0,64.0,57.0,64.0,61.0,88.0,39.0
Stephen Curry,0.61234375,0.7127062970677775,0.6011857074186828,0.9430988081507112,0.6952320940978786,0.0,0.82010582010582,0.708251953125,51.2,42.4,41.64102564102564,80.0,79.0,79.0,51.0,69.0,0.0,63.0,64.0,56.0,74.0,39.0
Pacôme Dadiet,0.0,0.0,0.0,0.0,0.0,0.0,0.0,0.0,0.0,0.0,3.7692307692307687,0.0,0.0,0.0,0.0,0.0,0.0,0.0,0.0,0.0,0.0,13.0
Caleb Daniels,0.0,0.0,0.0,0.0,0.0,0.0,0.0,0.0,0.0,0.0,0.0,0.0,0.0,0.0,0.0,0.0,0.0,0.0,0.0,0.0,0.0,0.0
Dyson Daniels,0.0,0.0,0.0,0.0,0.0,0.0,0.0,0.0,12.900000000000002,20.2,37.363636363636374,0.0,0.0,0.0,0.0,0.0,0.0,0.0,0.0,59.0,61.0,44.0
N'Faly Dante,0.0,0.0,0.0,0.0,0.0,0.0,0.0,0.0,0.0,0.0,0.0,0.0,0.0,0.0,0.0,0.0,0.0,0.0,0.0,0.0,0.0,0.0
Nate Darling,0.0,0.0,0.0,0.0,0.0,0.0,0.0,0.0,0.0,0.0,0.0,0.0,0.0,0.0,0.0,0.0,0.0,0.0,0.0,0.0,0.0,0.0
Anthony Davis,0.7906574394463668,0.7592045149153454,0.6942222222222223,0.7552000000000001,1.0271045918367345,0.8376690946930281,1.1720679012345678,1.215625,52.4,55.1,53.666666666666664,68.0,61.0,75.0,75.0,56.0,62.0,36.0,40.0,56.0,76.0,42.0
Johnny Davis,0.0,0.0,0.0,0.0,0.0,0.0,0.0,0.0,10.5,6.799999999999999,5.969696969696969,0.0,0.0,0.0,0.0,0.0,0.0,0.0,0.0,28.0,50.0,33.0
Terence Davis,0.0,0.0,0.0,0.0,0.0,0.21566358024691357,0.263638806772373,0.6255555555555554,13.2,0.0,0.0,0.0,0.0,0.0,0.0,0.0,72.0,61.0,30.0,64.0,0.0,0.0
JD Davison,0.0,0.0,0.0,0.0,0.0,0.0,0.0,0.0,5.1,6.100000000000001,0.20000000000000018,0.0,0.0,0.0,0.0,0.0,0.0,0.0,0.0,12.0,8.0,5.0
DeMar DeRozan,0.4841666666666665,0.43836291913214986,0.514609203798393,0.45859375,0.5090234440883791,0.5785034602076125,0.650631550658425,0.5633656509695292,41.400000000000006,41.3,35.348837209302324,60.0,78.0,74.0,80.0,77.0,68.0,61.0,76.0,74.0,79.0,43.0
Donte DiVincenzo,0.0,0.0,0.0,0.0,0.39917695473251025,0.3420569329660239,0.3797061524334251,0.4688208616780045,24.299999999999997,30.400000000000002,24.25,0.0,0.0,0.0,0.0,27.0,66.0,66.0,42.0,72.0,81.0,40.0
Moussa Diabaté,0.0,0.0,0.0,0.0,0.0,0.0,0.0,0.0,0.0,0.0,16.717948717948715,0.0,0.0,0.0,0.0,0.0,0.0,0.0,0.0,0.0,0.0,39.0
Mamadi Diakite,0.0,0.0,0.0,0.0,0.0,0.0,0.0,0.0,6.4,4.333333333333332,0.0,0.0,0.0,0.0,0.0,0.0,0.0,0.0,0.0,22.0,12.0,0.0
Gradey Dick,0.0,0.0,0.0,0.0,0.0,0.0,0.0,0.0,0.0,14.0,23.714285714285715,0.0,0.0,0.0,0.0,0.0,0.0,0.0,0.0,0.0,60.0,42.0
Ousmane Dieng,0.0,0.0,0.0,0.0,0.0,0.0,0.0,0.0,10.700000000000001,8.1,8.481481481481481,0.0,0.0,0.0,0.0,0.0,0.0,0.0,0.0,39.0,33.0,27.0
Rob Dillingham,0.0,0.0,0.0,0.0,0.0,0.0,0.0,0.0,0.0,0.0,10.791666666666664,0.0,0.0,0.0,0.0,0.0,0.0,0.0,0.0,0.0,0.0,24.0
Spencer Dinwiddie,0.3261245674740485,0.0,0.30824475725366274,0.36296875,0.3923010380622838,0.52490234375,0.0,0.4103363778124304,35.13333333333333,22.366666666666664,21.6875,34.0,0.0,59.0,80.0,68.0,64.0,0.0,67.0,158.0,152.0,48.0
Luka Dončić,0.0,0.0,0.0,0.0,0.5239197530864197,0.8422467078742275,0.7660697887970616,0.8026035502958581,0.0,0.0,55.22727272727273,0.0,0.0,0.0,0.0,72.0,61.0,66.0,65.0,0.0,0.0,22.0
Luguentz Dort,0.0,0.0,0.0,0.0,0.0,0.345679012345679,0.41346153846153844,0.5017301038062285,23.699999999999996,22.0,23.84444444444444,0.0,0.0,0.0,0.0,0.0,36.0,52.0,51.0,74.0,79.0,45.0
Ayo Dosunmu,0.0,0.0,0.0,0.0,0.0,0.0,0.0,0.2717152976893237,19.0,25.4,28.205128205128204,0.0,0.0,0.0,0.0,0.0,0.0,0.0,77.0,80.0,76.0,39.0
Jeff Dowtin Jr.,0.0,0.0,0.0,0.0,0.0,0.0,0.0,0.0,0.0,0.0,9.227272727272727,0.0,0.0,0.0,0.0,0.0,0.0,0.0,0.0,0.0,0.0,22.0
PJ Dozier,0.0,0.0,0.0,0.0,0.0,0.42449464922711055,0.334,0.0,4.1,0.0,2.4444444444444446,0.0,0.0,0.0,0.0,0.0,29.0,50.0,0.0,16.0,0.0,9.0
Andre Drummond,0.4182034503271862,0.44627343392775487,0.4247828074988569,0.5507889546351085,0.5572824867809646,0.7731609726069559,0.725897920604915,0.3488459373240758,15.799999999999997,21.9,17.714285714285715,82.0,81.0,81.0,78.0,79.0,57.0,46.0,73.0,67.0,79.0,28.0
Chris Duarte,0.0,0.0,0.0,0.0,0.0,0.0,0.0,0.4115702479338842,13.3,8.4,4.352941176470589,0.0,0.0,0.0,0.0,0.0,0.0,0.0,55.0,46.0,59.0,17.0
Alex Ducas,0.0,0.0,0.0,0.0,0.0,0.0,0.0,0.0,0.0,0.0,3.1999999999999997,0.0,0.0,0.0,0.0,0.0,0.0,0.0,0.0,0.0,0.0,10.0
David Duke Jr.,0.0,0.0,0.0,0.0,0.0,0.0,0.0,0.5082644628099174,6.4,13.3,4.0,0.0,0.0,0.0,0.0,0.0,0.0,0.0,22.0,23.0,4.0,1.0
Kris Dunn,0.0,0.0,0.16995397764628534,0.6224112426035502,0.6389413988657844,0.4682814302191465,0.0,0.0,33.199999999999996,19.2,19.57142857142857,0.0,0.0,78.0,52.0,46.0,51.0,0.0,0.0,22.0,66.0,42.0
Ryan Dunn,0.0,0.0,0.0,0.0,0.0,0.0,0.0,0.0,0.0,0.0,16.139534883720927,0.0,0.0,0.0,0.0,0.0,0.0,0.0,0.0,0.0,0.0,43.0
Kevin Durant,1.6186556927297668,0.6956018518518519,0.8316857440166493,0.7387543252595156,0.6071663379355687,0.0,1.4057142857142857,0.9550413223140496,49.60000000000001,47.800000000000004,46.078947368421055,27.0,72.0,62.0,68.0,78.0,0.0,35.0,55.0,94.0,75.0,38.0
Jalen Duren,0.0,0.0,0.0,0.0,0.0,0.0,0.0,0.0,24.800000000000004,32.7,30.413043478260875,0.0,0.0,0.0,0.0,0.0,0.0,0.0,0.0,67.0,61.0,46.0
Tari Eason,0.0,0.0,0.0,0.0,0.0,0.0,0.0,0.0,21.700000000000003,26.3,28.65625,0.0,0.0,0.0,0.0,0.0,0.0,0.0,0.0,82.0,22.0,32.0
Zach Edey,0.0,0.0,0.0,0.0,0.0,0.0,0.0,0.0,0.0,0.0,23.771428571428572,0.0,0.0,0.0,0.0,0.0,0.0,0.0,0.0,0.0,0.0,35.0
Anthony Edwards,0.0,0.0,0.0,0.0,0.0,0.0,0.4265046296296296,0.5127314814814814,41.50000000000001,42.4,42.91666666666667,0.0,0.0,0.0,0.0,0.0,0.0,72.0,72.0,79.0,79.0,48.0
Jesse Edwards,0.0,0.0,0.0,0.0,0.0,0.0,0.0,0.0,0.0,0.0,0.0,0.0,0.0,0.0,0.0,0.0,0.0,0.0,0.0,0.0,0.0,0.0
Justin Edwards,0.0,0.0,0.0,0.0,0.0,0.0,0.0,0.0,0.0,0.0,16.526315789473685,0.0,0.0,0.0,0.0,0.0,0.0,0.0,0.0,0.0,0.0,19.0
Kessler Edwards,0.0,0.0,0.0,0.0,0.0,0.0,0.0,0.27951388888888884,6.5,4.1,5.2,0.0,0.0,0.0,0.0,0.0,0.0,0.0,48.0,72.0,54.0,20.0
Boogie Ellis,0.0,0.0,0.0,0.0,0.0,0.0,0.0,0.0,0.0,0.0,0.0,0.0,0.0,0.0,0.0,0.0,0.0,0.0,0.0,0.0,0.0,0.0
Keon Ellis,0.0,0.0,0.0,0.0,0.0,0.0,0.0,0.0,4.299999999999999,15.8,20.456521739130434,0.0,0.0,0.0,0.0,0.0,0.0,0.0,0.0,16.0,57.0,46.0
Joel Embiid,0.0,0.0,1.1800208116545265,0.652809271856891,0.789306640625,0.817762399077278,0.9388696655132642,0.7917387543252594,56.9,62.1,40.0,0.0,0.0,31.0,63.0,64.0,51.0,51.0,68.0,66.0,39.0,13.0
Aaron Estrada,0.0,0.0,0.0,0.0,0.0,0.0,0.0,0.0,0.0,0.0,0.0,0.0,0.0,0.0,0.0,0.0,0.0,0.0,0.0,0.0,0.0,0.0
Drew Eubanks,0.0,0.0,0.0,0.0,0.0,0.5826446280991735,0.2791495198902607,0.25094227335846064,20.700000000000003,14.600000000000001,16.0,0.0,0.0,0.0,0.0,0.0,22.0,54.0,71.0,78.0,75.0,37.0
Tosan Evbuomwan,0.0,0.0,0.0,0.0,0.0,0.0,0.0,0.0,0.0,12.166666666666666,16.4,0.0,0.0,0.0,0.0,0.0,0.0,0.0,0.0,0.0,34.0,15.0
Danté Exum,0.0,0.0,0.0,0.0,0.0,0.0,0.0,0.0,0.0,0.0,13.0,0.0,0.0,0.0,0.0,0.0,0.0,0.0,0.0,0.0,0.0,2.0
Bruno Fernando,0.0,0.0,0.0,0.0,0.0,0.18558673469387754,0.11019283746556474,0.20666666666666664,10.4,15.3,10.0,0.0,0.0,0.0,0.0,0.0,56.0,33.0,30.0,78.0,45.0,17.0
Max Fiedler,0.0,0.0,0.0,0.0,0.0,0.0,0.0,0.0,0.0,0.0,0.0,0.0,0.0,0.0,0.0,0.0,0.0,0.0,0.0,0.0,0.0,0.0
Kyle Filipowski,0.0,0.0,0.0,0.0,0.0,0.0,0.0,0.0,0.0,0.0,14.918918918918921,0.0,0.0,0.0,0.0,0.0,0.0,0.0,0.0,0.0,0.0,37.0
Dorian Finney-Smith,0.0,0.0,0.13412589544276787,0.5691609977324262,0.21886907483615303,0.30886728823646104,0.3930555555555556,0.31375000000000003,19.46666666666667,20.6,23.5,0.0,0.0,81.0,21.0,81.0,71.0,60.0,80.0,132.0,68.0,20.0
Adam Flagler,0.0,0.0,0.0,0.0,0.0,0.0,0.0,0.0,0.0,3.5,1.0,0.0,0.0,0.0,0.0,0.0,0.0,0.0,0.0,0.0,2.0,16.0
Trentyn Flowers,0.0,0.0,0.0,0.0,0.0,0.0,0.0,0.0,0.0,0.0,5.0,0.0,0.0,0.0,0.0,0.0,0.0,0.0,0.0,0.0,0.0,2.0
Malachi Flynn,0.0,0.0,0.0,0.0,0.0,0.0,0.3594386600271616,0.22933884297520662,9.0,10.725000000000001,0.0,0.0,0.0,0.0,0.0,0.0,0.0,47.0,44.0,53.0,138.0,0.0
Simone Fontecchio,0.0,0.0,0.0,0.0,0.0,0.0,0.0,0.0,9.5,22.166666666666664,11.636363636363635,0.0,0.0,0.0,0.0,0.0,0.0,0.0,0.0,52.0,132.0,44.0
De'Aaron Fox,0.0,0.0,0.0,0.29161193469694124,0.46044810242341105,0.7570165321030373,0.7550535077288942,0.6380350474001724,42.7,46.7,43.86666666666666,0.0,0.0,0.0,73.0,81.0,51.0,58.0,59.0,73.0,74.0,45.0
Enrique Freeman,0.0,0.0,0.0,0.0,0.0,0.0,0.0,0.0,0.0,0.0,3.5555555555555554,0.0,0.0,0.0,0.0,0.0,0.0,0.0,0.0,0.0,0.0,18.0
Andrew Funk,0.0,0.0,0.0,0.0,0.0,0.0,0.0,0.0,0.0,0.8,0.0,0.0,0.0,0.0,0.0,0.0,0.0,0.0,0.0,0.0,5.0,0.0
Johnny Furphy,0.0,0.0,0.0,0.0,0.0,0.0,0.0,0.0,0.0,0.0,4.935483870967742,0.0,0.0,0.0,0.0,0.0,0.0,0.0,0.0,0.0,0.0,31.0
Daniel Gafford,0.0,0.0,0.0,0.0,0.0,0.0,0.0,0.33159722222222227,22.900000000000002,33.666666666666664,30.78723404255319,0.0,0.0,0.0,0.0,0.0,0.0,0.0,72.0,78.0,148.0,47.0
Darius Garland,0.0,0.0,0.0,0.0,0.0,0.3263430048836542,0.581275720164609,0.6076989619377162,39.8,33.3,41.06382978723404,0.0,0.0,0.0,0.0,0.0,59.0,54.0,68.0,69.0,57.0,47.0
Luka Garza,0.0,0.0,0.0,0.0,0.0,0.0,0.0,0.3203125,10.4,5.9,5.176470588235294,0.0,0.0,0.0,0.0,0.0,0.0,0.0,32.0,28.0,25.0,17.0
Keyonte George,0.0,0.0,0.0,0.0,0.0,0.0,0.0,0.0,0.0,21.200000000000003,27.89189189189189,0.0,0.0,0.0,0.0,0.0,0.0,0.0,0.0,0.0,75.0,37.0
Kyshawn George,0.0,0.0,0.0,0.0,0.0,0.0,0.0,0.0,0.0,0.0,17.767441860465116,0.0,0.0,0.0,0.0,0.0,0.0,0.0,0.0,0.0,0.0,43.0
Paul George,0.0,0.4855967078189301,0.5272888888888889,0.4912674250921326,0.6466520492494519,0.7860243055555554,0.7688614540466392,1.41207075962539,42.1,40.7,34.86666666666667,0.0,81.0,75.0,79.0,77.0,48.0,54.0,31.0,56.0,74.0,30.0
Taj Gibson,0.0,0.31225370613623565,0.27449046679815914,0.32183224271267097,0.3346938775510204,0.2395941727367326,0.42814814814814817,0.26886094674556216,7.6,7.466666666666667,8.1,0.0,73.0,78.0,82.0,70.0,62.0,45.0,52.0,49.0,40.0,20.0
Josh Giddey,0.0,0.0,0.0,0.0,0.0,0.0,0.0,0.5665294924554183,36.1,29.0,32.91304347826087,0.0,0.0,0.0,0.0,0.0,0.0,0.0,54.0,76.0,80.0,46.0
Harry Giles III,0.0,0.0,0.0,0.0,0.0,0.0,0.0,0.0,0.0,0.0,0.0,0.0,0.0,0.0,0.0,0.0,0.0,0.0,0.0,0.0,0.0,0.0
Shai Gilgeous-Alexander,0.0,0.0,0.0,0.0,0.2856930398572278,0.49020408163265317,1.1706122448979592,0.7605229591836735,52.3,56.800000000000004,58.89130434782608,0.0,0.0,0.0,0.0,82.0,70.0,35.0,56.0,68.0,75.0,46.0
Anthony Gill,0.0,0.0,0.0,0.0,0.0,0.0,0.2914201183431952,0.1890495867768595,6.799999999999999,7.999999999999999,3.3428571428571425,0.0,0.0,0.0,0.0,0.0,0.0,26.0,44.0,59.0,50.0,35.0
Collin Gillespie,0.0,0.0,0.0,0.0,0.0,0.0,0.0,0.0,0.0,7.6,3.8000000000000003,0.0,0.0,0.0,0.0,0.0,0.0,0.0,0.0,0.0,24.0,5.0
Jacob Gilyard,0.0,0.0,0.0,0.0,0.0,0.0,0.0,0.0,29.0,12.500000000000004,0.0,0.0,0.0,0.0,0.0,0.0,0.0,0.0,0.0,1.0,82.0,0.0
Rudy Gobert,0.3651100535395598,0.0,0.4816338972717574,0.0,0.0,0.0,0.5750843086689148,0.621900826446281,33.4,38.2,31.285714285714285,82.0,0.0,81.0,0.0,0.0,0.0,71.0,66.0,70.0,76.0,49.0
Jordan Goodwin,0.0,0.0,0.0,0.0,0.0,0.0,0.0,0.0,18.4,19.866666666666667,0.0,0.0,0.0,0.0,0.0,0.0,0.0,0.0,0.0,62.0,114.0,0.0
Aaron Gordon,0.24807605251244905,0.28813280736357655,0.29734375,0.560344827586207,0.40647600262984873,0.4911550468262227,0.5072,0.3713777777777778,33.0,30.599999999999994,23.392857142857146,47.0,78.0,80.0,58.0,78.0,62.0,50.0,75.0,68.0,73.0,28.0
Eric Gordon,0.38645525396398817,0.5520987654320988,0.3438222222222222,0.37324091577399704,0.3490484429065744,0.5455246913580247,0.9423868312757201,0.37611572791628195,20.9,21.2,14.75,61.0,45.0,75.0,69.0,68.0,36.0,27.0,57.0,138.0,68.0,36.0
Jazian Gortman,0.0,0.0,0.0,0.0,0.0,0.0,0.0,0.0,0.0,0.0,2.5,0.0,0.0,0.0,0.0,0.0,0.0,0.0,0.0,0.0,0.0,16.0
Devonte' Graham,0.0,0.0,0.0,0.0,0.24432892249527413,0.5527840765936003,0.5259504132231405,0.30817174515235457,17.866666666666667,11.1,0.0,0.0,0.0,0.0,0.0,46.0,63.0,55.0,76.0,146.0,23.0,0.0
Jerami Grant,0.21183431952662723,0.2887502108281329,0.165,0.21719250114311842,0.34703125,0.3170005951200159,0.6320301783264746,0.6631960162969669,33.2,31.0,25.810810810810807,65.0,77.0,80.0,81.0,80.0,71.0,54.0,47.0,63.0,54.0,37.0
AJ Green,0.0,0.0,0.0,0.0,0.0,0.0,0.0,0.0,0.0,0.0,15.850000000000001,0.0,0.0,0.0,0.0,0.0,0.0,0.0,0.0,0.0,0.0,40.0
Draymond Green,0.4371094375901299,0.5317786922725194,0.5238919667590027,0.539795918367347,0.49816345270890716,0.6819902650081126,0.563618039808516,0.7022684310018903,31.299999999999997,31.0,28.38235294117647,79.0,81.0,76.0,70.0,66.0,43.0,63.0,46.0,73.0,55.0,34.0
Jalen Green,0.0,0.0,0.0,0.0,0.0,0.0,0.0,0.37424816217420365,30.100000000000005,30.900000000000006,31.25,0.0,0.0,0.0,0.0,0.0,0.0,0.0,67.0,76.0,82.0,48.0
Javonte Green,0.0,0.0,0.0,0.0,0.0,0.16710069444444442,0.2099940511600238,0.2951479289940829,14.5,29.7,17.227272727272727,0.0,0.0,0.0,0.0,0.0,48.0,41.0,65.0,32.0,9.0,44.0
Jeff Green,0.2975016436554898,0.2575,0.2049989498004621,0.23570019723865876,0.2880755608028336,0.3472222222222222,0.30968858131487886,0.23431111111111108,13.5,11.7,6.999999999999999,78.0,80.0,69.0,78.0,77.0,48.0,68.0,75.0,56.0,78.0,14.0
Josh Green,0.0,0.0,0.0,0.0,0.0,0.0,0.17225509533201838,0.17910447761194032,17.299999999999997,18.400000000000002,17.25581395348837,0.0,0.0,0.0,0.0,0.0,0.0,39.0,67.0,60.0,57.0,43.0
Quentin Grimes,0.0,0.0,0.0,0.0,0.0,0.0,0.0,0.27882797731569,22.5,13.2,20.02127659574468,0.0,0.0,0.0,0.0,0.0,0.0,0.0,46.0,71.0,102.0,47.0
Mouhamed Gueye,0.0,0.0,0.0,0.0,0.0,0.0,0.0,0.0,0.0,13.8,12.6,0.0,0.0,0.0,0.0,0.0,0.0,0.0,0.0,0.0,6.0,5.0
Rui Hachimura,0.0,0.0,0.0,0.0,0.0,0.5013020833333334,0.4041243459526008,0.46541950113378683,18.833333333333332,24.5,25.674999999999997,0.0,0.0,0.0,0.0,0.0,48.0,57.0,42.0,126.0,68.0,40.0
Tyrese Haliburton,0.0,0.0,0.0,0.0,0.0,0.0,0.5523186682520809,0.5336481700118063,50.400000000000006,50.3,44.19565217391305,0.0,0.0,0.0,0.0,0.0,0.0,58.0,77.0,56.0,69.0,46.0
PJ Hall,0.0,0.0,0.0,0.0,0.0,0.0,0.0,0.0,0.0,0.0,2.5999999999999996,0.0,0.0,0.0,0.0,0.0,0.0,0.0,0.0,0.0,0.0,10.0
Tim Hardaway Jr.,0.2279591836734694,0.22491349480968859,0.2909790097740747,0.49092028316405045,0.392189349112426,0.3427891291410434,0.35959183673469386,0.5731292517006801,23.7,21.8,17.0,70.0,51.0,79.0,57.0,65.0,71.0,70.0,42.0,71.0,79.0,45.0
James Harden,0.6009754610577656,0.600089232599643,0.6826703246456333,0.757908950617284,0.7641354372123603,0.8542387543252594,1.2381198347107434,0.7275739644970415,48.8,41.5,42.1304347826087,81.0,82.0,81.0,72.0,78.0,68.0,44.0,65.0,58.0,72.0,46.0
Jaden Hardy,0.0,0.0,0.0,0.0,0.0,0.0,0.0,0.0,13.700000000000001,11.8,12.435897435897436,0.0,0.0,0.0,0.0,0.0,0.0,0.0,0.0,48.0,73.0,39.0
Elijah Harkless,0.0,0.0,0.0,0.0,0.0,0.0,0.0,0.0,0.0,0.0,10.88888888888889,0.0,0.0,0.0,0.0,0.0,0.0,0.0,0.0,0.0,0.0,9.0
Ron Harper Jr.,0.0,0.0,0.0,0.0,0.0,0.0,0.0,0.0,4.5,2.0,0.0,0.0,0.0,0.0,0.0,0.0,0.0,0.0,0.0,9.0,1.0,0.0
Gary Harris,0.11305785123966941,0.30193905817174516,0.4927670052323792,0.4776119402985075,0.3899661434287473,0.37946428571428575,0.44049967126890194,0.3219564633163129,17.7,15.9,8.818181818181817,55.0,76.0,57.0,67.0,57.0,56.0,39.0,61.0,48.0,54.0,22.0
Kevon Harris,0.0,0.0,0.0,0.0,0.0,0.0,0.0,0.0,8.3,3.5,0.0,0.0,0.0,0.0,0.0,0.0,0.0,0.0,0.0,34.0,2.0,0.0
Tobias Harris,0.43295847750865046,0.37257617728531855,0.33566329565734687,0.40156250000000004,0.42831647828673414,0.49112654320987653,0.61420395421436,0.4537436667292175,30.099999999999994,34.7,28.212765957446805,68.0,76.0,82.0,80.0,82.0,72.0,62.0,73.0,74.0,70.0,47.0
Josh Hart,0.0,0.0,0.0,0.27815570672713524,0.2762307863666741,0.3550295857988166,0.5124490719782707,0.5960219478737998,29.133333333333333,27.200000000000003,41.229166666666664,0.0,0.0,0.0,63.0,67.0,65.0,47.0,54.0,152.0,81.0,48.0
Isaiah Hartenstein,0.0,0.0,0.0,0.0,0.22704081632653056,0.5614366729678639,0.31427221172022685,0.35034602076124566,17.9,28.600000000000005,37.1111111111111,0.0,0.0,0.0,0.0,28.0,23.0,46.0,68.0,82.0,75.0,27.0
Sam Hauser,0.0,0.0,0.0,0.0,0.0,0.0,0.0,0.0,14.2,18.7,16.804878048780488,0.0,0.0,0.0,0.0,0.0,0.0,0.0,0.0,80.0,79.0,41.0
Jordan Hawkins,0.0,0.0,0.0,0.0,0.0,0.0,0.0,0.0,0.0,12.200000000000001,17.064516129032256,0.0,0.0,0.0,0.0,0.0,0.0,0.0,0.0,0.0,67.0,31.0
Jaxson Hayes,0.0,0.0,0.0,0.0,0.0,0.2646484375,0.27749999999999997,0.2789795918367347,10.799999999999999,11.299999999999999,15.730769230769232,0.0,0.0,0.0,0.0,0.0,64.0,60.0,70.0,47.0,70.0,26.0
Killian Hayes,0.0,0.0,0.0,0.0,0.0,0.0,0.6819526627218934,0.3138200183654729,26.3,21.7,0.0,0.0,0.0,0.0,0.0,0.0,0.0,26.0,66.0,76.0,42.0,0.0
Scoot Henderson,0.0,0.0,0.0,0.0,0.0,0.0,0.0,0.0,0.0,23.0,25.857142857142854,0.0,0.0,0.0,0.0,0.0,0.0,0.0,0.0,0.0,62.0,42.0
Taylor Hendricks,0.0,0.0,0.0,0.0,0.0,0.0,0.0,0.0,0.0,18.7,18.999999999999996,0.0,0.0,0.0,0.0,0.0,0.0,0.0,0.0,0.0,40.0,3.0
Tyler Herro,0.0,0.0,0.0,0.0,0.0,0.40297520661157027,0.4993141289437585,0.48393021120293844,33.9,34.6,40.84782608695652,0.0,0.0,0.0,0.0,0.0,55.0,54.0,66.0,67.0,42.0,46.0
Buddy Hield,0.0,0.0,0.20612730517549077,0.30328125000000006,0.4061570493753719,0.42746913580246915,0.4395953183892085,0.3356195701874714,32.1,24.766666666666673,21.104166666666664,0.0,0.0,82.0,80.0,82.0,72.0,71.0,81.0,80.0,168.0,48.0
Haywood Highsmith,0.0,0.0,0.0,0.0,0.0,0.0,0.0,0.0,11.700000000000001,16.299999999999997,17.8,0.0,0.0,0.0,0.0,0.0,0.0,0.0,0.0,54.0,66.0,45.0
Malcolm Hill,0.0,0.0,0.0,0.0,0.0,0.0,0.0,0.0,1.8,0.0,0.0,0.0,0.0,0.0,0.0,0.0,0.0,0.0,0.0,5.0,0.0,0.0
Blake Hinson,0.0,0.0,0.0,0.0,0.0,0.0,0.0,0.0,0.0,0.0,0.0,0.0,0.0,0.0,0.0,0.0,0.0,0.0,0.0,0.0,0.0,0.0
Nate Hinton,0.0,0.0,0.0,0.0,0.0,0.0,0.18367346938775508,0.0,0.0,6.1,0.0,0.0,0.0,0.0,0.0,0.0,0.0,21.0,0.0,0.0,15.0,0.0
Aaron Holiday,0.0,0.0,0.0,0.0,0.22920000000000001,0.3025711662075298,0.19972451790633608,0.22474174855127235,9.9,13.299999999999999,8.52941176470588,0.0,0.0,0.0,0.0,50.0,66.0,66.0,63.0,63.0,78.0,34.0
Jrue Holiday,0.886875,0.49940828402366866,0.540209400757407,0.4955037341868618,0.6709734907551793,0.6651437785541521,0.6874461361677681,0.604366228558699,41.2,32.2,26.395348837209305,40.0,65.0,67.0,81.0,67.0,61.0,59.0,67.0,67.0,69.0,43.0
Ronald Holland II,0.0,0.0,0.0,0.0,0.0,0.0,0.0,0.0,0.0,0.0,11.755102040816325,0.0,0.0,0.0,0.0,0.0,0.0,0.0,0.0,0.0,0.0,49.0
Richaun Holmes,0.0,0.25028835063437144,0.40258541089566013,0.3489583333333333,0.0,0.0,0.5614082235958077,0.5328395061728395,6.8999999999999995,13.3,11.545454545454547,0.0,51.0,57.0,48.0,0.0,0.0,61.0,45.0,42.0,80.0,11.0
DaRon Holmes II,0.0,0.0,0.0,0.0,0.0,0.0,0.0,0.0,0.0,0.0,0.0,0.0,0.0,0.0,0.0,0.0,0.0,0.0,0.0,0.0,0.0,0.0
Chet Holmgren,0.0,0.0,0.0,0.0,0.0,0.0,0.0,0.0,0.0,39.3,38.49999999999999,0.0,0.0,0.0,0.0,0.0,0.0,0.0,0.0,0.0,82.0,10.0
Jalen Hood-Schifino,0.0,0.0,0.0,0.0,0.0,0.0,0.0,0.0,0.0,1.6,5.0,0.0,0.0,0.0,0.0,0.0,0.0,0.0,0.0,0.0,21.0,2.0
Al Horford,0.467797783933518,0.4439321832242713,0.52530276816609,0.46469907407407396,0.5259515570934257,0.4666963689017598,1.193877551020408,0.4549464398235664,28.6,27.0,21.86842105263158,76.0,82.0,68.0,72.0,68.0,67.0,28.0,69.0,63.0,65.0,38.0
Talen Horton-Tucker,0.0,0.0,0.0,0.0,0.0,0.0,0.28615384615384615,0.3416666666666666,20.5,21.0,11.25,0.0,0.0,0.0,0.0,0.0,0.0,65.0,60.0,65.0,51.0,40.0
Caleb Houstan,0.0,0.0,0.0,0.0,0.0,0.0,0.0,0.0,7.1000000000000005,8.2,5.323529411764705,0.0,0.0,0.0,0.0,0.0,0.0,0.0,0.0,51.0,59.0,34.0
Jett Howard,0.0,0.0,0.0,0.0,0.0,0.0,0.0,0.0,0.0,2.8000000000000003,7.2195121951219505,0.0,0.0,0.0,0.0,0.0,0.0,0.0,0.0,0.0,18.0,41.0
Kevin Huerter,0.0,0.0,0.0,0.0,0.2766222222222222,0.47385204081632654,0.378911993278723,0.32395909422936453,29.299999999999997,22.5,17.209302325581394,0.0,0.0,0.0,0.0,75.0,56.0,69.0,74.0,75.0,64.0,43.0
Jay Huff,0.0,0.0,0.0,0.0,0.0,0.0,0.0,0.0,17.0,3.4000000000000004,16.76190476190476,0.0,0.0,0.0,0.0,0.0,0.0,0.0,0.0,7.0,20.0,42.0
Ariel Hukporti,0.0,0.0,0.0,0.0,0.0,0.0,0.0,0.0,0.0,0.0,5.352941176470589,0.0,0.0,0.0,0.0,0.0,0.0,0.0,0.0,0.0,0.0,17.0
De'Andre Hunter,0.0,0.0,0.0,0.0,0.0,0.3227513227513228,1.1701323251417768,0.38412246351014606,23.299999999999997,24.1,27.02857142857143,0.0,0.0,0.0,0.0,0.0,63.0,23.0,53.0,67.0,57.0,35.0
Bones Hyland,0.0,0.0,0.0,0.0,0.0,0.0,0.0,0.2818735559756354,21.333333333333336,13.700000000000001,13.052631578947368,0.0,0.0,0.0,0.0,0.0,0.0,0.0,69.0,112.0,37.0,19.0
Oso Ighodaro,0.0,0.0,0.0,0.0,0.0,0.0,0.0,0.0,0.0,0.0,10.692307692307692,0.0,0.0,0.0,0.0,0.0,0.0,0.0,0.0,0.0,0.0,39.0
Joe Ingles,0.1712866527800032,0.12559061118731898,0.23140987507436048,0.3463712076145151,0.35945865556216533,0.34934413580246915,0.40989084428603245,0.4,18.0,13.9,3.1818181818181825,79.0,81.0,82.0,82.0,82.0,72.0,67.0,45.0,46.0,68.0,11.0
Brandon Ingram,0.0,0.0,0.21470918122095817,0.483481758115484,0.5306952662721893,0.625910509885536,0.638000537489922,0.6806611570247935,39.699999999999996,37.9,37.111111111111114,0.0,0.0,79.0,59.0,52.0,62.0,61.0,55.0,45.0,64.0,18.0
Harrison Ingram,0.0,0.0,0.0,0.0,0.0,0.0,0.0,0.0,0.0,0.0,0.0,0.0,0.0,0.0,0.0,0.0,0.0,0.0,0.0,0.0,0.0,1.0
Kyrie Irving,0.504,0.6105375578497685,0.5821759259259259,0.6863888888888889,0.7068389396302072,2.4524999999999997,0.9242112482853223,1.6575505350772888,49.16666666666667,47.2,42.025641025641015,75.0,53.0,72.0,60.0,67.0,20.0,54.0,29.0,120.0,58.0,39.0
Jonathan Isaac,0.0,0.0,0.0,0.6213991769547325,0.3098666666666666,0.9965397923875434,0.0,0.0,15.4,19.3,18.772727272727273,0.0,0.0,0.0,27.0,75.0,34.0,0.0,0.0,11.0,58.0,44.0
Jaden Ivey,0.0,0.0,0.0,0.0,0.0,0.0,0.0,0.0,26.300000000000004,25.0,28.9,0.0,0.0,0.0,0.0,0.0,0.0,0.0,0.0,74.0,77.0,30.0
GG Jackson,0.0,0.0,0.0,0.0,0.0,0.0,0.0,0.0,0.0,0.0,9.857142857142858,0.0,0.0,0.0,0.0,0.0,0.0,0.0,0.0,0.0,0.0,7.0
Isaiah Jackson,0.0,0.0,0.0,0.0,0.0,0.0,0.0,0.5378086419753086,19.5,17.9,21.0,0.0,0.0,0.0,0.0,0.0,0.0,0.0,36.0,63.0,59.0,5.0
Quenton Jackson,0.0,0.0,0.0,0.0,0.0,0.0,0.0,0.0,10.8,4.3,12.777777777777779,0.0,0.0,0.0,0.0,0.0,0.0,0.0,0.0,9.0,3.0,18.0
Reggie Jackson,0.3681902513071344,0.39544944720397374,0.4722633136094674,0.557037037037037,0.3124628197501487,0.7013527575442247,0.3138783693472934,0.36693333333333333,17.866666666666667,19.700000000000003,9.448275862068964,77.0,79.0,52.0,45.0,82.0,31.0,67.0,75.0,136.0,82.0,29.0
Andre Jackson Jr.,0.0,0.0,0.0,0.0,0.0,0.0,0.0,0.0,0.0,6.800000000000001,11.644444444444442,0.0,0.0,0.0,0.0,0.0,0.0,0.0,0.0,0.0,57.0,45.0
Jaren Jackson Jr.,0.0,0.0,0.0,0.0,0.46076099881093935,0.5506309633733456,0.0,0.415680473372781,40.7,37.599999999999994,41.34042553191489,0.0,0.0,0.0,0.0,58.0,57.0,0.0,78.0,63.0,66.0,47.0
Trayce Jackson-Davis,0.0,0.0,0.0,0.0,0.0,0.0,0.0,0.0,0.0,21.0,21.58695652173913,0.0,0.0,0.0,0.0,0.0,0.0,0.0,0.0,0.0,68.0,46.0
Bronny James,0.0,0.0,0.0,0.0,0.0,0.0,0.0,0.0,0.0,0.0,1.666666666666667,0.0,0.0,0.0,0.0,0.0,0.0,0.0,0.0,0.0,0.0,15.0
LeBron James,0.6731779038017223,0.6301939058171745,0.712563915266618,0.6912552052349792,0.9573553719008263,0.7883715749610157,1.074567901234568,0.996811224489796,51.3,51.8,49.000000000000014,69.0,76.0,74.0,82.0,55.0,67.0,45.0,56.0,55.0,71.0,44.0
Jaime Jaquez Jr.,0.0,0.0,0.0,0.0,0.0,0.0,0.0,0.0,0.0,23.299999999999997,20.666666666666664,0.0,0.0,0.0,0.0,0.0,0.0,0.0,0.0,0.0,75.0,42.0
DaQuan Jeffries,0.0,0.0,0.0,0.0,0.0,0.0,0.3257023933402705,0.0,0.0,1.5,14.133333333333333,0.0,0.0,0.0,0.0,0.0,0.0,31.0,0.0,0.0,17.0,15.0
Trey Jemison,0.0,0.0,0.0,0.0,0.0,0.0,0.0,0.0,0.0,12.666666666666668,7.4375,0.0,0.0,0.0,0.0,0.0,0.0,0.0,0.0,0.0,50.0,16.0
Daniss Jenkins,0.0,0.0,0.0,0.0,0.0,0.0,0.0,0.0,0.0,0.0,-2.0,0.0,0.0,0.0,0.0,0.0,0.0,0.0,0.0,0.0,0.0,3.0
Ty Jerome,0.0,0.0,0.0,0.0,0.0,0.254942767950052,0.6666666666666665,0.2894965277777778,16.1,4.5,24.695652173913043,0.0,0.0,0.0,0.0,0.0,31.0,33.0,48.0,45.0,2.0,46.0
Isaiah Joe,0.0,0.0,0.0,0.0,0.0,0.0,0.15883402736466387,0.1137190082644628,17.6,16.7,18.372093023255815,0.0,0.0,0.0,0.0,0.0,0.0,41.0,55.0,73.0,78.0,43.0
AJ Johnson,0.0,0.0,0.0,0.0,0.0,0.0,0.0,0.0,0.0,0.0,2.0,0.0,0.0,0.0,0.0,0.0,0.0,0.0,0.0,0.0,0.0,6.0
Cameron Johnson,0.0,0.0,0.0,0.0,0.0,0.3173284087411511,0.3075,0.3654729109274565,28.933333333333337,25.799999999999997,33.65714285714286,0.0,0.0,0.0,0.0,0.0,57.0,60.0,66.0,84.0,58.0,35.0
Jalen Johnson,0.0,0.0,0.0,0.0,0.0,0.0,0.0,0.18595041322314051,14.8,37.2,43.58333333333333,0.0,0.0,0.0,0.0,0.0,0.0,0.0,22.0,70.0,56.0,36.0
James Johnson,0.2830612244897959,0.20498614958448752,0.38088642659279776,0.36029273784950266,0.3150413223140496,0.6591796875,0.358323721645521,0.24791883454734653,7.8,4.2,1.8888888888888888,70.0,57.0,76.0,73.0,55.0,32.0,51.0,62.0,18.0,9.0,9.0
Keldon Johnson,0.0,0.0,0.0,0.0,0.0,0.0,0.3392144507456417,0.38897777777777776,31.3,27.999999999999996,21.558139534883722,0.0,0.0,0.0,0.0,0.0,0.0,69.0,75.0,63.0,69.0,43.0
Keon Johnson,0.0,0.0,0.0,0.0,0.0,0.0,0.0,0.37399561723886043,8.7,9.6,17.319148936170215,0.0,0.0,0.0,0.0,0.0,0.0,0.0,37.0,40.0,5.0,47.0
Keshad Johnson,0.0,0.0,0.0,0.0,0.0,0.0,0.0,0.0,0.0,0.0,5.1,0.0,0.0,0.0,0.0,0.0,0.0,0.0,0.0,0.0,0.0,10.0
Keyontae Johnson,0.0,0.0,0.0,0.0,0.0,0.0,0.0,0.0,0.0,2.1999999999999997,0.0,0.0,0.0,0.0,0.0,0.0,0.0,0.0,0.0,0.0,9.0,0.0
Nikola Jokić,0.0,0.31999999999999995,0.5475699005441922,0.5955555555555556,0.59859375,0.6265715894164008,0.8130787037037037,0.8294375456537617,0.0,0.0,70.34883720930232,0.0,80.0,73.0,75.0,80.0,73.0,72.0,74.0,0.0,0.0,43.0
Colby Jones,0.0,0.0,0.0,0.0,0.0,0.0,0.0,0.0,0.0,5.1,3.782608695652173,0.0,0.0,0.0,0.0,0.0,0.0,0.0,0.0,0.0,30.0,23.0
Dillon Jones,0.0,0.0,0.0,0.0,0.0,0.0,0.0,0.0,0.0,0.0,5.249999999999998,0.0,0.0,0.0,0.0,0.0,0.0,0.0,0.0,0.0,0.0,28.0
Herbert Jones,0.0,0.0,0.0,0.0,0.0,0.0,0.0,0.31804733727810647,25.0,27.5,26.000000000000004,0.0,0.0,0.0,0.0,0.0,0.0,0.0,78.0,66.0,76.0,20.0
Isaac Jones,0.0,0.0,0.0,0.0,0.0,0.0,0.0,0.0,0.0,0.0,6.826086956521738,0.0,0.0,0.0,0.0,0.0,0.0,0.0,0.0,0.0,0.0,23.0
Kai Jones,0.0,0.0,0.0,0.0,0.0,0.0,0.0,0.0929705215419501,10.0,0.0,7.111111111111111,0.0,0.0,0.0,0.0,0.0,0.0,0.0,21.0,46.0,0.0,27.0
Mason Jones,0.0,0.0,0.0,0.0,0.0,0.0,0.255859375,0.0,0.0,3.8000000000000003,6.5,0.0,0.0,0.0,0.0,0.0,0.0,32.0,0.0,0.0,5.0,4.0
Spencer Jones,0.0,0.0,0.0,0.0,0.0,0.0,0.0,0.0,0.0,0.0,1.7999999999999998,0.0,0.0,0.0,0.0,0.0,0.0,0.0,0.0,0.0,0.0,5.0
Tre Jones,0.0,0.0,0.0,0.0,0.0,0.0,0.14317019722425126,0.235454736399916,31.599999999999994,28.2,15.57142857142857,0.0,0.0,0.0,0.0,0.0,0.0,37.0,69.0,68.0,77.0,28.0
Tyus Jones,0.0,0.3287070854638422,0.19694444444444445,0.19408090422367635,0.3155276816608997,0.3086390532544379,0.2587755102040816,0.3096265715894164,25.9,34.099999999999994,28.361702127659576,0.0,37.0,60.0,82.0,68.0,65.0,70.0,73.0,80.0,66.0,47.0
Derrick Jones Jr.,0.0,0.0,0.3505859375,0.3875,0.27166666666666667,0.34731399023269177,0.29607609988109396,0.2722029988465975,12.100000000000001,18.0,21.404255319148938,0.0,0.0,32.0,20.0,60.0,59.0,58.0,51.0,64.0,76.0,47.0
DeAndre Jordan,0.4570196311719215,0.4671951425198178,0.43773814967230606,0.0,0.0,0.0,0.3945829485995691,0.0,14.399999999999999,10.7,11.441176470588236,82.0,77.0,81.0,0.0,0.0,0.0,57.0,0.0,39.0,36.0,34.0
Cory Joseph,0.1925973401698446,0.22390625000000003,0.2440625,0.23810232004759074,0.2540154669839381,0.24305555555555558,0.3182161753590325,0.2942011834319527,16.1,6.700000000000001,5.448275862068965,79.0,80.0,80.0,82.0,82.0,72.0,63.0,65.0,62.0,26.0,29.0
Nikola Jović,0.0,0.0,0.0,0.0,0.0,0.0,0.0,0.0,0.0,0.0,23.105263157894733,0.0,0.0,0.0,0.0,0.0,0.0,0.0,0.0,0.0,0.0,38.0
Johnny Juzang,0.0,0.0,0.0,0.0,0.0,0.0,0.0,0.0,7.700000000000001,12.3,13.875,0.0,0.0,0.0,0.0,0.0,0.0,0.0,0.0,18.0,20.0,32.0
Frank Kaminsky,0.0,0.19478737997256515,0.2876444444444445,0.2355391764140361,0.3205070167496604,0.4648257725180802,0.33001358080579446,0.0,6.633333333333333,0.0,0.0,0.0,81.0,75.0,79.0,47.0,39.0,47.0,0.0,72.0,0.0,0.0
Yuki Kawamura,0.0,0.0,0.0,0.0,0.0,0.0,0.0,0.0,0.0,0.0,2.764705882352941,0.0,0.0,0.0,0.0,0.0,0.0,0.0,0.0,0.0,0.0,17.0
Kylor Kelley,0.0,0.0,0.0,0.0,0.0,0.0,0.0,0.0,0.0,0.0,15.333333333333336,0.0,0.0,0.0,0.0,0.0,0.0,0.0,0.0,0.0,0.0,3.0
Luke Kennard,0.0,0.0,0.0,0.20435353724901478,0.273620559334845,0.9961734693877552,0.2509448223733938,0.31489795918367347,18.433333333333337,22.1,22.75,0.0,0.0,0.0,73.0,63.0,28.0,63.0,70.0,118.0,39.0,36.0
Walker Kessler,0.0,0.0,0.0,0.0,0.0,0.0,0.0,0.0,29.999999999999996,28.200000000000003,35.81081081081081,0.0,0.0,0.0,0.0,0.0,0.0,0.0,0.0,74.0,64.0,37.0
Corey Kispert,0.0,0.0,0.0,0.0,0.0,0.0,0.0,0.20222634508348794,18.799999999999997,22.0,18.837209302325576,0.0,0.0,0.0,0.0,0.0,0.0,0.0,77.0,74.0,80.0,43.0
Maxi Kleber,0.0,0.0,0.0,0.1875,0.26324142035310455,0.29528853177501824,0.38639999999999997,0.329503016374605,15.7,13.899999999999999,9.647058823529411,0.0,0.0,0.0,72.0,71.0,74.0,50.0,59.0,37.0,43.0,34.0
Bobi Klintman,0.0,0.0,0.0,0.0,0.0,0.0,0.0,0.0,0.0,0.0,0.6666666666666666,0.0,0.0,0.0,0.0,0.0,0.0,0.0,0.0,0.0,0.0,3.0
Dalton Knecht,0.0,0.0,0.0,0.0,0.0,0.0,0.0,0.0,0.0,0.0,15.48936170212766,0.0,0.0,0.0,0.0,0.0,0.0,0.0,0.0,0.0,0.0,47.0
Kevin Knox II,0.0,0.0,0.0,0.0,0.0,0.0,0.0,0.0,0.0,0.0,0.0,0.0,0.0,0.0,0.0,0.0,0.0,0.0,0.0,0.0,0.0,0.0
Tyler Kolek,0.0,0.0,0.0,0.0,0.0,0.0,0.0,0.0,0.0,0.0,4.5,0.0,0.0,0.0,0.0,0.0,0.0,0.0,0.0,0.0,0.0,28.0
Christian Koloko,0.0,0.0,0.0,0.0,0.0,0.0,0.0,0.0,11.4,0.0,7.111111111111112,0.0,0.0,0.0,0.0,0.0,0.0,0.0,0.0,58.0,0.0,27.0
John Konchar,0.0,0.0,0.0,0.0,0.0,0.0,0.2931314223904813,0.220679012345679,16.9,18.599999999999998,12.159999999999998,0.0,0.0,0.0,0.0,0.0,0.0,43.0,72.0,72.0,55.0,25.0
Miller Kopp,0.0,0.0,0.0,0.0,0.0,0.0,0.0,0.0,0.0,0.0,0.0,0.0,0.0,0.0,0.0,0.0,0.0,0.0,0.0,0.0,0.0,0.0
Luke Kornet,0.0,0.0,0.0,0.78,0.3705103969754253,0.37268518518518523,0.3642039542143601,0.0,11.7,17.9,18.545454545454547,0.0,0.0,0.0,20.0,46.0,36.0,31.0,0.0,69.0,63.0,44.0
Vít Krejčí,0.0,0.0,0.0,0.0,0.0,0.0,0.0,0.0,0.0,0.0,17.23529411764706,0.0,0.0,0.0,0.0,0.0,0.0,0.0,0.0,0.0,0.0,34.0
Jonathan Kuminga,0.0,0.0,0.0,0.0,0.0,0.0,0.0,0.22040816326530616,19.1,27.400000000000002,27.09375,0.0,0.0,0.0,0.0,0.0,0.0,0.0,70.0,67.0,74.0,32.0
Kyle Kuzma,0.0,0.0,0.0,0.34643278799122956,0.4120408163265306,0.32464391292663264,0.3553200692041522,0.502754820936639,33.9,36.699999999999996,22.451612903225804,0.0,0.0,0.0,77.0,70.0,61.0,68.0,66.0,64.0,70.0,31.0
Jake LaRavia,0.0,0.0,0.0,0.0,0.0,0.0,0.0,0.0,6.7,18.800000000000004,20.044444444444444,0.0,0.0,0.0,0.0,0.0,0.0,0.0,0.0,35.0,35.0,45.0
Zach LaVine,0.22567043346264123,0.2828673408685306,0.6337709370756,1.0486111111111112,0.5663895187704713,0.66,0.7431629013079666,0.5651592782356873,38.2,33.1,39.42857142857143,77.0,82.0,47.0,24.0,63.0,60.0,58.0,67.0,77.0,25.0,42.0
Skal Labissiere,0.0,0.0,0.0,0.0,0.0,0.0,0.0,0.0,0.0,0.0,0.0,0.0,0.0,0.0,0.0,0.0,0.0,0.0,0.0,0.0,0.0,0.0
Jock Landale,0.0,0.0,0.0,0.0,0.0,0.0,0.0,0.1875857338820302,13.5,13.200000000000001,8.375,0.0,0.0,0.0,0.0,0.0,0.0,0.0,54.0,69.0,56.0,24.0
Pelle Larsson,0.0,0.0,0.0,0.0,0.0,0.0,0.0,0.0,0.0,0.0,8.387096774193548,0.0,0.0,0.0,0.0,0.0,0.0,0.0,0.0,0.0,0.0,31.0
Caris LeVert,0.0,0.0,0.30193905817174516,0.34953382265423527,0.6481250000000001,0.6706172839506174,0.8085106382978724,0.5098097502972652,25.4,30.3,24.833333333333336,0.0,0.0,57.0,71.0,40.0,45.0,47.0,58.0,74.0,68.0,36.0
Damion Lee,0.0,0.0,0.0,0.0,0.2802734375,0.4997917534360683,0.2702369959987688,0.2290249433106576,14.3,0.0,4.916666666666666,0.0,0.0,0.0,0.0,32.0,49.0,57.0,63.0,74.0,0.0,12.0
Alex Len,0.2799831968073935,0.2368507560815253,0.25181312194299205,0.30308758664146185,0.2749198853094957,0.34611570247933876,0.2529296875,0.36028928336620647,6.0,9.600000000000001,7.314285714285713,69.0,78.0,77.0,69.0,77.0,55.0,64.0,39.0,26.0,48.0,35.0
Kawhi Leonard,0.589111328125,0.5927854938271605,0.6071950328707085,0.0,0.7644444444444445,0.8491843644198215,0.9075443786982249,0.0,44.0,45.89999999999999,27.63636363636364,64.0,72.0,74.0,0.0,60.0,57.0,52.0,0.0,52.0,68.0,11.0
Malevy Leons,0.0,0.0,0.0,0.0,0.0,0.0,0.0,0.0,0.0,0.0,0.16666666666666669,0.0,0.0,0.0,0.0,0.0,0.0,0.0,0.0,0.0,0.0,6.0
Maxwell Lewis,0.0,0.0,0.0,0.0,0.0,0.0,0.0,0.0,0.0,0.20000000000000012,1.1428571428571426,0.0,0.0,0.0,0.0,0.0,0.0,0.0,0.0,0.0,34.0,7.0
Kira Lewis Jr.,0.0,0.0,0.0,0.0,0.0,0.0,0.25411522633744854,0.44618055555555547,9.100000000000001,5.074999999999999,0.0,0.0,0.0,0.0,0.0,0.0,0.0,54.0,24.0,25.0,56.0,0.0
E.J. Liddell,0.0,0.0,0.0,0.0,0.0,0.0,0.0,0.0,0.0,2.4999999999999996,5.833333333333334,0.0,0.0,0.0,0.0,0.0,0.0,0.0,0.0,0.0,8.0,6.0
Damian Lillard,0.4613325401546698,0.5393777777777778,0.5726222222222223,0.6121223494088948,0.5664062499999999,0.7835169880624427,0.7219870795277346,1.3638525564803805,51.7,42.10000000000001,45.15,82.0,75.0,75.0,73.0,80.0,66.0,67.0,29.0,58.0,73.0,40.0
Nassir Little,0.0,0.0,0.0,0.0,0.0,0.1644965277777778,0.19010416666666666,0.5209750566893425,13.0,7.3999999999999995,0.0,0.0,0.0,0.0,0.0,0.0,48.0,48.0,42.0,54.0,45.0,0.0
Dereck Lively II,0.0,0.0,0.0,0.0,0.0,0.0,0.0,0.0,0.0,26.299999999999997,30.09375,0.0,0.0,0.0,0.0,0.0,0.0,0.0,0.0,0.0,55.0,32.0
Chris Livingston,0.0,0.0,0.0,0.0,0.0,0.0,0.0,0.0,0.0,2.5,2.0,0.0,0.0,0.0,0.0,0.0,0.0,0.0,0.0,0.0,21.0,10.0
Kenneth Lofton Jr.,0.0,0.0,0.0,0.0,0.0,0.0,0.0,0.0,8.9,11.600000000000001,0.0,0.0,0.0,0.0,0.0,0.0,0.0,0.0,0.0,24.0,42.0,0.0
Kevon Looney,0.0,0.0,0.14417942328230687,0.19765840220385678,0.23515625,0.49749999999999994,0.2459016393442623,0.2517846519928614,25.599999999999998,15.999999999999998,18.57142857142857,0.0,0.0,53.0,66.0,80.0,20.0,61.0,82.0,82.0,74.0,42.0
Brook Lopez,0.44637345679012347,0.5042221805216739,0.4581333333333333,0.33473338203067937,0.37296143880506016,0.4344723183391004,0.3728571428571429,0.0,36.3,31.7,30.212765957446813,72.0,73.0,75.0,74.0,81.0,68.0,70.0,0.0,78.0,79.0,47.0
Kevin Love,0.42062222222222223,0.40866925282509703,0.5755555555555556,0.5524274633725941,1.3347107438016526,0.5927933673469388,0.984,0.34532505478451425,17.966666666666665,19.6,13.38888888888889,75.0,77.0,60.0,59.0,22.0,56.0,25.0,74.0,124.0,55.0,18.0
Kyle Lowry,0.5202040816326531,0.548153145555743,0.7241666666666666,0.47452333990795537,0.5876923076923076,0.6956004756242569,0.8189981096408319,0.5333837238599143,27.2,23.066666666666666,15.73333333333333,70.0,77.0,60.0,78.0,65.0,58.0,46.0,63.0,55.0,120.0,30.0
Seth Lundy,0.0,0.0,0.0,0.0,0.0,0.0,0.0,0.0,0.0,1.3000000000000003,0.0,0.0,0.0,0.0,0.0,0.0,0.0,0.0,0.0,0.0,9.0,0.0
Trey Lyles,0.0,0.14390625,0.15691331085102161,0.26609119909926826,0.238525390625,0.26832955404383974,0.4669187145557656,0.25244444444444447,15.299999999999997,15.5,15.89473684210526,0.0,80.0,71.0,73.0,64.0,63.0,23.0,75.0,74.0,58.0,38.0
Thon Maker,0.0,0.0,0.15143120960295472,0.16362308254200147,0.197265625,0.18833333333333335,0.0,0.0,0.0,0.0,0.0,0.0,0.0,57.0,74.0,64.0,60.0,0.0,0.0,0.0,0.0,0.0
Sandro Mamukelashvili,0.0,0.0,0.0,0.0,0.0,0.0,0.0,0.20166567519333728,14.166666666666668,10.7,9.966666666666665,0.0,0.0,0.0,0.0,0.0,0.0,0.0,41.0,86.0,46.0,30.0
Terance Mann,0.0,0.0,0.0,0.0,0.0,0.1671624033313504,0.23123190020049006,0.2848651120256058,18.9,18.300000000000004,15.194444444444445,0.0,0.0,0.0,0.0,0.0,41.0,67.0,81.0,81.0,75.0,36.0
Tre Mann,0.0,0.0,0.0,0.0,0.0,0.0,0.0,0.28527777777777774,14.3,20.5,22.615384615384617,0.0,0.0,0.0,0.0,0.0,0.0,0.0,60.0,67.0,82.0,13.0
Lauri Markkanen,0.0,0.0,0.0,0.40095155709342567,0.6242603550295858,0.5156,0.45943867743175704,0.43993550120935226,41.39999999999999,40.3,30.94444444444444,0.0,0.0,0.0,68.0,52.0,50.0,51.0,61.0,66.0,55.0,36.0
Naji Marshall,0.0,0.0,0.0,0.0,0.0,0.0,0.5859375,0.1990082644628099,18.1,16.3,21.189189189189186,0.0,0.0,0.0,0.0,0.0,0.0,32.0,55.0,77.0,66.0,37.0
Caleb Martin,0.0,0.0,0.0,0.0,0.0,0.0,0.21822712709149164,0.33472222222222225,21.4,21.1,21.29032258064516,0.0,0.0,0.0,0.0,0.0,0.0,53.0,60.0,71.0,64.0,31.0
Cody Martin,0.0,0.0,0.0,0.0,0.0,0.2847222222222222,0.23372781065088755,0.3092640349137076,12.700000000000001,21.0,21.564102564102566,0.0,0.0,0.0,0.0,0.0,48.0,52.0,71.0,7.0,28.0,39.0
Jaylen Martin,0.0,0.0,0.0,0.0,0.0,0.0,0.0,0.0,0.0,0.0,1.3333333333333333,0.0,0.0,0.0,0.0,0.0,0.0,0.0,0.0,0.0,0.0,3.0
KJ Martin,0.0,0.0,0.0,0.0,0.0,0.0,0.0,0.0,0.0,9.466666666666669,15.583333333333332,0.0,0.0,0.0,0.0,0.0,0.0,0.0,0.0,0.0,120.0,24.0
Tyrese Martin,0.0,0.0,0.0,0.0,0.0,0.0,0.0,0.0,2.4000000000000004,0.0,15.161290322580644,0.0,0.0,0.0,0.0,0.0,0.0,0.0,0.0,16.0,0.0,31.0
Garrison Mathews,0.0,0.0,0.0,0.0,0.0,0.0,0.156005859375,0.28852071005917157,8.299999999999999,9.500000000000002,15.274999999999999,0.0,0.0,0.0,0.0,0.0,0.0,64.0,65.0,108.0,66.0,40.0
Bennedict Mathurin,0.0,0.0,0.0,0.0,0.0,0.0,0.0,0.0,21.9,22.0,26.133333333333333,0.0,0.0,0.0,0.0,0.0,0.0,0.0,0.0,78.0,59.0,45.0
Karlo Matković,0.0,0.0,0.0,0.0,0.0,0.0,0.0,0.0,0.0,0.0,8.0,0.0,0.0,0.0,0.0,0.0,0.0,0.0,0.0,0.0,0.0,11.0
Tyrese Maxey,0.0,0.0,0.0,0.0,0.0,0.0,0.24052674012362268,0.4328888888888889,32.7,44.8,47.512195121951216,0.0,0.0,0.0,0.0,0.0,0.0,61.0,75.0,60.0,70.0,41.0
Skylar Mays,0.0,0.0,0.0,0.0,0.0,0.0,0.24426078971533516,0.19642857142857145,38.400000000000006,10.433333333333334,0.0,0.0,0.0,0.0,0.0,0.0,0.0,33.0,28.0,6.0,76.0,0.0
Miles McBride,0.0,0.0,0.0,0.0,0.0,0.0,0.0,0.145,7.800000000000001,16.4,20.358974358974358,0.0,0.0,0.0,0.0,0.0,0.0,0.0,40.0,64.0,68.0,39.0
Jared McCain,0.0,0.0,0.0,0.0,0.0,0.0,0.0,0.0,0.0,0.0,23.304347826086957,0.0,0.0,0.0,0.0,0.0,0.0,0.0,0.0,0.0,0.0,23.0
Mac McClung,0.0,0.0,0.0,0.0,0.0,0.0,0.0,0.0,23.5,0.0,5.0,0.0,0.0,0.0,0.0,0.0,0.0,0.0,0.0,2.0,0.0,1.0
CJ McCollum,0.1917273673257024,0.4225,0.4546874999999999,0.4145709495503734,0.47285714285714286,0.5342857142857143,0.8682661837935719,0.6292924037460979,37.2,37.9,35.19444444444444,62.0,80.0,80.0,81.0,70.0,70.0,47.0,62.0,75.0,66.0,36.0
T.J. McConnell,0.0,0.2446273433927755,0.31809175430574604,0.26385041551246535,0.24272853185595572,0.28605435429478276,0.45284604074774204,0.9286694101508917,24.299999999999997,26.2,24.73913043478261,0.0,81.0,81.0,76.0,76.0,71.0,69.0,27.0,75.0,71.0,46.0
Javante McCoy,0.0,0.0,0.0,0.0,0.0,0.0,0.0,0.0,0.0,0.0,0.0,0.0,0.0,0.0,0.0,0.0,0.0,0.0,0.0,0.0,0.0,0.0
Kevin McCullar Jr.,0.0,0.0,0.0,0.0,0.0,0.0,0.0,0.0,0.0,0.0,0.0,0.0,0.0,0.0,0.0,0.0,0.0,0.0,0.0,0.0,0.0,0.0
Jaden McDaniels,0.0,0.0,0.0,0.0,0.0,0.0,0.2776518014613253,0.2844897959183673,25.799999999999997,20.8,26.857142857142854,0.0,0.0,0.0,0.0,0.0,0.0,63.0,70.0,79.0,72.0,49.0
Jalen McDaniels,0.0,0.0,0.0,0.0,0.0,0.0,0.32458125848800357,0.25123966942148757,19.26666666666667,6.0,0.0,0.0,0.0,0.0,0.0,0.0,0.0,47.0,55.0,160.0,50.0,0.0
Bryce McGowens,0.0,0.0,0.0,0.0,0.0,0.0,0.0,0.0,8.7,9.8,1.75,0.0,0.0,0.0,0.0,0.0,0.0,0.0,0.0,46.0,59.0,8.0
Jordan McLaughlin,0.0,0.0,0.0,0.0,0.0,0.7000000000000001,0.330642060745867,0.22684703433922998,13.399999999999999,11.700000000000001,4.892857142857142,0.0,0.0,0.0,0.0,0.0,30.0,51.0,62.0,43.0,56.0,28.0
Jack McVeigh,0.0,0.0,0.0,0.0,0.0,0.0,0.0,0.0,0.0,0.0,2.166666666666666,0.0,0.0,0.0,0.0,0.0,0.0,0.0,0.0,0.0,0.0,6.0
De'Anthony Melton,0.0,0.0,0.0,0.0,0.3528,0.3272222222222222,0.4278846153846153,0.3435916682304372,25.700000000000003,26.299999999999997,22.0,0.0,0.0,0.0,0.0,50.0,60.0,52.0,73.0,77.0,38.0,6.0
Nathan Mensah,0.0,0.0,0.0,0.0,0.0,0.0,0.0,0.0,0.0,6.5,0.0,0.0,0.0,0.0,0.0,0.0,0.0,0.0,0.0,0.0,25.0,0.0
Sam Merrill,0.0,0.0,0.0,0.0,0.0,0.0,0.2111111111111111,0.0,12.2,15.6,14.756097560975611,0.0,0.0,0.0,0.0,0.0,0.0,30.0,0.0,5.0,61.0,41.0
Vasilije Micić,0.0,0.0,0.0,0.0,0.0,0.0,0.0,0.0,0.0,0.0,12.97142857142857,0.0,0.0,0.0,0.0,0.0,0.0,0.0,0.0,0.0,0.0,35.0
Khris Middleton,0.3368049991988463,0.4194840570421407,0.9631391200951248,0.43619869125520516,0.42688480350818014,0.5978147762747139,0.5583910034602076,0.5523415977961431,28.0,31.800000000000004,27.217391304347824,79.0,79.0,29.0,82.0,77.0,62.0,68.0,66.0,33.0,55.0,23.0
Brandon Miller,0.0,0.0,0.0,0.0,0.0,0.0,0.0,0.0,0.0,29.1,34.70370370370371,0.0,0.0,0.0,0.0,0.0,0.0,0.0,0.0,0.0,74.0,27.0
Emanuel Miller,0.0,0.0,0.0,0.0,0.0,0.0,0.0,0.0,0.0,0.0,0.0,0.0,0.0,0.0,0.0,0.0,0.0,0.0,0.0,0.0,0.0,0.0
Jordan Miller,0.0,0.0,0.0,0.0,0.0,0.0,0.0,0.0,0.0,2.2,9.482758620689653,0.0,0.0,0.0,0.0,0.0,0.0,0.0,0.0,0.0,8.0,29.0
Leonard Miller,0.0,0.0,0.0,0.0,0.0,0.0,0.0,0.0,0.0,5.0,2.2,0.0,0.0,0.0,0.0,0.0,0.0,0.0,0.0,0.0,17.0,5.0
Patty Mills,0.2402921953094964,0.21764974851394603,0.24812499999999998,0.22337894110648424,0.23468173706127304,0.29752066115702475,0.27487024221453293,0.25011431184270694,10.7,8.600000000000001,9.294117647058822,51.0,81.0,80.0,82.0,82.0,66.0,68.0,81.0,40.0,64.0,17.0
Shake Milton,0.0,0.0,0.0,0.0,0.5075000000000001,0.45125000000000004,0.33938019652305373,0.3094214876033058,17.200000000000003,9.475,15.222222222222225,0.0,0.0,0.0,0.0,20.0,40.0,63.0,55.0,76.0,96.0,27.0
Justin Minaya,0.0,0.0,0.0,0.0,0.0,0.0,0.0,0.0,13.600000000000001,5.6,1.6666666666666665,0.0,0.0,0.0,0.0,0.0,0.0,0.0,0.0,4.0,34.0,6.0
Riley Minix,0.0,0.0,0.0,0.0,0.0,0.0,0.0,0.0,0.0,0.0,1.0,0.0,0.0,0.0,0.0,0.0,0.0,0.0,0.0,0.0,0.0,1.0
Josh Minott,0.0,0.0,0.0,0.0,0.0,0.0,0.0,0.0,7.899999999999999,4.1,7.1,0.0,0.0,0.0,0.0,0.0,0.0,0.0,0.0,15.0,32.0,30.0
Judah Mintz,0.0,0.0,0.0,0.0,0.0,0.0,0.0,0.0,0.0,0.0,0.0,0.0,0.0,0.0,0.0,0.0,0.0,0.0,0.0,0.0,0.0,0.0
Yves Missi,0.0,0.0,0.0,0.0,0.0,0.0,0.0,0.0,0.0,0.0,25.065217391304344,0.0,0.0,0.0,0.0,0.0,0.0,0.0,0.0,0.0,0.0,46.0
Ajay Mitchell,0.0,0.0,0.0,0.0,0.0,0.0,0.0,0.0,0.0,0.0,13.823529411764707,0.0,0.0,0.0,0.0,0.0,0.0,0.0,0.0,0.0,0.0,34.0
Davion Mitchell,0.0,0.0,0.0,0.0,0.0,0.0,0.0,0.2976,13.4,10.1,17.279069767441857,0.0,0.0,0.0,0.0,0.0,0.0,0.0,75.0,80.0,72.0,43.0
Donovan Mitchell,0.0,0.0,0.0,0.4167601345938151,0.47292966773486256,0.5263600084015962,0.7682449270202918,0.6279795054577858,46.1,48.4,41.148936170212764,0.0,0.0,0.0,79.0,77.0,69.0,53.0,67.0,68.0,55.0,47.0
Evan Mobley,0.0,0.0,0.0,0.0,0.0,0.0,0.0,0.4877126654064272,36.7,38.400000000000006,40.65116279069767,0.0,0.0,0.0,0.0,0.0,0.0,0.0,69.0,79.0,50.0,43.0
Isaiah Mobley,0.0,0.0,0.0,0.0,0.0,0.0,0.0,0.0,5.899999999999999,4.699999999999999,0.0,0.0,0.0,0.0,0.0,0.0,0.0,0.0,0.0,13.0,10.0,0.0
Jonathan Mogbo,0.0,0.0,0.0,0.0,0.0,0.0,0.0,0.0,0.0,0.0,14.833333333333332,0.0,0.0,0.0,0.0,0.0,0.0,0.0,0.0,0.0,0.0,36.0
Malik Monk,0.0,0.0,0.0,0.16250944822373392,0.19534621880277725,0.3090909090909091,0.4342403628117914,0.3395083102493074,24.2,29.0,36.175,0.0,0.0,0.0,63.0,73.0,55.0,42.0,76.0,77.0,72.0,40.0
Moses Moody,0.0,0.0,0.0,0.0,0.0,0.0,0.0,0.14977810650887574,9.1,15.7,15.365853658536587,0.0,0.0,0.0,0.0,0.0,0.0,0.0,52.0,63.0,66.0,41.0
Tazé Moore,0.0,0.0,0.0,0.0,0.0,0.0,0.0,0.0,0.0,0.0,7.0,0.0,0.0,0.0,0.0,0.0,0.0,0.0,0.0,0.0,0.0,2.0
Wendell Moore Jr.,0.0,0.0,0.0,0.0,0.0,0.0,0.0,0.0,4.3,2.0999999999999996,9.299999999999999,0.0,0.0,0.0,0.0,0.0,0.0,0.0,0.0,29.0,25.0,20.0
Ja Morant,0.0,0.0,0.0,0.0,0.0,0.4989975495656049,0.5379188712522046,0.7968605724838411,45.3,45.7,36.60714285714286,0.0,0.0,0.0,0.0,0.0,67.0,63.0,57.0,61.0,9.0,28.0
Markieff Morris,0.34116597263533616,0.332763671875,0.34712603878116344,0.3156314505535748,0.31658739595719376,0.2939952437574317,0.22950819672131148,0.0,8.166666666666668,5.199999999999999,3.1428571428571423,82.0,64.0,76.0,73.0,58.0,58.0,61.0,0.0,70.0,26.0,7.0
Monté Morris,0.0,0.0,0.0,0.0,0.0,0.0,0.0,0.0,0.0,0.0,10.578947368421053,0.0,0.0,0.0,0.0,0.0,0.0,0.0,0.0,0.0,0.0,38.0
Trey Murphy III,0.0,0.0,0.0,0.0,0.0,0.0,0.0,0.16935483870967744,27.800000000000004,29.8,39.484848484848484,0.0,0.0,0.0,0.0,0.0,0.0,0.0,62.0,79.0,57.0,33.0
Dejounte Murray,0.0,0.0,0.16066481994459833,0.2615454961133974,0.0,0.4306703397612488,0.5326353308086433,0.7545415224913494,40.9,42.5,39.03225806451613,0.0,0.0,38.0,81.0,0.0,66.0,67.0,68.0,74.0,78.0,31.0
Jamal Murray,0.0,0.0,0.2082093991671624,0.35329980185947263,0.43395555555555554,0.5713875323182993,0.7981770833333333,0.0,37.5,42.3,40.41860465116279,0.0,0.0,82.0,81.0,75.0,59.0,48.0,0.0,65.0,59.0,43.0
Keegan Murray,0.0,0.0,0.0,0.0,0.0,0.0,0.0,0.0,24.200000000000003,30.700000000000003,27.04444444444444,0.0,0.0,0.0,0.0,0.0,0.0,0.0,0.0,80.0,77.0,45.0
Kris Murray,0.0,0.0,0.0,0.0,0.0,0.0,0.0,0.0,0.0,14.499999999999998,9.121951219512194,0.0,0.0,0.0,0.0,0.0,0.0,0.0,0.0,0.0,62.0,41.0
Svi Mykhailiuk,0.0,0.0,0.0,0.0,0.13265306122448978,0.28922193877551017,0.23438934802571165,0.1521045918367347,11.866666666666667,8.0,16.833333333333336,0.0,0.0,0.0,0.0,42.0,56.0,66.0,56.0,64.0,41.0,18.0
Pete Nance,0.0,0.0,0.0,0.0,0.0,0.0,0.0,0.0,0.0,0.2,4.7142857142857135,0.0,0.0,0.0,0.0,0.0,0.0,0.0,0.0,0.0,8.0,7.0
Larry Nance Jr.,0.0,0.24615772234819855,0.3502141597379692,0.37052341597796135,0.4426375584762754,0.46875,0.8032653061224491,0.4376181474480151,21.5,18.9,21.842105263157897,0.0,63.0,63.0,66.0,67.0,56.0,35.0,46.0,65.0,61.0,19.0
Andrew Nembhard,0.0,0.0,0.0,0.0,0.0,0.0,0.0,0.0,22.299999999999997,21.2,26.064516129032256,0.0,0.0,0.0,0.0,0.0,0.0,0.0,0.0,75.0,68.0,31.0
Aaron Nesmith,0.0,0.0,0.0,0.0,0.0,0.0,0.21408317580340266,0.1312869822485207,19.9,25.099999999999998,15.58333333333333,0.0,0.0,0.0,0.0,0.0,0.0,46.0,52.0,73.0,72.0,12.0
Tristen Newton,0.0,0.0,0.0,0.0,0.0,0.0,0.0,0.0,0.0,0.0,-0.19999999999999984,0.0,0.0,0.0,0.0,0.0,0.0,0.0,0.0,0.0,0.0,5.0
Georges Niang,0.0,0.0,0.06238185255198487,0.0,0.12640045963803503,0.1572543617998163,0.1728395061728395,0.2145083102493075,14.7,16.8,16.6734693877551,0.0,0.0,23.0,0.0,59.0,66.0,72.0,76.0,78.0,82.0,49.0
Daishen Nix,0.0,0.0,0.0,0.0,0.0,0.0,0.0,0.3090277777777778,8.8,3.2,0.3333333333333333,0.0,0.0,0.0,0.0,0.0,0.0,0.0,24.0,57.0,15.0,3.0
Zeke Nnaji,0.0,0.0,0.0,0.0,0.0,0.0,0.15419501133786845,0.32123735871505055,10.4,9.1,3.1785714285714284,0.0,0.0,0.0,0.0,0.0,0.0,42.0,41.0,53.0,58.0,28.0
Jaylen Nowell,0.0,0.0,0.0,0.0,0.0,0.0,0.37811791383219956,0.2622268470343392,17.9,11.833333333333332,13.75,0.0,0.0,0.0,0.0,0.0,0.0,42.0,62.0,65.0,26.0,8.0
Markquis Nowell,0.0,0.0,0.0,0.0,0.0,0.0,0.0,0.0,0.0,11.0,0.0,0.0,0.0,0.0,0.0,0.0,0.0,0.0,0.0,0.0,1.0,0.0
Jusuf Nurkić,0.2931841831425598,0.587890625,0.3557396449704142,0.3794263739785291,0.507908950617284,0.0,0.8371073776479183,0.588966836734694,0.0,0.0,22.520000000000003,62.0,32.0,65.0,79.0,72.0,0.0,37.0,56.0,0.0,0.0,25.0
Royce O'Neale,0.0,0.0,0.0,0.17853392144507457,0.17430101130279596,0.2918071811148582,0.3152152350724063,0.2874009107775341,24.400000000000002,22.23333333333333,22.904761904761905,0.0,0.0,0.0,69.0,82.0,71.0,71.0,77.0,76.0,158.0,42.0
Chuma Okeke,0.0,0.0,0.0,0.0,0.0,0.0,0.4548148148148148,0.32551020408163267,13.8,5.3,0.0,0.0,0.0,0.0,0.0,0.0,0.0,45.0,70.0,27.0,47.0,0.0
Josh Okogie,0.0,0.0,0.0,0.0,0.22425127830533237,0.29786680541103017,0.22809537489227236,0.14035818408996253,16.099999999999998,12.5,13.84,0.0,0.0,0.0,0.0,74.0,62.0,59.0,49.0,72.0,60.0,25.0
Onyeka Okongwu,0.0,0.0,0.0,0.0,0.0,0.0,0.246,0.0,26.4,26.0,29.023809523809522,0.0,0.0,0.0,0.0,0.0,0.0,50.0,0.0,80.0,55.0,42.0
Isaac Okoro,0.0,0.0,0.0,0.0,0.0,0.0,0.2695477834707062,0.2737803519714858,14.600000000000001,20.1,14.785714285714285,0.0,0.0,0.0,0.0,0.0,0.0,67.0,67.0,76.0,69.0,28.0
Quincy Olivari,0.0,0.0,0.0,0.0,0.0,0.0,0.0,0.0,0.0,0.0,0.5,0.0,0.0,0.0,0.0,0.0,0.0,0.0,0.0,0.0,0.0,2.0
Kelly Olynyk,0.338134765625,0.28838479311069104,0.2627555555555556,0.3242728531855956,0.2582919403941676,0.28224548897304524,0.43775510204081636,0.5237499999999999,27.6,27.03333333333333,16.454545454545453,64.0,69.0,75.0,76.0,79.0,67.0,70.0,40.0,68.0,156.0,22.0
Eugene Omoruyi,0.0,0.0,0.0,0.0,0.0,0.0,0.0,0.0,12.233333333333334,10.0,0.0,0.0,0.0,0.0,0.0,0.0,0.0,0.0,0.0,80.0,43.0,0.0
Miye Oni,0.0,0.0,0.0,0.0,0.0,0.0,0.09910836762688614,0.0,0.0,0.0,0.0,0.0,0.0,0.0,0.0,0.0,0.0,54.0,0.0,0.0,0.0,0.0
Kelly Oubre Jr.,0.0,0.1055681531872008,0.16279442397051758,0.26245999085505256,0.3921445074564167,0.5832270408163265,0.5051239669421488,0.33258310249307477,31.3,27.200000000000003,29.22222222222222,0.0,63.0,79.0,81.0,69.0,56.0,55.0,76.0,48.0,68.0,45.0
Anžejs Pasečņiks,0.0,0.0,0.0,0.0,0.0,0.4348422496570644,0.0,0.0,0.0,0.0,0.0,0.0,0.0,0.0,0.0,0.0,27.0,0.0,0.0,0.0,0.0,0.0
Chris Paul,0.5938429506246283,0.6406135865595326,0.7543671056167698,0.7592152199762189,0.6908442330558859,0.5626530612244898,0.602857142857143,0.6918343195266272,39.800000000000004,29.499999999999996,33.54347826086957,82.0,74.0,61.0,58.0,58.0,70.0,70.0,65.0,59.0,58.0,46.0
Cameron Payne,0.0,0.198522622345337,0.30280957336108216,0.9183999999999999,0.36125000000000007,0.0,0.3402777777777778,0.39744351961950053,21.200000000000003,15.933333333333334,16.23255813953488,0.0,57.0,31.0,25.0,40.0,0.0,60.0,58.0,48.0,156.0,43.0
Gary Payton II,0.0,0.0,0.0,0.3156899810964083,0.0,0.4732461355529133,0.0,0.27157310057528267,15.833333333333332,15.0,13.621621621621621,0.0,0.0,0.0,23.0,0.0,29.0,0.0,71.0,44.0,44.0,37.0
Mãozinha Pereira,0.0,0.0,0.0,0.0,0.0,0.0,0.0,0.0,0.0,0.0,0.0,0.0,0.0,0.0,0.0,0.0,0.0,0.0,0.0,0.0,0.0,0.0
Drew Peterson,0.0,0.0,0.0,0.0,0.0,0.0,0.0,0.0,0.0,8.4,6.692307692307692,0.0,0.0,0.0,0.0,0.0,0.0,0.0,0.0,0.0,3.0,13.0
Julian Phillips,0.0,0.0,0.0,0.0,0.0,0.0,0.0,0.0,0.0,4.5,8.791666666666668,0.0,0.0,0.0,0.0,0.0,0.0,0.0,0.0,0.0,40.0,48.0
Jalen Pickett,0.0,0.0,0.0,0.0,0.0,0.0,0.0,0.0,0.0,3.6999999999999997,6.999999999999999,0.0,0.0,0.0,0.0,0.0,0.0,0.0,0.0,0.0,27.0,19.0
Scotty Pippen Jr.,0.0,0.0,0.0,0.0,0.0,0.0,0.0,0.0,3.9,29.6,24.591836734693878,0.0,0.0,0.0,0.0,0.0,0.0,0.0,0.0,6.0,21.0,49.0
Daeqwon Plowden,0.0,0.0,0.0,0.0,0.0,0.0,0.0,0.0,0.0,0.0,19.5,0.0,0.0,0.0,0.0,0.0,0.0,0.0,0.0,0.0,0.0,2.0
Mason Plumlee,0.2361689470553242,0.30190362879238547,0.3520804755372656,0.27373995617238855,0.2914931588340274,0.31604407417360925,0.5411352040816326,0.3250140739350722,26.766666666666666,13.799999999999997,17.021276595744677,82.0,82.0,81.0,74.0,82.0,61.0,56.0,73.0,158.0,46.0,47.0
Brandin Podziemski,0.0,0.0,0.0,0.0,0.0,0.0,0.0,0.0,0.0,24.1,22.42857142857143,0.0,0.0,0.0,0.0,0.0,0.0,0.0,0.0,0.0,74.0,35.0
Jordan Poole,0.0,0.0,0.0,0.0,0.0,0.2471529701446599,0.36870434448289113,0.4002770083102493,30.0,29.2,34.85365853658537,0.0,0.0,0.0,0.0,0.0,57.0,51.0,76.0,82.0,78.0,41.0
Craig Porter Jr.,0.0,0.0,0.0,0.0,0.0,0.0,0.0,0.0,0.0,13.299999999999997,7.1724137931034475,0.0,0.0,0.0,0.0,0.0,0.0,0.0,0.0,0.0,51.0,29.0
Kevin Porter Jr.,0.0,0.0,0.0,0.0,0.0,0.3632000000000001,1.1153846153846154,0.5095404461166353,35.89999999999999,0.0,19.068181818181813,0.0,0.0,0.0,0.0,0.0,50.0,26.0,61.0,59.0,0.0,44.0
Michael Porter Jr.,0.0,0.0,0.0,0.0,0.0,0.340495867768595,0.5858640150497179,0.0,29.3,31.2,32.57142857142857,0.0,0.0,0.0,0.0,0.0,55.0,61.0,0.0,62.0,81.0,49.0
Bobby Portis,0.0,0.23178980228928198,0.205078125,0.3360855695252392,0.5256,0.2851239669421487,0.3776400367309458,0.4214891975308642,27.6,27.5,27.804878048780488,0.0,62.0,64.0,73.0,50.0,66.0,66.0,72.0,70.0,82.0,41.0
Kristaps Porziņģis,0.0,0.4147376543209877,0.5261707988980716,0.8072916666666667,0.0,0.7069867651585104,0.8848025959978367,0.7604767397154941,0.0,0.0,39.2,0.0,72.0,66.0,48.0,0.0,57.0,43.0,51.0,0.0,0.0,25.0
Quinten Post,0.0,0.0,0.0,0.0,0.0,0.0,0.0,0.0,0.0,0.0,13.5,0.0,0.0,0.0,0.0,0.0,0.0,0.0,0.0,0.0,0.0,10.0
Micah Potter,0.0,0.0,0.0,0.0,0.0,0.0,0.0,0.0,8.0,9.400000000000002,11.31578947368421,0.0,0.0,0.0,0.0,0.0,0.0,0.0,0.0,7.0,16.0,19.0
Dwight Powell,0.22116527942925088,0.1850451585801302,0.210828132906055,0.2613363243070021,0.2980266486759993,0.568125,0.27051129607609986,0.23720999405116,15.399999999999999,11.2,7.545454545454545,29.0,69.0,77.0,79.0,77.0,40.0,58.0,82.0,76.0,63.0,33.0
Norman Powell,0.0,0.23365264473136194,0.1842105263157895,0.1497959183673469,0.26555555555555554,0.536612426035503,0.42260029405587074,0.6513580246913582,25.199999999999996,22.0,36.725,0.0,49.0,76.0,70.0,60.0,52.0,69.0,45.0,60.0,76.0,40.0
Jason Preston,0.0,0.0,0.0,0.0,0.0,0.0,0.0,0.0,7.300000000000001,8.8,0.0,0.0,0.0,0.0,0.0,0.0,0.0,0.0,0.0,14.0,7.0,0.0
Taurean Prince,0.0,0.0,0.20568802068371156,0.3129089827483641,0.42876033057851237,0.343017578125,0.4634146341463415,0.21340054610375975,16.099999999999998,18.0,18.404255319148938,0.0,0.0,59.0,82.0,55.0,64.0,41.0,69.0,54.0,78.0,47.0
Payton Pritchard,0.0,0.0,0.0,0.0,0.0,0.0,0.23714416896235077,0.18726443166038487,9.9,21.799999999999997,28.816326530612244,0.0,0.0,0.0,0.0,0.0,0.0,66.0,71.0,48.0,82.0,49.0
Olivier-Maxence Prosper,0.0,0.0,0.0,0.0,0.0,0.0,0.0,0.0,0.0,6.3999999999999995,7.897435897435898,0.0,0.0,0.0,0.0,0.0,0.0,0.0,0.0,0.0,40.0,39.0
Zyon Pullin,0.0,0.0,0.0,0.0,0.0,0.0,0.0,0.0,0.0,0.0,0.0,0.0,0.0,0.0,0.0,0.0,0.0,0.0,0.0,0.0,0.0,0.0
Jakob Pöltl,0.0,0.0,0.0,0.0,0.0,0.0,0.0,0.0,0.0,0.0,37.72727272727272,0.0,0.0,0.0,0.0,0.0,0.0,0.0,0.0,0.0,0.0,44.0
Trevelin Queen,0.0,0.0,0.0,0.0,0.0,0.0,0.0,0.0,7.4,8.7,13.0,0.0,0.0,0.0,0.0,0.0,0.0,0.0,0.0,7.0,14.0,21.0
Neemias Queta,0.0,0.0,0.0,0.0,0.0,0.0,0.0,0.0,6.4,16.3,13.897435897435898,0.0,0.0,0.0,0.0,0.0,0.0,0.0,0.0,5.0,28.0,39.0
Immanuel Quickley,0.0,0.0,0.0,0.0,0.0,0.0,0.281005859375,0.27383300460223536,28.6,30.8,28.545454545454543,0.0,0.0,0.0,0.0,0.0,0.0,64.0,78.0,81.0,136.0,11.0
Lester Quinones,0.0,0.0,0.0,0.0,0.0,0.0,0.0,0.0,2.6,8.3,1.75,0.0,0.0,0.0,0.0,0.0,0.0,0.0,0.0,4.0,37.0,4.0
Jahmi'us Ramsey,0.0,0.0,0.0,0.0,0.0,0.0,0.0,0.0,0.0,14.0,0.0,0.0,0.0,0.0,0.0,0.0,0.0,0.0,0.0,0.0,7.0,0.0
Julius Randle,0.0,0.28654168571864047,0.37563915266617975,0.34458655562165375,0.49127416025520737,0.50341796875,0.6143622297163263,0.4978780864197531,40.8,38.599999999999994,32.75,0.0,81.0,74.0,82.0,73.0,64.0,71.0,72.0,77.0,46.0,48.0
Duop Reath,0.0,0.0,0.0,0.0,0.0,0.0,0.0,0.0,0.0,18.0,3.4166666666666665,0.0,0.0,0.0,0.0,0.0,0.0,0.0,0.0,0.0,68.0,24.0
Austin Reaves,0.0,0.0,0.0,0.0,0.0,0.0,0.0,0.26363880677237306,24.1,32.5,35.61904761904761,0.0,0.0,0.0,0.0,0.0,0.0,0.0,61.0,64.0,82.0,42.0
Cam Reddish,0.0,0.0,0.0,0.0,0.0,0.3263971462544589,0.7588757396449705,0.3369429404414827,17.933333333333337,13.0,10.967741935483872,0.0,0.0,0.0,0.0,0.0,58.0,26.0,49.0,80.0,48.0,31.0
Paul Reed,0.0,0.0,0.0,0.0,0.0,0.0,0.3594674556213017,0.2867036011080333,13.5,22.0,14.37037037037037,0.0,0.0,0.0,0.0,0.0,0.0,26.0,38.0,69.0,82.0,27.0
Alex Reese,0.0,0.0,0.0,0.0,0.0,0.0,0.0,0.0,0.0,0.0,4.0,0.0,0.0,0.0,0.0,0.0,0.0,0.0,0.0,0.0,0.0,1.0
Antonio Reeves,0.0,0.0,0.0,0.0,0.0,0.0,0.0,0.0,0.0,0.0,7.222222222222222,0.0,0.0,0.0,0.0,0.0,0.0,0.0,0.0,0.0,0.0,18.0
Naz Reid,0.0,0.0,0.0,0.0,0.0,0.6177777777777779,0.3242857142857143,0.23140495867768596,22.6,26.400000000000002,27.187500000000004,0.0,0.0,0.0,0.0,0.0,30.0,70.0,77.0,68.0,81.0,48.0
Jared Rhoden,0.0,0.0,0.0,0.0,0.0,0.0,0.0,0.0,7.3,12.0,2.5,0.0,0.0,0.0,0.0,0.0,0.0,0.0,0.0,14.0,17.0,4.0
Nick Richards,0.0,0.0,0.0,0.0,0.0,0.0,0.0,0.0,19.7,24.6,21.57142857142857,0.0,0.0,0.0,0.0,0.0,0.0,0.0,0.0,65.0,67.0,21.0
Josh Richardson,0.0,0.28624260355029585,0.4279102883588466,0.3526901386983692,0.42146744229686617,0.4512396694214876,0.3984487216317151,0.3107692307692308,21.06666666666667,20.0,9.75,0.0,52.0,53.0,81.0,73.0,55.0,59.0,65.0,130.0,43.0,8.0
Will Richardson,0.0,0.0,0.0,0.0,0.0,0.0,0.0,0.0,0.0,0.0,0.0,0.0,0.0,0.0,0.0,0.0,0.0,0.0,0.0,0.0,0.0,0.0
Zaccharie Risacher,0.0,0.0,0.0,0.0,0.0,0.0,0.0,0.0,0.0,0.0,18.95238095238095,0.0,0.0,0.0,0.0,0.0,0.0,0.0,0.0,0.0,0.0,42.0
Liam Robbins,0.0,0.0,0.0,0.0,0.0,0.0,0.0,0.0,0.0,0.0,1.5384615384615379,0.0,0.0,0.0,0.0,0.0,0.0,0.0,0.0,0.0,0.0,13.0
Duncan Robinson,0.0,0.0,0.0,0.0,0.0,0.3225745918558829,0.3252314814814815,0.2409870213106874,10.000000000000002,23.6,20.488888888888887,0.0,0.0,0.0,0.0,0.0,73.0,72.0,79.0,42.0,68.0,45.0
Mitchell Robinson,0.0,0.0,0.0,0.0,0.0,0.0,0.0,0.0,28.6,22.4,0.0,0.0,0.0,0.0,0.0,0.0,0.0,0.0,0.0,59.0,31.0,0.0
Orlando Robinson,0.0,0.0,0.0,0.0,0.0,0.0,0.0,0.0,11.399999999999999,7.499999999999999,6.0,0.0,0.0,0.0,0.0,0.0,0.0,0.0,0.0,31.0,36.0,9.0
Jeremiah Robinson-Earl,0.0,0.0,0.0,0.0,0.0,0.0,0.0,0.3431903373594336,15.899999999999999,6.800000000000001,15.149999999999999,0.0,0.0,0.0,0.0,0.0,0.0,0.0,49.0,43.0,39.0,40.0
David Roddy,0.0,0.0,0.0,0.0,0.0,0.0,0.0,0.0,12.100000000000001,9.799999999999999,11.074074074074076,0.0,0.0,0.0,0.0,0.0,0.0,0.0,0.0,70.0,130.0,27.0
Ryan Rollins,0.0,0.0,0.0,0.0,0.0,0.0,0.0,0.0,1.9,8.6,11.032258064516128,0.0,0.0,0.0,0.0,0.0,0.0,0.0,0.0,12.0,26.0,31.0
Jackson Rowe,0.0,0.0,0.0,0.0,0.0,0.0,0.0,0.0,0.0,0.0,0.0,0.0,0.0,0.0,0.0,0.0,0.0,0.0,0.0,0.0,0.0,0.0
Terry Rozier,0.0,0.10190664036817884,0.17640613586559528,0.30109375,0.26373978529081876,0.48702443940539175,0.538122243226213,0.5104147119534622,35.8,37.099999999999994,22.30232558139535,0.0,39.0,74.0,80.0,79.0,63.0,69.0,73.0,63.0,122.0,43.0
Rayan Rupert,0.0,0.0,0.0,0.0,0.0,0.0,0.0,0.0,0.0,8.9,4.647058823529411,0.0,0.0,0.0,0.0,0.0,0.0,0.0,0.0,0.0,39.0,34.0
D'Angelo Russell,0.0,0.28125000000000006,0.4535147392290249,0.5590277777777778,0.4750800182898948,0.854320987654321,0.8038548752834468,0.5394082840236685,34.7,36.5,24.62068965517241,0.0,80.0,63.0,48.0,81.0,45.0,42.0,65.0,142.0,76.0,29.0
Cormac Ryan,0.0,0.0,0.0,0.0,0.0,0.0,0.0,0.0,0.0,0.0,0.0,0.0,0.0,0.0,0.0,0.0,0.0,0.0,0.0,0.0,0.0,0.0
Matt Ryan,0.0,0.0,0.0,0.0,0.0,0.0,0.0,0.0,5.366666666666666,8.5,1.8823529411764706,0.0,0.0,0.0,0.0,0.0,0.0,0.0,0.0,68.0,28.0,17.0
Domantas Sabonis,0.0,0.0,0.1493674744703551,0.3150109569028488,0.40193571950328705,0.6527055150884495,0.746618106139438,0.6735171696149844,47.099999999999994,50.199999999999996,49.400000000000006,0.0,0.0,81.0,74.0,74.0,62.0,62.0,62.0,79.0,82.0,45.0
Tidjane Salaün,0.0,0.0,0.0,0.0,0.0,0.0,0.0,0.0,0.0,0.0,11.058823529411764,0.0,0.0,0.0,0.0,0.0,0.0,0.0,0.0,0.0,0.0,34.0
Jermaine Samuels Jr.,0.0,0.0,0.0,0.0,0.0,0.0,0.0,0.0,0.0,0.0,0.0,0.0,0.0,0.0,0.0,0.0,0.0,0.0,0.0,0.0,0.0,0.0
Adama Sanogo,0.0,0.0,0.0,0.0,0.0,0.0,0.0,0.0,0.0,7.0,3.75,0.0,0.0,0.0,0.0,0.0,0.0,0.0,0.0,0.0,9.0,4.0
Gui Santos,0.0,0.0,0.0,0.0,0.0,0.0,0.0,0.0,0.0,7.9,10.541666666666668,0.0,0.0,0.0,0.0,0.0,0.0,0.0,0.0,0.0,23.0,24.0
Alexandre Sarr,0.0,0.0,0.0,0.0,0.0,0.0,0.0,0.0,0.0,0.0,26.999999999999996,0.0,0.0,0.0,0.0,0.0,0.0,0.0,0.0,0.0,0.0,41.0
Marcus Sasser,0.0,0.0,0.0,0.0,0.0,0.0,0.0,0.0,0.0,17.5,13.394736842105264,0.0,0.0,0.0,0.0,0.0,0.0,0.0,0.0,0.0,71.0,38.0
Baylor Scheierman,0.0,0.0,0.0,0.0,0.0,0.0,0.0,0.0,0.0,0.0,3.1111111111111107,0.0,0.0,0.0,0.0,0.0,0.0,0.0,0.0,0.0,0.0,9.0
Dennis Schröder,0.23646483386743122,0.25734375,0.3924050632911393,0.48540877701047014,0.32222400256369177,0.4546745562130177,0.48320343993550113,0.38818359375,0.0,0.0,35.47826086956521,77.0,80.0,79.0,67.0,79.0,65.0,61.0,64.0,0.0,0.0,23.0
Jay Scrubb,0.0,0.0,0.0,0.0,0.0,0.0,0.0,0.0,13.5,0.0,0.0,0.0,0.0,0.0,0.0,0.0,0.0,0.0,0.0,2.0,0.0,0.0
Dereon Seabron,0.0,0.0,0.0,0.0,0.0,0.0,0.0,0.0,0.8,6.3,0.0,0.0,0.0,0.0,0.0,0.0,0.0,0.0,0.0,5.0,6.0,0.0
Alperen Sengun,0.0,0.0,0.0,0.0,0.0,0.0,0.0,0.0,0.0,42.80000000000001,41.67391304347826,0.0,0.0,0.0,0.0,0.0,0.0,0.0,0.0,0.0,63.0,46.0
Brice Sensabaugh,0.0,0.0,0.0,0.0,0.0,0.0,0.0,0.0,0.0,13.100000000000001,15.89189189189189,0.0,0.0,0.0,0.0,0.0,0.0,0.0,0.0,0.0,32.0,37.0
Collin Sexton,0.0,0.0,0.0,0.0,0.2726055919095776,0.45088757396449713,0.5825,0.0,21.800000000000004,31.6,28.955555555555556,0.0,0.0,0.0,0.0,82.0,65.0,60.0,0.0,48.0,78.0,45.0
Landry Shamet,0.0,0.0,0.0,0.0,0.2018907226406025,0.3029547881808472,0.2628325718892771,0.2075194286914514,16.2,12.4,5.833333333333334,0.0,0.0,0.0,0.0,79.0,53.0,61.0,69.0,40.0,46.0,18.0
Terrence Shannon Jr.,0.0,0.0,0.0,0.0,0.0,0.0,0.0,0.0,0.0,0.0,3.5,0.0,0.0,0.0,0.0,0.0,0.0,0.0,0.0,0.0,0.0,10.0
Jamarion Sharp,0.0,0.0,0.0,0.0,0.0,0.0,0.0,0.0,0.0,0.0,0.0,0.0,0.0,0.0,0.0,0.0,0.0,0.0,0.0,0.0,0.0,0.0
Day'Ron Sharpe,0.0,0.0,0.0,0.0,0.0,0.0,0.0,0.4296875,12.6,18.3,19.185185185185187,0.0,0.0,0.0,0.0,0.0,0.0,0.0,32.0,48.0,61.0,27.0
Shaedon Sharpe,0.0,0.0,0.0,0.0,0.0,0.0,0.0,0.0,16.9,26.0,26.39024390243902,0.0,0.0,0.0,0.0,0.0,0.0,0.0,0.0,80.0,32.0,41.0
Jamal Shead,0.0,0.0,0.0,0.0,0.0,0.0,0.0,0.0,0.0,0.0,12.930232558139533,0.0,0.0,0.0,0.0,0.0,0.0,0.0,0.0,0.0,0.0,43.0
Ben Sheppard,0.0,0.0,0.0,0.0,0.0,0.0,0.0,0.0,0.0,9.600000000000001,13.242424242424242,0.0,0.0,0.0,0.0,0.0,0.0,0.0,0.0,0.0,57.0,33.0
Reed Sheppard,0.0,0.0,0.0,0.0,0.0,0.0,0.0,0.0,0.0,0.0,8.545454545454547,0.0,0.0,0.0,0.0,0.0,0.0,0.0,0.0,0.0,0.0,33.0
Pascal Siakam,0.0,0.0,0.21752066115702484,0.2373113854595336,0.4215625,0.6522222222222223,0.6948341836734693,0.6405709342560554,43.5,39.266666666666666,39.234042553191486,0.0,0.0,55.0,81.0,80.0,60.0,56.0,68.0,71.0,160.0,47.0
Ben Simmons,0.0,0.0,0.0,0.53101661332114,0.5362922608556321,0.7666974453678055,0.6459571938168845,0.0,28.4,27.699999999999996,25.3125,0.0,0.0,0.0,81.0,79.0,57.0,58.0,0.0,42.0,15.0,32.0
Anfernee Simons,0.0,0.0,0.0,0.0,0.22999999999999998,0.18326530612244896,0.21533203125,0.4832256078793475,32.5,34.6,30.555555555555554,0.0,0.0,0.0,0.0,20.0,70.0,64.0,57.0,62.0,46.0,45.0
K.J. Simpson,0.0,0.0,0.0,0.0,0.0,0.0,0.0,0.0,0.0,0.0,11.0625,0.0,0.0,0.0,0.0,0.0,0.0,0.0,0.0,0.0,0.0,16.0
Jericho Sims,0.0,0.0,0.0,0.0,0.0,0.0,0.0,0.0,12.3,8.399999999999999,7.351351351351353,0.0,0.0,0.0,0.0,0.0,0.0,0.0,0.0,52.0,45.0,37.0
Dmytro Skapintsev,0.0,0.0,0.0,0.0,0.0,0.0,0.0,0.0,0.0,-0.5,0.0,0.0,0.0,0.0,0.0,0.0,0.0,0.0,0.0,0.0,2.0,0.0
Jalen Slawson,0.0,0.0,0.0,0.0,0.0,0.0,0.0,0.0,0.0,2.2,0.0,0.0,0.0,0.0,0.0,0.0,0.0,0.0,0.0,0.0,12.0,0.0
Javonte Smart,0.0,0.0,0.0,0.0,0.0,0.0,0.0,0.0,0.0,0.0,0.0,0.0,0.0,0.0,0.0,0.0,0.0,0.0,0.0,0.0,1.0,0.0
Marcus Smart,0.30474493205613723,0.3552808384842784,0.32398654061849064,0.43792866941015085,0.31781249999999994,0.5108333333333333,0.6436631944444445,0.428288038087681,29.9,29.0,21.111111111111114,67.0,61.0,79.0,54.0,80.0,60.0,48.0,71.0,61.0,20.0,18.0
Dru Smith,0.0,0.0,0.0,0.0,0.0,0.0,0.0,0.0,10.633333333333335,13.600000000000001,18.357142857142858,0.0,0.0,0.0,0.0,0.0,0.0,0.0,0.0,30.0,9.0,14.0
Jalen Smith,0.0,0.0,0.0,0.0,0.0,0.0,0.1426611796982167,0.37793156478277584,19.799999999999997,21.2,19.044444444444444,0.0,0.0,0.0,0.0,0.0,0.0,27.0,51.0,68.0,61.0,45.0
Tolu Smith,0.0,0.0,0.0,0.0,0.0,0.0,0.0,0.0,0.0,0.0,0.0,0.0,0.0,0.0,0.0,0.0,0.0,0.0,0.0,0.0,0.0,0.0
Tyler Smith,0.0,0.0,0.0,0.0,0.0,0.0,0.0,0.0,0.0,0.0,4.615384615384616,0.0,0.0,0.0,0.0,0.0,0.0,0.0,0.0,0.0,0.0,13.0
Zhaire Smith,0.0,0.0,0.0,0.0,0.0,0.0,0.0,0.0,0.0,0.0,0.0,0.0,0.0,0.0,0.0,0.0,0.0,0.0,0.0,0.0,0.0,0.0
Jabari Smith Jr.,0.0,0.0,0.0,0.0,0.0,0.0,0.0,0.0,24.5,29.0,24.09090909090909,0.0,0.0,0.0,0.0,0.0,0.0,0.0,0.0,79.0,76.0,33.0
Nick Smith Jr.,0.0,0.0,0.0,0.0,0.0,0.0,0.0,0.0,0.0,9.200000000000001,11.214285714285714,0.0,0.0,0.0,0.0,0.0,0.0,0.0,0.0,0.0,51.0,28.0
Jeremy Sochan,0.0,0.0,0.0,0.0,0.0,0.0,0.0,0.0,21.7,25.4,27.074074074074076,0.0,0.0,0.0,0.0,0.0,0.0,0.0,0.0,56.0,74.0,27.0
Cam Spencer,0.0,0.0,0.0,0.0,0.0,0.0,0.0,0.0,0.0,0.0,9.600000000000001,0.0,0.0,0.0,0.0,0.0,0.0,0.0,0.0,0.0,0.0,10.0
Pat Spencer,0.0,0.0,0.0,0.0,0.0,0.0,0.0,0.0,0.0,2.5,7.111111111111111,0.0,0.0,0.0,0.0,0.0,0.0,0.0,0.0,0.0,6.0,18.0
Jaden Springer,0.0,0.0,0.0,0.0,0.0,0.0,0.0,0.0,6.5,8.333333333333334,4.73076923076923,0.0,0.0,0.0,0.0,0.0,0.0,0.0,0.0,16.0,98.0,26.0
Isaiah Stevens,0.0,0.0,0.0,0.0,0.0,0.0,0.0,0.0,0.0,0.0,0.0,0.0,0.0,0.0,0.0,0.0,0.0,0.0,0.0,0.0,0.0,0.0
Lamar Stevens,0.0,0.0,0.0,0.0,0.0,0.0,0.22687500000000002,0.18594104308390025,11.400000000000002,14.900000000000002,0.0,0.0,0.0,0.0,0.0,0.0,0.0,40.0,63.0,62.0,76.0,0.0
Erik Stevenson,0.0,0.0,0.0,0.0,0.0,0.0,0.0,0.0,0.0,0.0,0.0,0.0,0.0,0.0,0.0,0.0,0.0,0.0,0.0,0.0,0.0,0.0
DJ Steward,0.0,0.0,0.0,0.0,0.0,0.0,0.0,0.0,0.0,0.0,0.0,0.0,0.0,0.0,0.0,0.0,0.0,0.0,0.0,0.0,0.0,0.0
Isaiah Stewart,0.0,0.0,0.0,0.0,0.0,0.0,0.3265570934256055,0.3166038484427693,23.299999999999997,23.5,19.818181818181817,0.0,0.0,0.0,0.0,0.0,0.0,68.0,71.0,50.0,46.0,44.0
Julian Strawther,0.0,0.0,0.0,0.0,0.0,0.0,0.0,0.0,0.0,7.5,16.489795918367346,0.0,0.0,0.0,0.0,0.0,0.0,0.0,0.0,0.0,50.0,49.0
Max Strus,0.0,0.0,0.0,0.0,0.0,0.0,0.2537804076265615,0.27530276816608995,20.6,27.3,21.333333333333336,0.0,0.0,0.0,0.0,0.0,0.0,39.0,68.0,80.0,70.0,21.0
Jalen Suggs,0.0,0.0,0.0,0.0,0.0,0.0,0.0,0.44791666666666674,21.5,26.5,30.685714285714287,0.0,0.0,0.0,0.0,0.0,0.0,0.0,48.0,53.0,75.0,35.0
Cole Swider,0.0,0.0,0.0,0.0,0.0,0.0,0.0,0.0,3.4000000000000004,3.3999999999999995,-0.5,0.0,0.0,0.0,0.0,0.0,0.0,0.0,0.0,7.0,18.0,2.0
Jae'Sean Tate,0.0,0.0,0.0,0.0,0.0,0.0,0.37428571428571433,0.3226495726495727,18.299999999999997,11.2,9.0,0.0,0.0,0.0,0.0,0.0,0.0,70.0,78.0,31.0,65.0,29.0
Jayson Tatum,0.0,0.0,0.0,0.33203125000000006,0.3773433744592213,0.6209825528007347,0.69140625,0.5882963988919669,50.0,47.099999999999994,48.680851063829785,0.0,0.0,0.0,80.0,79.0,66.0,64.0,76.0,74.0,74.0,47.0
Terry Taylor,0.0,0.0,0.0,0.0,0.0,0.0,0.0,0.6069788797061524,6.333333333333333,4.0,0.0,0.0,0.0,0.0,0.0,0.0,0.0,0.0,33.0,62.0,31.0,0.0
Garrett Temple,0.1952662721893491,0.1946875,0.31195266272189354,0.2646153846153846,0.22826666666666667,0.34495317377731527,0.3185586734693878,0.21631715024418272,5.2,7.6000000000000005,3.4705882352941173,52.0,80.0,65.0,65.0,75.0,62.0,56.0,59.0,25.0,27.0,17.0
Dalen Terry,0.0,0.0,0.0,0.0,0.0,0.0,0.0,0.0,5.300000000000001,9.7,8.851063829787234,0.0,0.0,0.0,0.0,0.0,0.0,0.0,0.0,38.0,59.0,47.0
Daniel Theis,0.0,0.0,0.0,0.2353237591332829,0.2187786960514233,0.39905325443786976,0.35739644970414197,0.37437754640108645,15.700000000000001,11.133333333333333,14.31578947368421,0.0,0.0,0.0,63.0,66.0,65.0,65.0,47.0,7.0,120.0,38.0
Brodric Thomas,0.0,0.0,0.0,0.0,0.0,0.0,0.2587890625,0.0,0.0,0.0,0.0,0.0,0.0,0.0,0.0,0.0,0.0,32.0,0.0,0.0,0.0,0.0
Cam Thomas,0.0,0.0,0.0,0.0,0.0,0.0,0.0,0.20115838716863443,14.3,30.7,32.94736842105263,0.0,0.0,0.0,0.0,0.0,0.0,0.0,67.0,57.0,66.0,19.0
Amen Thompson,0.0,0.0,0.0,0.0,0.0,0.0,0.0,0.0,0.0,25.799999999999997,33.888888888888886,0.0,0.0,0.0,0.0,0.0,0.0,0.0,0.0,0.0,62.0,45.0
Ausar Thompson,0.0,0.0,0.0,0.0,0.0,0.0,0.0,0.0,0.0,23.700000000000003,20.962962962962962,0.0,0.0,0.0,0.0,0.0,0.0,0.0,0.0,0.0,63.0,27.0
Ethan Thompson,0.0,0.0,0.0,0.0,0.0,0.0,0.0,0.0,0.0,0.0,0.0,0.0,0.0,0.0,0.0,0.0,0.0,0.0,0.0,0.0,0.0,0.0
Klay Thompson,0.4658458424692192,0.4270312500000001,0.4377054569362261,0.4488647025708388,0.45447074293228146,0.0,0.0,1.0029296875,33.5,28.6,24.02325581395349,77.0,80.0,78.0,73.0,78.0,0.0,0.0,32.0,69.0,77.0,43.0
Tristan Thompson,0.0,0.0,0.3029257067718606,0.0,0.0,0.4887657740843337,0.3597393689986283,0.22991689750692523,0.0,9.5,5.640000000000001,0.0,0.0,78.0,0.0,0.0,57.0,54.0,57.0,0.0,49.0,25.0
JT Thor,0.0,0.0,0.0,0.0,0.0,0.0,0.0,0.17998163452708907,8.0,8.5,5.444444444444445,0.0,0.0,0.0,0.0,0.0,0.0,0.0,33.0,69.0,63.0,9.0
Matisse Thybulle,0.0,0.0,0.0,0.0,0.0,0.24402366863905323,0.269585798816568,0.3172635445362718,15.333333333333332,19.1,0.0,0.0,0.0,0.0,0.0,0.0,65.0,65.0,66.0,142.0,65.0,0.0
Xavier Tillman,0.0,0.0,0.0,0.0,0.0,0.0,0.0,0.0,0.0,0.0,3.5384615384615388,0.0,0.0,0.0,0.0,0.0,0.0,0.0,0.0,0.0,0.0,26.0
Nikola Topić,0.0,0.0,0.0,0.0,0.0,0.0,0.0,0.0,0.0,0.0,0.0,0.0,0.0,0.0,0.0,0.0,0.0,0.0,0.0,0.0,0.0,0.0
Jacob Toppin,0.0,0.0,0.0,0.0,0.0,0.0,0.0,0.0,0.0,3.3,1.5625,0.0,0.0,0.0,0.0,0.0,0.0,0.0,0.0,0.0,9.0,16.0
Obi Toppin,0.0,0.0,0.0,0.0,0.0,0.0,0.14281997918834546,0.23939043209876543,13.5,22.0,21.5,0.0,0.0,0.0,0.0,0.0,0.0,62.0,72.0,67.0,82.0,44.0
Karl-Anthony Towns,0.0,0.4723378941106484,0.5759964306960142,0.5532421177870315,0.6334963737561141,1.443265306122449,0.934,0.618699780861943,39.0,37.6,48.86363636363637,0.0,82.0,82.0,82.0,77.0,35.0,50.0,74.0,29.0,62.0,44.0
Armel Traoré,0.0,0.0,0.0,0.0,0.0,0.0,0.0,0.0,0.0,0.0,4.375,0.0,0.0,0.0,0.0,0.0,0.0,0.0,0.0,0.0,0.0,8.0
Luke Travers,0.0,0.0,0.0,0.0,0.0,0.0,0.0,0.0,0.0,0.0,4.5,0.0,0.0,0.0,0.0,0.0,0.0,0.0,0.0,0.0,0.0,6.0
Gary Trent Jr.,0.0,0.0,0.0,0.0,0.0,0.27734479978500404,0.4087395957193816,0.4422448979591837,28.8,23.5,17.857142857142858,0.0,0.0,0.0,0.0,0.0,61.0,58.0,70.0,66.0,71.0,42.0
Oscar Tshiebwe,0.0,0.0,0.0,0.0,0.0,0.0,0.0,0.0,0.0,7.4,16.0,0.0,0.0,0.0,0.0,0.0,0.0,0.0,0.0,0.0,8.0,3.0
Jordan Tucker,0.0,0.0,0.0,0.0,0.0,0.0,0.0,0.0,0.0,0.0,0.0,0.0,0.0,0.0,0.0,0.0,0.0,0.0,0.0,0.0,0.0,0.0
P.J. Tucker,0.28944773175542404,0.25698988697204045,0.24112178021643044,0.2055324211778703,0.27498512790005947,0.2970679012345679,0.2451923076923077,0.2844673675857965,10.900000000000002,9.266666666666667,0.0,78.0,82.0,81.0,82.0,82.0,72.0,52.0,71.0,75.0,62.0,0.0
Myles Turner,0.0,0.36416666666666664,0.4189910074683737,0.4340828402366864,0.4718772826880935,0.4773673257023934,0.7578089633318241,0.8180272108843538,38.2,34.6,33.29545454545455,0.0,60.0,81.0,65.0,74.0,62.0,47.0,42.0,62.0,77.0,44.0
Hunter Tyson,0.0,0.0,0.0,0.0,0.0,0.0,0.0,0.0,0.0,1.9000000000000001,4.666666666666666,0.0,0.0,0.0,0.0,0.0,0.0,0.0,0.0,0.0,18.0,33.0
Jaylon Tyson,0.0,0.0,0.0,0.0,0.0,0.0,0.0,0.0,0.0,0.0,7.0,0.0,0.0,0.0,0.0,0.0,0.0,0.0,0.0,0.0,0.0,31.0
Stanley Umude,0.0,0.0,0.0,0.0,0.0,0.0,0.0,0.0,9.0,10.0,1.7894736842105254,0.0,0.0,0.0,0.0,0.0,0.0,0.0,0.0,1.0,24.0,19.0
Jonas Valančiūnas,0.32234374999999993,0.0,0.321875,0.34508348794063076,0.6122448979591837,0.4834693877551022,0.6082206035379812,0.487582176771366,0.0,0.0,25.208333333333336,80.0,0.0,80.0,77.0,49.0,70.0,62.0,74.0,0.0,0.0,48.0
Fred VanVleet,0.0,0.0,0.1745799853907962,0.2659279778393352,0.3935546875,0.7119341563786008,0.7984467455621302,0.6442603550295858,42.5,43.2,34.48888888888889,0.0,0.0,37.0,76.0,64.0,54.0,52.0,65.0,69.0,73.0,45.0
Jarred Vanderbilt,0.0,0.0,0.0,0.0,0.0,0.0,0.2939453125,0.32468955441928415,23.03333333333333,16.0,18.0,0.0,0.0,0.0,0.0,0.0,0.0,64.0,74.0,156.0,29.0,4.0
Devin Vassell,0.0,0.0,0.0,0.0,0.0,0.0,0.2117585848074922,0.3592541162467764,32.900000000000006,34.8,29.258064516129032,0.0,0.0,0.0,0.0,0.0,0.0,62.0,71.0,38.0,68.0,31.0
Gabe Vincent,0.0,0.0,0.0,0.0,0.0,0.0,0.1768,0.27270761245674746,17.799999999999997,8.4,11.25,0.0,0.0,0.0,0.0,0.0,0.0,50.0,68.0,68.0,11.0,40.0
Tristan Vukcevic,0.0,0.0,0.0,0.0,0.0,0.0,0.0,0.0,0.0,17.099999999999998,4.0,0.0,0.0,0.0,0.0,0.0,0.0,0.0,0.0,0.0,10.0,9.0
Nikola Vučević,0.48794740686632576,0.5552662721893491,0.45546666666666674,0.6472760849492152,0.5757812499999999,0.6698751300728407,0.6695918367346938,0.5383749296303246,0.0,0.0,43.59183673469388,74.0,65.0,75.0,57.0,80.0,62.0,70.0,73.0,0.0,0.0,49.0
Dean Wade,0.0,0.0,0.0,0.0,0.0,0.0,0.23406399596875788,0.2525951557093426,13.5,15.700000000000001,19.08571428571429,0.0,0.0,0.0,0.0,0.0,0.0,63.0,51.0,44.0,54.0,35.0
Franz Wagner,0.0,0.0,0.0,0.0,0.0,0.0,0.0,0.3505848421727288,30.900000000000002,34.7,43.666666666666664,0.0,0.0,0.0,0.0,0.0,0.0,0.0,79.0,80.0,72.0,30.0
Moritz Wagner,0.0,0.0,0.0,0.0,0.1844240129799892,0.40098765432098765,0.31604938271604943,0.2592592592592593,19.3,19.9,23.03333333333333,0.0,0.0,0.0,0.0,43.0,45.0,45.0,63.0,57.0,80.0,30.0
Jabari Walker,0.0,0.0,0.0,0.0,0.0,0.0,0.0,0.0,7.6,19.299999999999997,8.277777777777777,0.0,0.0,0.0,0.0,0.0,0.0,0.0,0.0,56.0,72.0,36.0
Jarace Walker,0.0,0.0,0.0,0.0,0.0,0.0,0.0,0.0,0.0,10.200000000000001,15.717391304347824,0.0,0.0,0.0,0.0,0.0,0.0,0.0,0.0,0.0,33.0,46.0
Lonnie Walker IV,0.0,0.0,0.0,0.0,0.0,0.19645256651437784,0.29500000000000004,0.2818367346938775,17.7,16.599999999999998,0.0,0.0,0.0,0.0,0.0,0.0,61.0,60.0,70.0,56.0,58.0,0.0
Cason Wallace,0.0,0.0,0.0,0.0,0.0,0.0,0.0,0.0,0.0,17.599999999999998,23.45652173913043,0.0,0.0,0.0,0.0,0.0,0.0,0.0,0.0,0.0,82.0,46.0
Keaton Wallace,0.0,0.0,0.0,0.0,0.0,0.0,0.0,0.0,0.0,0.0,15.476190476190473,0.0,0.0,0.0,0.0,0.0,0.0,0.0,0.0,0.0,0.0,21.0
Jordan Walsh,0.0,0.0,0.0,0.0,0.0,0.0,0.0,0.0,0.0,7.1000000000000005,4.323529411764706,0.0,0.0,0.0,0.0,0.0,0.0,0.0,0.0,0.0,9.0,34.0
Ja'Kobe Walter,0.0,0.0,0.0,0.0,0.0,0.0,0.0,0.0,0.0,0.0,13.1,0.0,0.0,0.0,0.0,0.0,0.0,0.0,0.0,0.0,0.0,30.0
Kel'el Ware,0.0,0.0,0.0,0.0,0.0,0.0,0.0,0.0,0.0,0.0,20.75,0.0,0.0,0.0,0.0,0.0,0.0,0.0,0.0,0.0,0.0,32.0
T.J. Warren,0.27875000000000005,0.41104572204617484,0.40610651974288337,0.4688757396449704,0.717685235262304,0.492091779906438,0.0,0.0,14.266666666666666,8.100000000000001,0.0,40.0,47.0,66.0,65.0,43.0,67.0,0.0,0.0,84.0,11.0,0.0
P.J. Washington,0.0,0.0,0.0,0.0,0.0,0.43133174791914386,0.462158203125,0.3933727810650888,30.1,26.700000000000003,31.857142857142854,0.0,0.0,0.0,0.0,0.0,58.0,64.0,65.0,73.0,146.0,42.0
TyTy Washington Jr.,0.0,0.0,0.0,0.0,0.0,0.0,0.0,0.0,9.5,3.0,6.25,0.0,0.0,0.0,0.0,0.0,0.0,0.0,0.0,31.0,11.0,4.0
Lindy Waters III,0.0,0.0,0.0,0.0,0.0,0.0,0.0,0.6799999999999999,10.8,7.6,12.526315789473685,0.0,0.0,0.0,0.0,0.0,0.0,0.0,25.0,41.0,38.0,38.0
Trendon Watford,0.0,0.0,0.0,0.0,0.0,0.0,0.0,0.36979166666666663,16.6,13.799999999999999,13.333333333333332,0.0,0.0,0.0,0.0,0.0,0.0,0.0,48.0,62.0,63.0,15.0
Anton Watson,0.0,0.0,0.0,0.0,0.0,0.0,0.0,0.0,0.0,0.0,0.0,0.0,0.0,0.0,0.0,0.0,0.0,0.0,0.0,0.0,0.0,0.0
Peyton Watson,0.0,0.0,0.0,0.0,0.0,0.0,0.0,0.0,7.6000000000000005,16.900000000000002,20.854166666666668,0.0,0.0,0.0,0.0,0.0,0.0,0.0,0.0,23.0,80.0,48.0
Jaylen Wells,0.0,0.0,0.0,0.0,0.0,0.0,0.0,0.0,0.0,0.0,19.857142857142858,0.0,0.0,0.0,0.0,0.0,0.0,0.0,0.0,0.0,0.0,49.0
Victor Wembanyama,0.0,0.0,0.0,0.0,0.0,0.0,0.0,0.0,0.0,51.2,58.025000000000006,0.0,0.0,0.0,0.0,0.0,0.0,0.0,0.0,0.0,71.0,40.0
Blake Wesley,0.0,0.0,0.0,0.0,0.0,0.0,0.0,0.0,10.200000000000001,11.600000000000001,7.833333333333334,0.0,0.0,0.0,0.0,0.0,0.0,0.0,0.0,37.0,61.0,30.0
Russell Westbrook,0.7380262864780575,0.63765625,0.7094955037341868,0.64890625,0.7226496528429349,0.8125577100646353,0.7902958579881656,0.4470742932281393,33.900000000000006,25.300000000000004,32.3125,67.0,80.0,81.0,80.0,73.0,57.0,65.0,78.0,146.0,68.0,48.0
Coby White,0.0,0.0,0.0,0.0,0.0,0.3263905325443787,0.3944549464398236,0.3662993818865896,20.200000000000003,33.6,31.46511627906977,0.0,0.0,0.0,0.0,0.0,65.0,69.0,61.0,74.0,79.0,43.0
Derrick White,0.0,0.0,0.0,0.0,0.3775896636221875,0.3689446366782007,0.816358024691358,0.38968888888888886,28.700000000000003,37.2,35.148936170212764,0.0,0.0,0.0,0.0,67.0,68.0,36.0,75.0,82.0,73.0,47.0
Dariq Whitehead,0.0,0.0,0.0,0.0,0.0,0.0,0.0,0.0,0.0,6.5,7.625,0.0,0.0,0.0,0.0,0.0,0.0,0.0,0.0,0.0,2.0,8.0
Cam Whitmore,0.0,0.0,0.0,0.0,0.0,0.0,0.0,0.0,0.0,19.5,15.310344827586203,0.0,0.0,0.0,0.0,0.0,0.0,0.0,0.0,0.0,47.0,29.0
Aaron Wiggins,0.0,0.0,0.0,0.0,0.0,0.0,0.0,0.3104,14.3,14.900000000000002,19.787234042553195,0.0,0.0,0.0,0.0,0.0,0.0,0.0,50.0,70.0,78.0,47.0
Andrew Wiggins,0.3085960737656157,0.34171620179850626,0.3768590124925641,0.3361094586555622,0.385250516044286,0.6522633744855968,0.46042451894465386,0.411146556577219,33.1,23.1,30.92857142857143,82.0,81.0,82.0,82.0,73.0,54.0,71.0,73.0,37.0,71.0,42.0
Alondes Williams,0.0,0.0,0.0,0.0,0.0,0.0,0.0,0.0,-3.0,0.09999999999999987,10.0,0.0,0.0,0.0,0.0,0.0,0.0,0.0,0.0,1.0,7.0,1.0
Brandon Williams,0.0,0.0,0.0,0.0,0.0,0.0,0.0,0.904513888888889,0.0,5.0,4.941176470588235,0.0,0.0,0.0,0.0,0.0,0.0,0.0,24.0,0.0,17.0,17.0
Cody Williams,0.0,0.0,0.0,0.0,0.0,0.0,0.0,0.0,0.0,0.0,9.038461538461538,0.0,0.0,0.0,0.0,0.0,0.0,0.0,0.0,0.0,0.0,26.0
Grant Williams,0.0,0.0,0.0,0.0,0.0,0.14429741650913674,0.1783824640967498,0.22988699612076235,18.299999999999997,21.93333333333333,24.75,0.0,0.0,0.0,0.0,0.0,69.0,63.0,77.0,79.0,152.0,16.0
Jalen Williams,0.0,0.0,0.0,0.0,0.0,0.0,0.0,0.0,30.6,37.400000000000006,42.71111111111111,0.0,0.0,0.0,0.0,0.0,0.0,0.0,0.0,75.0,71.0,45.0
Jaylin Williams,0.0,0.0,0.0,0.0,0.0,0.0,0.0,0.0,15.600000000000003,13.0,19.15,0.0,0.0,0.0,0.0,0.0,0.0,0.0,0.0,49.0,69.0,20.0
Kenrich Williams,0.0,0.0,0.0,0.0,0.39177693761814747,0.3596318211702827,0.29637281910009183,0.3806747188671388,20.9,12.5,13.805555555555555,0.0,0.0,0.0,0.0,46.0,39.0,66.0,49.0,53.0,69.0,36.0
Mark Williams,0.0,0.0,0.0,0.0,0.0,0.0,0.0,0.0,22.8,32.1,36.80952380952381,0.0,0.0,0.0,0.0,0.0,0.0,0.0,0.0,43.0,19.0,21.0
Nate Williams,0.0,0.0,0.0,0.0,0.0,0.0,0.0,0.0,0.0,0.0,6.333333333333333,0.0,0.0,0.0,0.0,0.0,0.0,0.0,0.0,0.0,0.0,6.0
Patrick Williams,0.0,0.0,0.0,0.0,0.0,0.0,0.2828803808768101,0.0,21.9,21.299999999999997,19.950000000000003,0.0,0.0,0.0,0.0,0.0,0.0,71.0,0.0,82.0,43.0,40.0
Ziaire Williams,0.0,0.0,0.0,0.0,0.0,0.0,0.0,0.23100936524453694,9.9,14.9,20.142857142857142,0.0,0.0,0.0,0.0,0.0,0.0,0.0,62.0,37.0,51.0,35.0
Robert Williams III,0.0,0.0,0.0,0.0,0.0,0.0,0.0,0.0,0.0,0.0,22.176470588235293,0.0,0.0,0.0,0.0,0.0,0.0,0.0,0.0,0.0,0.0,17.0
Vince Williams Jr.,0.0,0.0,0.0,0.0,0.0,0.0,0.0,0.0,4.199999999999999,25.5,10.666666666666664,0.0,0.0,0.0,0.0,0.0,0.0,0.0,0.0,15.0,52.0,3.0
Zion Williamson,0.0,0.0,0.0,0.0,0.0,1.34375,0.7178177909164203,0.0,43.3,40.5,42.53846153846153,0.0,0.0,0.0,0.0,0.0,24.0,61.0,0.0,29.0,70.0,13.0
Jalen Wilson,0.0,0.0,0.0,0.0,0.0,0.0,0.0,0.0,0.0,10.600000000000001,16.20833333333333,0.0,0.0,0.0,0.0,0.0,0.0,0.0,0.0,0.0,43.0,48.0
James Wiseman,0.0,0.0,0.0,0.0,0.0,0.0,0.5180802103879028,0.0,18.1,16.1,7.0,0.0,0.0,0.0,0.0,0.0,0.0,39.0,0.0,90.0,63.0,1.0
Christian Wood,0.0,0.0,0.0,0.0,0.6893424036281179,0.4068678459937565,0.9440809042236764,0.5289792387543253,30.800000000000004,15.799999999999999,0.0,0.0,0.0,0.0,0.0,21.0,62.0,41.0,68.0,67.0,50.0,0.0
Moses Wood,0.0,0.0,0.0,0.0,0.0,0.0,0.0,0.0,0.0,0.0,0.0,0.0,0.0,0.0,0.0,0.0,0.0,0.0,0.0,0.0,0.0,0.0
Delon Wright,0.0,0.27709190672153633,0.5390946502057613,0.29888678848981304,0.2983111111111111,0.29029836742353166,0.46082136558327025,0.22027323326024623,25.799999999999997,16.2,10.28,0.0,27.0,27.0,69.0,75.0,73.0,63.0,77.0,50.0,94.0,25.0
Guerschon Yabusele,0.0,0.0,0.0,0.15702479338842976,0.12016656751933372,0.0,0.0,0.0,0.0,0.0,23.97826086956522,0.0,0.0,0.0,33.0,41.0,0.0,0.0,0.0,0.0,0.0,46.0
Cui Yongxi,0.0,0.0,0.0,0.0,0.0,0.0,0.0,0.0,0.0,0.0,-0.19999999999999973,0.0,0.0,0.0,0.0,0.0,0.0,0.0,0.0,0.0,0.0,5.0
Trae Young,0.0,0.0,0.0,0.0,0.42173449169333943,0.7880555555555557,0.6805240614764424,0.6372922437673131,44.699999999999996,46.7,44.37777777777779,0.0,0.0,0.0,0.0,81.0,60.0,63.0,76.0,73.0,54.0,45.0
Cody Zeller,0.30619146722164414,0.2904860198911616,0.4141519250780437,0.4940312213039485,0.5152019991670138,0.393281807372176,0.4483506944444445,0.4499314128943758,12.8,6.0,0.0,62.0,73.0,62.0,33.0,49.0,58.0,48.0,27.0,15.0,43.0,0.0
Ivica Zubac,0.0,0.0,0.43490304709141275,0.1957815035154137,0.0,0.29976851851851855,0.31172839506172845,0.0,27.400000000000002,29.1,38.42553191489362,0.0,0.0,38.0,43.0,0.0,72.0,72.0,0.0,76.0,68.0,47.0
Tristan da Silva,0.0,0.0,0.0,0.0,0.0,0.0,0.0,0.0,0.0,0.0,17.195652173913043,0.0,0.0,0.0,0.0,0.0,0.0,0.0,0.0,0.0,0.0,46.0
Vlatko Čančar,0.0,0.0,0.0,0.0,0.0,0.0,0.11124330755502676,0.0,0.0,0.0,4.75,0.0,0.0,0.0,0.0,0.0,0.0,41.0,0.0,0.0,0.0,4.0
Dario Šarić,0.0,0.0,0.27312909617436365,0.34467455621301774,0.2443225118122237,0.32828282828282823,0.31,0.0,0.0,0.0,9.923076923076923,0.0,0.0,81.0,78.0,81.0,66.0,50.0,0.0,0.0,0.0,13.0
