Player,TEAM_ABBREVIATION,GP,MIN,FGM,FGA,FG3M,FG3A,FTM,FTA,OREB,DREB,REB,AST,STL,BLK,TOV,PTS
Precious Achiuwa,NYK,28,19.39,2.64,4.93,0.25,0.64,0.61,1.07,1.89,3.75,5.64,1.04,0.93,0.75,0.79,6.14
Steven Adams,HOU,33,12.12,1.39,2.33,0.0,0.0,0.85,1.88,2.55,2.52,5.06,1.12,0.3,0.48,0.97,3.64
Bam Adebayo,MIA,46,33.89,6.26,13.41,0.72,2.5,2.98,4.07,2.46,7.52,9.98,4.61,1.35,0.8,2.17,16.22
Ochai Agbaji,TOR,43,28.02,4.16,8.14,1.56,3.88,0.47,0.7,0.84,2.84,3.67,1.67,0.84,0.6,0.79,10.35
Santi Aldama,MEM,41,24.83,5.1,10.32,1.73,4.73,1.05,1.46,1.59,5.24,6.83,2.59,0.83,0.56,1.12,12.98
Trey Alexander,DEN,14,4.43,0.29,1.29,0.14,0.64,0.14,0.14,0.0,0.29,0.29,0.43,0.07,0.07,0.07,0.86
Nickeil Alexander-Walker,MIN,49,23.71,3.16,7.1,1.71,4.27,0.78,1.06,0.59,2.31,2.9,2.41,0.61,0.31,1.27,8.82
Grayson Allen,PHX,39,24.49,3.46,7.56,2.44,5.62,1.51,1.82,0.62,2.79,3.41,1.92,0.92,0.28,1.05,10.87
Jarrett Allen,CLE,49,28.84,5.63,7.98,0.0,0.04,2.47,3.37,2.57,7.47,10.04,1.9,0.92,0.94,1.08,13.73
Jose Alvarado,NOP,26,22.19,3.23,8.0,2.19,5.31,1.04,1.31,0.46,1.5,1.96,4.12,1.31,0.31,1.15,9.69
Kyle Anderson,GSW,36,15.03,2.11,4.69,0.53,1.44,0.5,0.75,0.75,2.31,3.06,2.25,0.72,0.56,0.56,5.25
Giannis Antetokounmpo,MIL,41,34.9,12.71,20.9,0.15,0.78,6.2,10.73,2.29,9.88,12.17,5.88,0.76,1.32,3.44,31.76
Cole Anthony,ORL,45,16.73,3.2,7.71,0.96,3.02,1.33,1.69,0.64,2.22,2.87,2.76,0.6,0.31,1.58,8.69
OG Anunoby,NYK,49,36.29,6.16,12.8,2.1,5.76,1.94,2.45,1.31,3.41,4.71,2.02,1.41,0.88,1.31,16.37
Deni Avdija,POR,46,28.72,4.89,10.52,1.48,4.33,3.46,4.46,1.26,5.24,6.5,3.46,1.07,0.59,2.41,14.72
Deandre Ayton,POR,35,30.31,6.8,11.69,0.17,0.89,0.77,1.26,3.0,7.14,10.14,1.54,0.8,0.94,1.71,14.54
Marvin Bagley III,WAS,19,8.79,2.0,3.74,0.11,0.53,0.79,1.21,1.42,1.53,2.95,0.37,0.37,0.26,0.58,4.89
Patrick Baldwin Jr.,WAS,22,4.59,0.77,1.5,0.5,0.95,0.09,0.18,0.23,0.77,1.0,0.09,0.14,0.09,0.23,2.14
LaMelo Ball,CHA,31,33.26,9.74,23.26,4.13,12.26,4.55,5.55,0.97,4.29,5.26,7.29,1.39,0.32,3.71,28.16
Lonzo Ball,CHI,29,21.31,2.38,6.45,1.86,5.34,0.62,0.72,0.66,2.72,3.38,3.52,1.48,0.52,1.17,7.24
Mo Bamba,LAC,28,12.57,1.71,3.68,0.54,1.79,0.61,0.89,0.93,3.36,4.29,0.57,0.32,1.0,0.68,4.57
Paolo Banchero,ORL,16,33.5,7.94,18.75,1.69,5.5,5.25,8.31,1.31,6.31,7.62,4.88,0.69,0.75,3.38,22.81
Desmond Bane,MEM,40,30.07,6.83,13.7,2.15,5.6,2.12,2.48,0.95,4.72,5.67,5.45,1.2,0.42,2.48,17.93
Dalano Banton,POR,38,15.68,3.11,7.58,1.18,3.32,1.37,1.95,0.32,1.63,1.95,2.18,0.74,0.53,1.26,8.76
Dominick Barlow,ATL,12,6.42,1.0,2.25,0.17,0.58,0.33,0.58,0.17,1.0,1.17,0.25,0.25,0.17,0.0,2.5
Harrison Barnes,SAS,46,28.09,4.0,7.98,1.57,3.74,2.28,2.85,1.46,2.48,3.93,1.83,0.35,0.22,0.59,11.85
Scottie Barnes,TOR,36,34.61,7.67,16.75,1.36,4.92,3.42,4.5,1.64,6.47,8.11,6.42,1.44,0.94,3.06,20.11
RJ Barrett,TOR,41,33.29,8.12,17.29,1.83,5.24,3.51,5.37,1.0,5.63,6.63,5.68,0.8,0.32,3.02,21.59
Charles Bassey,SAS,31,10.94,2.0,3.45,0.0,0.0,0.61,1.0,1.74,2.9,4.65,0.42,0.39,0.94,0.71,4.61
Emoni Bates,CLE,4,3.5,0.0,1.25,0.0,1.0,0.0,0.0,0.0,0.0,0.0,0.5,0.0,0.0,0.0,0.0
Jamison Battle,TOR,34,12.59,1.91,4.18,1.29,3.12,0.35,0.41,0.56,1.26,1.82,0.91,0.12,0.12,0.35,5.47
Nicolas Batum,LAC,47,17.66,1.15,2.87,0.91,2.36,0.23,0.3,0.68,2.19,2.87,1.36,0.64,0.4,0.45,3.45
Bradley Beal,PHX,35,32.29,6.51,13.23,2.03,5.06,1.86,2.4,0.69,2.66,3.34,3.37,1.09,0.63,1.97,16.91
Malik Beasley,DET,49,27.86,5.67,13.14,3.78,9.22,1.14,1.69,0.55,2.35,2.9,1.84,0.92,0.04,1.1,16.27
MarJon Beauchamp,MIL,24,4.29,0.67,1.67,0.25,0.79,0.33,0.42,0.21,0.83,1.04,0.17,0.08,0.04,0.54,1.92
Reece Beekman,GSW,2,2.0,0.5,0.5,0.0,0.0,0.0,0.0,0.5,0.0,0.5,0.5,0.5,0.0,0.0,1.0
Goga Bitadze,ORL,39,24.15,3.9,6.23,0.05,0.49,1.38,2.08,2.67,5.44,8.1,2.38,0.85,1.62,1.36,9.23
Anthony Black,ORL,46,25.04,3.15,7.83,0.63,2.37,2.07,2.78,0.57,2.09,2.65,3.46,1.02,0.54,1.96,9.0
Bogdan Bogdanović,ATL,24,24.92,3.46,9.33,1.83,6.08,1.25,1.42,0.5,2.25,2.75,2.04,0.83,0.25,1.54,10.0
Bol Bol,PHX,13,5.85,1.15,2.15,0.23,1.0,0.62,0.92,0.46,1.08,1.54,0.23,0.0,0.15,0.54,3.15
Adem Bona,PHI,33,10.85,1.03,1.52,0.0,0.0,0.76,1.21,1.03,1.85,2.88,0.3,0.18,0.76,0.7,2.82
Devin Booker,PHX,43,36.84,8.53,18.95,2.7,7.84,6.16,6.91,0.98,3.07,4.05,6.74,1.14,0.28,2.63,25.93
Brandon Boston Jr.,NOP,41,23.85,3.98,9.1,1.12,3.29,1.59,1.98,0.66,2.56,3.22,2.24,1.24,0.2,1.22,10.66
Chris Boucher,TOR,43,17.4,3.79,7.49,1.47,3.91,1.47,1.86,1.26,3.07,4.33,0.58,0.53,0.56,0.63,10.51
Malaki Branham,SAS,29,9.83,1.69,3.9,0.72,1.83,0.59,0.69,0.1,1.03,1.14,0.9,0.24,0.07,0.97,4.69
Christian Braun,DEN,48,32.46,5.62,9.77,1.02,2.62,2.21,2.65,1.27,3.52,4.79,1.96,1.06,0.54,1.02,14.48
Jalen Bridges,PHX,4,4.25,0.0,0.75,0.0,0.75,0.25,0.5,0.0,0.75,0.75,0.0,0.0,0.0,0.5,0.25
Mikal Bridges,NYK,49,38.27,7.43,15.06,2.43,6.69,0.86,1.14,0.9,2.22,3.12,3.27,0.96,0.51,1.53,18.14
Miles Bridges,CHA,32,31.94,7.09,16.28,2.0,6.78,3.25,3.75,0.97,6.75,7.72,3.59,0.69,0.62,2.06,19.44
Malcolm Brogdon,WAS,19,24.63,4.58,10.53,0.79,2.53,3.32,3.79,0.95,3.16,4.11,3.95,0.53,0.26,1.63,13.26
Dillon Brooks,HOU,45,32.0,4.98,11.82,2.36,6.11,1.24,1.47,1.22,2.58,3.8,1.51,0.8,0.22,1.04,13.56
Bruce Brown,TOR,16,19.88,3.19,7.25,0.62,1.94,1.38,1.56,1.0,2.88,3.88,1.62,1.0,0.19,1.12,8.38
Jaylen Brown,BOS,43,35.6,8.63,18.81,2.0,6.23,4.05,5.49,1.47,4.6,6.07,4.81,1.21,0.28,2.56,23.3
Kobe Brown,LAC,19,8.0,1.21,2.47,0.21,0.84,0.16,0.21,0.74,1.58,2.32,0.63,0.16,0.11,0.26,2.79
Moses Brown,IND,9,5.11,1.44,2.22,0.0,0.0,0.33,0.56,0.44,1.0,1.44,0.0,0.22,0.11,0.67,3.22
Jalen Brunson,NYK,48,35.27,8.9,18.21,2.35,5.85,5.56,6.88,0.42,2.46,2.88,7.52,0.92,0.06,2.42,25.71
Thomas Bryant,MIA,10,11.5,1.2,2.8,0.6,1.7,1.1,1.1,0.6,2.6,3.2,0.4,0.1,0.9,0.2,4.1
Kobe Bufkin,ATL,10,12.4,1.8,4.7,0.4,1.9,1.3,1.8,0.5,1.6,2.1,1.7,0.3,0.2,0.8,5.3
Alec Burks,MIA,25,16.08,1.72,4.16,1.32,3.08,0.84,1.04,0.28,1.72,2.0,1.04,0.52,0.16,0.36,5.6
Jared Butler,WAS,32,11.31,2.66,5.5,0.47,1.28,1.09,1.41,0.44,0.84,1.28,2.56,0.38,0.16,0.91,6.88
Jimmy Butler,MIA,25,30.64,5.68,10.52,0.52,1.44,5.16,6.44,2.2,3.04,5.24,4.8,1.08,0.4,1.2,17.04
Matas Buzelis,CHI,48,13.58,1.94,4.79,0.83,2.35,0.71,0.85,0.65,2.17,2.81,0.44,0.23,0.81,0.58,5.42
Jamal Cain,NOP,19,12.37,1.37,3.05,0.53,1.63,0.53,0.84,0.84,1.58,2.42,0.53,0.47,0.37,0.42,3.79
Kentavious Caldwell-Pope,ORL,47,30.66,3.17,7.64,1.49,4.79,1.21,1.38,0.34,1.57,1.91,1.85,1.53,0.53,0.89,9.04
Toumani Camara,POR,47,31.81,3.77,8.43,1.45,4.13,1.13,1.55,2.26,3.49,5.74,2.04,1.4,0.57,1.47,10.11
Clint Capela,ATL,45,22.44,4.2,7.33,0.0,0.0,1.02,1.89,3.27,5.73,9.0,1.2,0.6,1.0,0.98,9.42
Branden Carlson,OKC,15,6.33,1.07,2.33,0.8,1.87,0.13,0.13,0.33,1.33,1.67,0.4,0.13,0.4,0.13,3.07
Carlton Carrington,WAS,48,29.15,3.12,8.06,1.5,4.52,0.71,0.88,0.35,3.58,3.94,3.83,0.73,0.19,1.48,8.46
Devin Carter,SAC,13,10.0,1.15,3.85,0.54,2.08,0.85,1.08,0.38,2.0,2.38,1.23,0.15,0.23,0.46,3.69
Jevon Carter,CHI,22,6.55,1.23,2.91,0.82,2.09,0.27,0.36,0.09,0.82,0.91,0.68,0.27,0.05,0.32,3.55
Wendell Carter Jr.,ORL,37,25.73,3.05,7.0,0.43,2.32,2.16,2.97,1.84,5.41,7.24,2.24,0.84,0.54,0.97,8.7
D.J. Carton,TOR,4,8.25,0.25,1.75,0.0,0.75,0.25,0.25,0.0,1.0,1.0,0.75,0.5,0.0,1.0,0.75
Alex Caruso,OKC,28,19.04,2.11,5.5,0.93,3.18,0.32,0.43,0.64,2.07,2.71,2.46,1.75,0.5,0.64,5.46
Stephon Castle,SAS,45,25.56,4.31,10.71,1.07,3.89,2.33,3.24,0.82,1.93,2.76,3.64,0.8,0.24,1.87,12.02
Colin Castleton,MEM,10,4.6,0.2,1.0,0.0,0.4,1.0,1.1,0.3,0.6,0.9,0.0,0.1,0.1,0.1,1.4
Julian Champagnie,SAS,46,25.52,3.65,8.72,2.37,6.43,1.0,1.11,0.83,3.41,4.24,1.24,0.72,0.46,1.02,10.67
Justin Champagnie,WAS,30,19.03,3.03,5.97,1.07,2.83,0.63,0.97,1.5,3.17,4.67,1.0,1.0,0.6,0.83,7.77
Ulrich Chomche,TOR,6,3.33,0.33,0.5,0.0,0.0,0.17,0.33,0.5,0.5,1.0,0.33,0.0,0.0,0.33,0.83
Cam Christie,LAC,5,5.8,0.4,1.8,0.2,1.2,0.2,0.4,0.2,1.0,1.2,0.4,0.4,0.0,0.4,1.2
Max Christie,LAL,46,25.09,2.78,6.26,1.3,3.54,1.61,1.89,0.54,2.13,2.67,1.43,0.76,0.46,0.85,8.48
Josh Christopher,MIA,8,3.5,0.25,0.88,0.0,0.12,0.25,0.5,0.0,0.38,0.38,0.5,0.0,0.12,0.5,0.75
Sidy Cissoko,SAS,17,3.18,0.53,1.06,0.18,0.41,0.06,0.35,0.18,0.41,0.59,0.35,0.06,0.0,0.12,1.29
Jaylen Clark,MIN,7,8.14,1.0,2.57,0.29,1.0,0.43,0.57,0.71,0.86,1.57,0.43,0.43,0.0,0.0,2.71
Brandon Clarke,MEM,46,18.8,3.5,5.7,0.02,0.35,0.78,1.15,1.8,3.17,4.98,0.98,0.87,0.54,0.61,7.8
Jordan Clarkson,UTA,25,25.2,5.32,13.0,2.08,5.8,3.16,3.88,0.6,2.52,3.12,3.76,0.92,0.28,2.28,15.88
Nic Claxton,BKN,42,26.43,4.29,7.88,0.02,0.33,1.29,2.4,2.0,5.55,7.55,1.98,0.95,1.21,1.19,9.88
Donovan Clingan,POR,36,16.22,2.14,4.08,0.17,0.61,0.69,0.94,2.72,3.75,6.47,0.75,0.44,1.56,1.19,5.14
Noah Clowney,BKN,37,23.05,3.03,8.08,2.0,5.65,1.38,1.62,0.95,2.97,3.92,0.81,0.51,0.51,1.03,9.43
Amir Coffey,LAC,48,26.12,3.52,7.48,1.52,3.69,1.6,1.77,0.5,1.98,2.48,1.17,0.6,0.1,0.73,10.17
Isaiah Collier,UTA,39,22.13,2.33,5.97,0.44,1.97,0.67,1.08,0.33,2.51,2.85,5.08,0.79,0.21,2.74,5.77
John Collins,UTA,30,29.83,6.63,12.37,1.5,3.23,3.27,3.77,2.23,5.97,8.2,2.33,1.03,1.0,2.67,18.03
Zach Collins,SAS,36,11.81,1.69,3.67,0.39,1.28,0.86,0.97,1.06,1.75,2.81,1.44,0.39,0.42,0.64,4.64
Mike Conley,MIN,44,24.98,2.55,6.89,1.77,4.64,1.27,1.41,0.48,2.14,2.61,4.39,1.3,0.18,1.14,8.14
Pat Connaughton,MIL,27,14.74,1.59,3.74,0.7,2.15,0.44,0.59,0.56,2.15,2.7,1.67,0.15,0.33,0.56,4.33
Bilal Coulibaly,WAS,44,33.07,4.34,10.43,1.02,3.77,2.5,3.25,1.43,3.5,4.93,3.32,1.3,0.77,2.09,12.2
Ricky Council IV,PHI,40,15.35,2.3,5.53,0.7,2.35,1.57,1.95,0.7,1.82,2.52,1.12,0.47,0.15,0.6,6.88
Torrey Craig,CHI,9,12.56,2.44,5.0,1.67,3.89,0.33,0.44,0.89,1.89,2.78,0.56,0.22,0.11,0.0,6.89
Isaiah Crawford,SAC,3,3.0,0.33,0.67,0.0,0.0,0.0,0.0,0.0,1.0,1.0,0.0,0.0,0.0,0.0,0.67
Cade Cunningham,DET,45,35.58,9.58,20.93,2.29,6.36,3.78,4.58,0.91,5.38,6.29,9.36,0.93,0.78,4.53,25.22
Seth Curry,CHA,39,13.69,2.1,4.28,1.05,2.26,0.38,0.44,0.38,1.03,1.41,0.56,0.44,0.13,0.41,5.64
Stephen Curry,GSW,39,31.72,7.41,16.85,4.21,10.46,3.05,3.26,0.51,4.1,4.62,6.21,1.1,0.49,2.9,22.08
Pacôme Dadiet,NYK,13,6.38,0.46,1.54,0.38,1.08,0.15,0.15,0.0,1.0,1.0,0.38,0.08,0.15,0.08,1.46
Dyson Daniels,ATL,44,33.66,5.73,12.27,1.16,3.64,0.95,1.57,1.73,3.57,5.3,3.7,3.02,0.75,1.86,13.57
Anthony Davis,LAL,42,34.26,9.52,18.05,0.67,2.24,6.02,7.64,2.83,9.05,11.88,3.36,1.29,2.14,2.21,25.74
Johnny Davis,WAS,33,7.27,0.97,2.36,0.21,0.88,0.27,0.45,0.3,0.85,1.15,0.33,0.45,0.18,0.21,2.42
JD Davison,BOS,5,4.8,0.4,1.0,0.2,0.6,0.2,0.4,0.0,0.4,0.4,0.2,0.2,0.0,1.2,1.2
DeMar DeRozan,SAC,43,35.81,7.98,16.56,0.86,2.7,4.67,5.42,0.56,3.19,3.74,3.56,1.14,0.42,1.37,21.49
Donte DiVincenzo,MIN,40,26.43,3.7,9.32,2.58,6.97,1.02,1.25,0.57,3.1,3.67,3.6,1.2,0.17,1.77,11.0
Moussa Diabaté,CHA,39,18.62,1.92,3.18,0.0,0.05,0.59,1.18,3.03,3.74,6.77,0.72,0.74,0.72,0.92,4.44
Gradey Dick,TOR,42,29.83,5.38,12.83,2.24,6.4,2.69,3.05,0.69,2.57,3.26,2.02,0.83,0.17,1.55,15.69
Ousmane Dieng,OKC,27,10.78,1.15,3.22,0.48,1.93,0.41,0.59,0.44,1.78,2.22,0.81,0.48,0.22,0.37,3.19
Rob Dillingham,MIN,24,11.29,2.42,4.79,0.88,1.88,0.12,0.29,0.17,0.96,1.12,2.33,0.29,0.0,1.38,5.83
Spencer Dinwiddie,DAL,48,25.02,3.21,7.92,1.31,3.94,2.4,2.81,0.21,2.25,2.46,3.71,0.92,0.21,1.1,10.12
Luka Dončić,DAL,22,35.68,9.82,21.18,3.41,9.64,5.09,6.64,0.73,7.59,8.32,7.82,2.0,0.41,3.41,28.14
Luguentz Dort,OKC,45,29.22,3.42,8.22,2.33,5.62,0.67,0.82,1.51,2.89,4.4,1.73,1.02,0.67,0.71,9.84
Ayo Dosunmu,CHI,39,30.56,4.74,9.82,1.44,4.21,1.31,1.67,0.64,3.05,3.69,4.56,0.82,0.44,1.31,12.23
Jeff Dowtin Jr.,PHI,22,11.23,1.45,3.59,0.27,1.0,0.55,0.77,0.14,1.09,1.23,1.5,0.36,0.18,0.14,3.73
PJ Dozier,MIN,9,3.89,0.22,0.33,0.22,0.33,0.11,0.67,0.11,0.44,0.56,0.56,0.11,0.0,0.11,0.78
Andre Drummond,PHI,28,19.21,2.89,5.68,0.04,0.39,1.25,2.18,2.5,5.14,7.64,0.57,1.14,0.36,1.68,7.07
Chris Duarte,CHI,17,4.35,0.71,1.53,0.35,0.88,0.35,0.47,0.29,0.88,1.18,0.53,0.0,0.0,0.06,2.12
Alex Ducas,OKC,10,3.7,0.6,1.1,0.6,1.0,0.0,0.0,0.1,0.2,0.3,0.1,0.1,0.0,0.1,1.8
David Duke Jr.,SAS,1,8.0,1.0,4.0,0.0,1.0,1.0,2.0,0.0,0.0,0.0,2.0,0.0,0.0,0.0,3.0
Kris Dunn,LAC,42,22.62,2.48,5.86,0.93,3.05,0.14,0.29,0.67,2.57,3.24,2.69,1.5,0.33,1.14,6.02
Ryan Dunn,PHX,43,19.63,2.88,6.42,1.05,3.33,0.23,0.49,1.05,2.37,3.42,0.98,0.49,0.6,0.4,7.05
Kevin Durant,PHX,38,35.92,9.76,18.58,2.37,5.84,5.03,6.08,0.42,5.68,6.11,4.13,0.82,1.32,3.0,26.92
Jalen Duren,DET,46,25.72,4.41,6.3,0.0,0.0,1.76,2.67,3.5,6.5,10.0,2.35,0.65,1.17,1.89,10.59
Tari Eason,HOU,32,23.25,4.31,9.12,1.03,3.03,1.56,2.12,2.12,4.22,6.34,1.09,1.88,0.81,0.91,11.22
Zach Edey,MEM,35,20.63,3.94,6.8,0.4,1.09,1.31,1.97,3.2,4.2,7.4,0.97,0.6,1.17,1.54,9.6
Anthony Edwards,MIN,48,36.67,9.06,20.23,4.12,9.75,4.35,5.25,0.75,4.94,5.69,4.54,1.15,0.67,3.42,26.6
Justin Edwards,PHI,19,22.84,2.84,6.11,1.32,3.74,0.53,0.79,1.05,2.05,3.11,1.32,0.79,0.32,0.89,7.53
Kessler Edwards,DAL,20,7.8,0.5,1.35,0.2,0.75,0.1,0.1,0.2,1.35,1.55,0.5,0.25,0.2,0.15,1.3
Keon Ellis,SAC,46,21.48,2.48,5.35,1.61,3.83,0.96,1.11,0.78,1.61,2.39,1.24,1.39,0.74,0.76,7.52
Joel Embiid,PHI,13,29.46,7.62,16.85,1.23,3.77,7.92,8.62,1.69,6.23,7.92,3.85,0.85,1.0,3.15,24.38
Drew Eubanks,UTA,37,15.35,2.38,3.92,0.08,0.14,0.97,1.54,1.08,3.46,4.54,1.22,0.27,0.86,0.84,5.81
Tosan Evbuomwan,BKN,15,24.53,3.47,7.67,0.87,2.6,1.93,2.6,1.13,3.0,4.13,1.53,0.67,0.27,1.87,9.73
Danté Exum,DAL,2,17.5,3.0,8.0,0.5,2.0,2.0,3.0,0.5,1.5,2.0,2.0,1.0,0.0,1.5,8.5
Bruno Fernando,TOR,17,8.65,1.53,2.88,0.0,0.0,0.35,0.47,1.24,1.76,3.0,1.06,0.24,0.53,0.82,3.41
Kyle Filipowski,UTA,37,18.24,2.24,4.65,0.57,1.89,0.86,1.43,1.03,3.59,4.62,1.84,0.57,0.14,0.97,5.92
Dorian Finney-Smith,BKN,20,28.95,3.65,7.95,2.35,5.4,0.75,1.2,1.55,3.0,4.55,1.55,0.9,0.6,0.9,10.4
Adam Flagler,OKC,16,3.88,0.31,2.0,0.31,1.75,0.0,0.0,0.19,0.31,0.5,0.0,0.12,0.06,0.06,0.94
Trentyn Flowers,LAC,2,8.0,2.0,4.5,0.0,1.0,0.5,0.5,0.5,1.5,2.0,0.0,0.0,0.0,0.5,4.5
Simone Fontecchio,DET,44,17.82,2.14,5.34,1.11,3.27,1.05,1.3,0.7,2.25,2.95,0.89,0.39,0.18,0.8,6.43
De'Aaron Fox,SAC,45,36.96,9.2,19.62,2.04,6.36,4.53,5.47,1.0,4.0,5.0,6.13,1.47,0.44,2.96,24.98
Enrique Freeman,IND,18,7.5,0.67,1.39,0.06,0.33,0.39,0.72,0.28,0.72,1.0,0.39,0.11,0.11,0.28,1.78
Johnny Furphy,IND,31,7.42,0.68,1.77,0.35,1.03,0.29,0.29,0.42,0.65,1.06,0.29,0.29,0.19,0.29,2.0
Daniel Gafford,DAL,47,21.53,5.13,7.28,0.0,0.0,2.47,3.49,2.74,4.0,6.74,1.38,0.43,1.83,1.21,12.72
Darius Garland,CLE,47,30.21,7.81,15.51,2.96,6.91,3.13,3.53,0.55,1.98,2.53,6.87,1.13,0.19,2.43,21.7
Luka Garza,MIN,17,5.24,1.41,2.71,0.29,0.88,0.41,0.59,0.53,0.76,1.29,0.12,0.06,0.06,0.29,3.53
Keyonte George,UTA,37,31.27,5.3,13.57,2.51,7.49,3.05,3.76,0.43,3.05,3.49,5.68,0.73,0.19,2.81,16.16
Kyshawn George,WAS,43,25.58,2.56,7.42,1.44,5.12,0.95,1.23,0.74,2.93,3.67,2.19,0.86,0.63,1.3,7.51
Paul George,PHI,30,32.03,6.27,14.6,2.43,6.67,2.17,2.63,0.67,4.97,5.63,4.7,1.7,0.37,2.73,17.13
Taj Gibson,CHA,20,10.8,1.0,2.3,0.05,0.1,0.35,0.6,1.45,1.95,3.4,0.55,0.3,0.45,0.65,2.4
Josh Giddey,CHI,46,28.7,4.48,10.11,1.24,3.76,1.5,2.0,1.63,5.74,7.37,6.61,1.11,0.52,2.74,11.7
Shai Gilgeous-Alexander,OKC,46,34.39,11.37,21.54,1.98,5.72,7.72,8.57,0.91,4.35,5.26,6.02,2.0,1.07,2.72,32.43
Anthony Gill,WAS,35,5.74,0.6,1.2,0.14,0.4,0.49,0.8,0.17,0.66,0.83,0.2,0.17,0.03,0.17,1.83
Collin Gillespie,PHX,5,3.2,0.6,1.0,0.2,0.2,0.0,0.0,0.4,0.4,0.8,0.2,0.0,0.2,0.0,1.4
Rudy Gobert,MIN,49,33.16,4.08,6.33,0.0,0.0,2.35,3.45,3.27,6.98,10.24,1.86,0.67,1.53,1.37,10.51
Aaron Gordon,DEN,28,26.68,4.46,8.57,1.14,2.79,2.5,3.14,1.57,3.25,4.82,2.61,0.46,0.21,1.39,12.57
Eric Gordon,PHI,36,20.08,2.36,5.31,1.53,3.58,1.0,1.33,0.17,0.94,1.11,1.58,0.69,0.31,0.69,7.25
Jazian Gortman,DAL,16,3.56,0.56,1.44,0.25,0.69,0.12,0.25,0.06,0.25,0.31,0.38,0.12,0.06,0.31,1.5
Jerami Grant,POR,37,31.95,4.65,12.11,2.3,6.03,3.05,3.59,0.51,2.78,3.3,2.22,0.73,1.05,1.32,14.65
AJ Green,MIL,40,21.82,2.65,5.92,2.27,5.17,0.33,0.38,0.28,2.08,2.35,1.23,0.55,0.1,0.53,7.9
Draymond Green,GSW,34,27.82,2.94,7.09,1.35,3.74,1.18,1.91,1.03,5.0,6.03,5.44,1.03,1.12,2.47,8.41
Jalen Green,HOU,48,33.04,7.52,17.52,2.88,8.1,3.58,4.1,0.54,3.79,4.33,2.79,0.92,0.31,2.48,21.5
Javonte Green,NOP,44,22.09,2.07,4.55,0.77,2.07,1.11,1.45,1.09,2.5,3.59,0.86,1.11,0.66,0.61,6.02
Jeff Green,HOU,14,10.36,1.5,2.79,0.57,1.71,0.5,0.64,0.14,1.14,1.29,0.21,0.21,0.07,0.29,4.07
Josh Green,CHA,43,28.53,2.63,6.02,1.47,3.51,0.74,1.05,1.02,1.81,2.84,1.51,1.07,0.26,0.88,7.47
Quentin Grimes,DAL,47,22.77,3.6,7.77,1.7,4.28,1.32,1.72,0.64,3.17,3.81,2.15,0.68,0.21,1.3,10.21
Mouhamed Gueye,ATL,5,13.6,2.4,6.2,0.2,2.8,0.0,0.2,0.6,2.4,3.0,0.4,1.0,0.4,0.2,5.0
Rui Hachimura,LAL,40,31.82,4.83,9.55,1.57,3.7,1.43,1.82,1.5,3.6,5.1,1.48,0.88,0.53,0.95,12.65
Tyrese Haliburton,IND,46,34.24,6.28,13.87,2.93,7.96,2.74,3.24,0.63,3.02,3.65,8.65,1.24,0.61,1.76,18.24
PJ Hall,DEN,10,2.8,0.4,0.8,0.0,0.3,0.3,0.4,0.2,0.8,1.0,0.2,0.0,0.1,0.1,1.1
Tim Hardaway Jr.,DET,45,28.47,3.53,8.47,2.09,5.56,1.69,2.07,0.18,2.02,2.2,1.51,0.47,0.04,0.71,10.84
James Harden,LAC,46,33.89,6.3,15.89,2.83,8.17,6.17,6.91,0.59,5.22,5.8,8.37,1.46,0.63,4.59,21.61
Jaden Hardy,DAL,39,15.62,3.05,7.1,1.31,3.38,0.95,1.28,0.18,1.41,1.59,1.38,0.54,0.13,1.46,8.36
Elijah Harkless,UTA,9,15.0,1.22,3.89,0.78,2.78,0.33,0.67,1.0,1.33,2.33,0.89,1.11,0.11,0.33,3.56
Gary Harris,ORL,22,16.18,1.36,3.45,0.91,2.64,0.18,0.36,0.5,0.68,1.18,0.45,0.68,0.27,0.45,3.82
Tobias Harris,DET,47,32.04,4.94,11.06,1.3,3.94,1.72,2.0,0.91,5.17,6.09,2.38,0.85,0.87,1.13,12.89
Josh Hart,NYK,48,37.54,5.44,9.71,1.17,3.35,2.15,2.65,2.27,7.48,9.75,5.79,1.56,0.35,1.9,14.19
Isaiah Hartenstein,OKC,27,29.81,5.0,8.96,0.0,0.44,1.7,2.63,3.04,9.44,12.48,4.33,0.78,1.19,1.85,11.7
Sam Hauser,BOS,41,20.05,2.73,6.22,2.12,5.37,0.05,0.05,0.63,2.34,2.98,1.0,0.71,0.2,0.39,7.63
Jordan Hawkins,NOP,31,23.42,3.77,10.23,2.0,5.97,1.58,1.9,0.39,2.1,2.48,0.94,0.68,0.42,0.9,11.13
Jaxson Hayes,LAL,26,16.85,2.08,3.08,0.0,0.08,1.15,1.5,1.31,2.69,4.0,0.81,0.5,0.88,0.73,5.31
Scoot Henderson,POR,42,26.69,4.29,9.95,1.43,3.98,2.57,3.31,0.69,2.33,3.02,5.29,1.14,0.29,2.67,12.57
Taylor Hendricks,UTA,3,25.0,1.33,6.0,1.0,4.0,1.0,1.33,1.67,3.33,5.0,0.67,1.67,1.33,0.67,4.67
Tyler Herro,MIA,46,35.5,8.28,17.63,3.8,9.65,3.43,4.0,0.35,5.17,5.52,5.43,0.72,0.13,2.46,23.8
Buddy Hield,GSW,48,23.12,4.19,10.15,2.58,7.02,0.73,0.88,0.56,2.73,3.29,1.65,0.88,0.29,1.25,11.69
Haywood Highsmith,MIA,45,24.18,2.53,5.29,1.22,3.07,0.36,0.53,0.84,2.33,3.18,1.22,0.93,0.62,0.76,6.64
Aaron Holiday,HOU,34,11.12,1.35,3.32,0.82,2.21,0.5,0.56,0.18,0.76,0.94,1.18,0.38,0.12,0.47,4.03
Jrue Holiday,BOS,43,30.33,4.07,9.21,1.79,5.19,1.16,1.3,1.14,3.21,4.35,3.74,0.95,0.44,1.35,11.09
Ronald Holland II,DET,49,15.43,2.43,5.33,0.51,1.98,0.98,1.24,0.53,2.24,2.78,0.8,0.59,0.14,0.84,6.35
Richaun Holmes,WAS,11,10.82,1.73,2.91,0.0,0.09,0.82,1.0,1.27,2.18,3.45,0.73,0.18,0.55,0.45,4.27
Chet Holmgren,OKC,10,26.5,5.6,11.1,1.4,3.7,3.8,4.9,1.6,7.1,8.7,2.0,0.8,2.6,2.3,16.4
Jalen Hood-Schifino,LAL,2,7.0,0.5,0.5,0.0,0.0,1.0,1.0,0.5,0.0,0.5,0.5,0.0,0.5,0.5,2.0
Al Horford,BOS,38,26.34,2.87,7.0,1.74,4.95,0.37,0.42,1.05,4.08,5.13,1.95,0.63,0.87,0.71,7.84
Talen Horton-Tucker,CHI,40,11.53,2.1,4.6,0.78,2.02,0.88,1.2,0.35,1.35,1.7,1.32,0.38,0.2,0.65,5.85
Caleb Houstan,ORL,34,12.06,0.91,2.88,0.76,2.5,0.26,0.26,0.38,0.62,1.0,0.44,0.21,0.09,0.15,2.85
Jett Howard,ORL,41,11.12,1.61,4.32,0.95,3.02,0.37,0.44,0.44,0.8,1.24,0.61,0.17,0.17,0.46,4.54
Kevin Huerter,SAC,43,20.91,2.98,7.21,1.44,4.77,0.47,0.65,0.44,2.35,2.79,1.72,0.84,0.37,0.86,7.86
Jay Huff,MEM,42,13.43,2.83,5.4,1.5,3.6,0.88,1.14,0.52,1.79,2.31,0.69,0.26,0.95,0.67,8.05
Ariel Hukporti,NYK,17,7.18,0.65,1.0,0.0,0.0,0.35,0.59,0.29,1.35,1.65,0.35,0.0,0.65,0.65,1.65
De'Andre Hunter,ATL,35,28.4,6.06,13.23,2.49,6.51,4.26,4.97,0.74,3.11,3.86,1.49,0.83,0.14,1.6,18.86
Bones Hyland,LAC,19,11.32,2.16,5.79,1.53,4.05,1.11,1.26,0.26,1.0,1.26,1.47,0.89,0.21,1.21,6.95
Oso Ighodaro,PHX,39,15.15,1.54,2.72,0.0,0.05,0.49,0.9,0.87,2.41,3.28,0.95,0.46,0.33,0.59,3.56
Joe Ingles,MIN,11,5.27,0.36,0.82,0.18,0.45,0.0,0.0,0.18,0.18,0.36,1.18,0.09,0.0,0.45,0.91
Brandon Ingram,NOP,18,33.06,8.61,18.5,2.39,6.39,2.61,3.06,0.94,4.61,5.56,5.17,0.89,0.61,3.83,22.22
Harrison Ingram,SAS,1,7.0,0.0,1.0,0.0,0.0,0.0,0.0,0.0,1.0,1.0,0.0,0.0,0.0,0.0,0.0
Kyrie Irving,DAL,39,35.95,8.9,18.56,2.95,7.1,3.51,3.9,1.08,3.56,4.64,4.85,1.23,0.33,2.31,24.26
Jonathan Isaac,ORL,44,16.68,2.23,5.34,0.66,2.57,1.14,1.7,1.86,3.0,4.86,0.48,0.8,1.3,0.43,6.25
Jaden Ivey,DET,30,29.93,6.33,13.77,2.1,5.13,2.83,3.87,1.33,2.8,4.13,3.97,0.93,0.37,2.97,17.6
GG Jackson,MEM,7,15.71,2.29,7.29,0.86,4.0,1.0,1.29,1.0,2.57,3.57,0.86,0.29,0.29,1.0,6.43
Isaiah Jackson,IND,5,16.8,2.8,4.6,0.0,0.0,1.4,2.8,2.2,3.4,5.6,1.0,0.6,1.6,1.0,7.0
Quenton Jackson,IND,18,14.11,2.17,4.22,0.5,1.33,0.83,1.17,0.56,0.94,1.5,1.72,0.5,0.28,0.61,5.67
Reggie Jackson,PHI,29,12.31,1.62,4.34,0.79,2.45,0.24,0.31,0.28,1.14,1.41,1.48,0.48,0.1,0.59,4.28
Andre Jackson Jr.,MIL,45,17.38,1.58,3.38,0.56,1.44,0.2,0.36,1.11,2.18,3.29,1.47,0.6,0.27,1.07,3.91
Jaren Jackson Jr.,MEM,47,29.64,8.38,16.85,1.94,5.34,4.38,5.64,1.43,4.7,6.13,2.15,1.32,1.6,2.21,23.09
Trayce Jackson-Davis,GSW,46,19.5,3.43,6.04,0.0,0.02,1.13,1.87,2.35,3.85,6.2,2.11,0.46,0.74,0.85,8.0
Bronny James,LAL,15,3.87,0.2,1.53,0.0,0.6,0.33,0.33,0.07,0.4,0.47,0.4,0.2,0.13,0.27,0.73
LeBron James,LAL,44,34.68,9.32,18.18,2.09,5.52,3.3,4.3,0.89,6.68,7.57,9.07,0.82,0.52,3.82,24.02
Jaime Jaquez Jr.,MIA,42,23.38,3.38,7.67,0.62,2.05,1.93,2.6,1.24,3.5,4.74,2.67,1.17,0.17,1.55,9.31
DaQuan Jeffries,CHA,15,16.93,2.0,4.33,1.0,2.47,0.47,0.53,0.8,1.93,2.73,0.87,0.73,0.4,0.47,5.47
Trey Jemison,NOP,16,10.38,0.94,2.0,0.0,0.0,0.5,1.31,1.38,1.38,2.75,0.62,0.44,0.38,0.62,2.38
Daniss Jenkins,DET,3,2.67,0.0,1.33,0.0,1.33,0.0,0.0,0.0,0.0,0.0,0.0,0.0,0.0,0.33,0.0
Ty Jerome,CLE,46,18.96,4.17,8.09,1.5,3.48,1.5,1.7,0.72,1.63,2.35,3.43,1.22,0.02,1.2,11.35
Isaiah Joe,OKC,43,20.95,3.35,7.84,2.4,6.12,0.37,0.53,0.47,2.05,2.51,1.4,0.72,0.14,0.47,9.47
AJ Johnson,MIL,6,2.5,0.5,1.17,0.17,0.17,0.0,0.0,0.0,0.5,0.5,0.5,0.0,0.0,0.33,1.17
Cameron Johnson,BKN,35,32.31,6.46,13.14,3.2,7.63,3.29,3.66,0.71,3.34,4.06,2.94,0.8,0.49,1.71,19.4
Jalen Johnson,ATL,36,35.67,7.53,15.06,1.22,3.92,2.61,3.5,1.72,8.25,9.97,5.03,1.56,1.0,2.94,18.89
James Johnson,IND,9,3.11,0.44,0.89,0.0,0.22,0.0,0.11,0.0,0.44,0.44,0.33,0.0,0.22,0.44,0.89
Keldon Johnson,SAS,43,24.02,4.65,10.02,1.14,3.7,1.95,2.58,1.3,3.51,4.81,1.4,0.6,0.26,0.84,12.4
Keon Johnson,BKN,47,22.77,3.43,9.21,1.43,4.87,1.17,1.53,0.66,2.68,3.34,1.89,0.85,0.3,1.28,9.45
Keshad Johnson,MIA,10,5.7,0.7,1.2,0.1,0.4,0.1,0.6,0.2,1.5,1.7,0.3,0.1,0.4,0.3,1.6
Nikola Jokić,DEN,43,36.37,11.26,19.79,2.05,4.37,5.05,6.19,3.16,9.67,12.84,10.3,1.86,0.65,3.19,29.6
Colby Jones,SAC,23,5.3,0.48,1.09,0.17,0.39,0.0,0.0,0.26,0.61,0.87,0.22,0.22,0.26,0.3,1.13
Dillon Jones,OKC,28,8.61,0.79,2.32,0.25,1.32,0.29,0.5,0.64,1.21,1.86,0.79,0.18,0.11,0.36,2.11
Herbert Jones,NOP,20,32.4,3.75,8.6,1.1,3.6,1.65,2.0,1.1,2.8,3.9,3.25,1.85,0.45,1.75,10.25
Isaac Jones,SAC,23,8.35,1.52,2.26,0.04,0.17,0.52,1.0,0.48,1.0,1.48,0.22,0.13,0.35,0.48,3.61
Kai Jones,LAC,27,7.59,0.93,1.3,0.0,0.07,0.33,0.44,0.56,1.11,1.67,0.37,0.22,0.48,0.37,2.19
Mason Jones,SAC,4,5.0,0.5,1.25,0.0,0.75,0.25,0.5,0.25,1.5,1.75,2.25,0.0,0.0,0.25,1.25
Spencer Jones,DEN,5,2.6,0.2,0.8,0.0,0.6,0.0,0.0,0.0,0.6,0.6,0.0,0.4,0.0,0.2,0.4
Tre Jones,SAS,28,16.07,1.61,3.32,0.29,0.93,0.89,1.18,0.54,1.54,2.07,3.71,0.64,0.18,0.75,4.39
Tyus Jones,PHX,47,29.6,4.19,8.89,2.06,4.91,0.74,0.85,0.53,1.91,2.45,5.94,0.89,0.11,1.3,11.19
Derrick Jones Jr.,LAC,47,25.21,4.13,7.98,0.98,2.7,1.06,1.36,1.36,2.36,3.72,0.87,1.23,0.4,0.94,10.3
DeAndre Jordan,DEN,34,11.71,1.56,2.41,0.0,0.0,0.35,0.85,1.29,3.24,4.53,0.79,0.29,0.47,0.71,3.47
Cory Joseph,ORL,29,7.59,0.72,2.03,0.48,1.38,0.07,0.14,0.21,0.59,0.79,0.83,0.38,0.1,0.38,2.0
Nikola Jović,MIA,38,24.24,3.61,8.03,1.63,4.39,1.74,2.05,0.63,3.39,4.03,2.84,0.89,0.29,1.21,10.58
Johnny Juzang,UTA,32,17.84,2.47,5.91,1.69,4.22,0.69,0.78,0.59,2.16,2.75,1.03,0.38,0.16,0.5,7.31
Yuki Kawamura,MEM,17,3.29,0.47,1.24,0.24,0.88,0.24,0.35,0.0,0.35,0.35,0.71,0.06,0.0,0.24,1.41
Kylor Kelley,DAL,3,16.67,2.33,3.0,0.0,0.0,1.0,1.33,2.0,3.67,5.67,0.33,0.0,0.67,0.33,5.67
Luke Kennard,MEM,36,22.17,3.39,6.94,2.28,4.61,1.0,1.14,0.67,2.28,2.94,3.47,0.67,0.08,1.08,10.06
Walker Kessler,UTA,37,29.76,4.7,6.51,0.05,0.16,1.46,2.68,4.35,7.08,11.43,1.49,0.57,2.32,1.41,10.92
Corey Kispert,WAS,43,26.53,4.02,9.16,1.84,5.33,1.19,1.37,0.6,2.35,2.95,1.53,0.58,0.23,1.02,11.07
Maxi Kleber,DAL,34,18.74,1.09,2.82,0.38,1.44,0.47,0.62,0.74,2.06,2.79,1.26,0.26,0.5,0.68,3.03
Bobi Klintman,DET,3,2.67,0.0,0.67,0.0,0.33,0.0,0.0,0.0,0.67,0.67,0.33,0.0,0.0,0.0,0.0
Dalton Knecht,LAL,47,20.7,3.36,7.32,1.6,4.49,1.0,1.21,0.51,2.53,3.04,0.87,0.34,0.06,0.51,9.32
Tyler Kolek,NYK,28,5.21,0.64,1.68,0.39,1.0,0.21,0.21,0.07,0.46,0.54,0.79,0.25,0.04,0.32,1.89
Christian Koloko,LAL,27,8.67,0.93,1.48,0.0,0.07,0.19,0.22,0.96,1.19,2.15,0.44,0.26,0.3,0.26,2.04
John Konchar,MEM,25,14.16,1.04,2.56,0.56,1.8,0.2,0.24,1.04,2.96,4.0,1.04,0.56,0.44,0.4,2.84
Luke Kornet,BOS,44,16.89,2.05,3.18,0.0,0.0,1.02,1.34,2.2,2.77,4.98,1.45,0.5,0.95,0.43,5.11
Vít Krejčí,ATL,34,20.09,2.29,5.35,1.29,3.56,0.56,0.79,0.38,1.94,2.32,2.56,0.74,0.47,0.88,6.44
Jonathan Kuminga,GSW,32,26.0,6.06,13.22,1.25,3.62,3.38,5.28,1.38,3.59,4.97,2.19,0.91,0.56,1.56,16.75
Kyle Kuzma,WAS,31,27.61,5.9,14.0,1.35,4.74,1.81,3.06,0.84,5.0,5.84,2.48,0.61,0.23,2.29,14.97
Jake LaRavia,MEM,45,21.18,2.58,5.24,0.87,1.96,1.47,2.04,1.42,2.98,4.4,2.89,0.89,0.42,1.53,7.49
Zach LaVine,CHI,42,34.1,8.64,16.9,3.24,7.26,3.45,4.33,0.29,4.52,4.81,4.5,0.93,0.24,2.88,23.98
Jock Landale,HOU,24,9.75,1.21,2.83,0.17,0.33,0.67,1.08,1.29,1.5,2.79,0.88,0.21,0.33,0.46,3.25
Pelle Larsson,MIA,31,12.58,1.42,3.1,0.45,1.48,0.65,1.0,0.42,1.03,1.45,0.94,0.45,0.06,0.39,3.94
Caris LeVert,CLE,36,24.08,3.75,7.92,1.67,3.94,1.61,2.31,0.56,2.28,2.83,3.81,0.89,0.53,1.31,10.78
Damion Lee,PHX,12,5.75,1.0,3.0,0.25,1.58,0.92,0.92,0.08,0.75,0.83,0.58,0.33,0.0,0.42,3.17
Alex Len,SAC,35,7.29,0.63,1.17,0.03,0.17,0.2,0.37,0.71,1.11,1.83,0.86,0.23,0.51,0.31,1.49
Kawhi Leonard,LAC,11,24.45,6.73,14.18,1.55,4.55,1.36,1.91,0.73,3.73,4.45,2.45,1.0,0.27,1.73,16.36
Malevy Leons,OKC,6,3.5,0.0,0.33,0.0,0.17,0.33,0.67,0.17,0.33,0.5,0.17,0.0,0.0,0.17,0.33
Maxwell Lewis,LAL,7,4.14,0.29,0.86,0.0,0.0,0.0,0.0,0.29,0.0,0.29,0.29,0.14,0.0,0.29,0.57
E.J. Liddell,CHI,6,5.17,0.83,1.33,0.5,1.0,0.33,0.33,0.17,0.67,0.83,0.5,0.17,0.17,0.33,2.5
Damian Lillard,MIL,40,36.45,7.7,17.27,3.38,8.88,6.22,6.75,0.53,4.05,4.58,7.33,1.18,0.23,2.83,25.0
Dereck Lively II,DAL,32,24.0,3.88,5.53,0.0,0.0,1.38,2.16,3.09,4.75,7.84,2.62,0.53,1.69,1.22,9.12
Chris Livingston,MIL,10,2.9,0.1,0.3,0.0,0.0,0.2,0.2,0.5,0.8,1.3,0.1,0.2,0.0,0.3,0.4
Kevon Looney,GSW,42,16.21,2.26,4.26,0.0,0.05,0.71,1.43,2.79,3.95,6.74,1.74,0.74,0.43,0.55,5.24
Brook Lopez,MIL,47,32.13,4.57,9.64,1.87,5.13,1.06,1.34,1.13,3.6,4.72,1.74,0.74,1.96,1.0,12.09
Kevin Love,MIA,18,11.11,1.94,5.5,1.17,3.22,0.72,1.06,0.94,3.22,4.17,1.06,0.78,0.11,0.72,5.78
Kyle Lowry,PHI,30,19.63,1.27,3.5,0.93,2.67,0.8,0.97,0.33,1.67,2.0,2.83,1.03,0.3,0.67,4.27
Trey Lyles,SAC,38,19.79,2.24,5.63,1.29,3.84,0.82,1.11,1.13,3.61,4.74,0.92,0.58,0.45,0.61,6.58
Sandro Mamukelashvili,SAS,30,8.47,1.63,2.97,0.7,1.73,0.6,0.83,0.67,1.83,2.5,0.5,0.23,0.27,0.43,4.57
Terance Mann,LAC,36,20.0,2.42,5.31,0.72,2.03,0.64,0.89,0.89,2.06,2.94,1.61,0.75,0.31,0.69,6.19
Tre Mann,CHA,13,24.54,5.38,12.38,1.85,4.62,1.46,1.62,0.92,2.0,2.92,3.0,0.54,0.31,1.92,14.08
Lauri Markkanen,UTA,36,31.83,6.25,14.78,3.0,8.61,3.86,4.44,1.67,4.5,6.17,1.72,0.75,0.42,1.42,19.36
Naji Marshall,DAL,37,24.32,4.27,8.59,0.86,2.81,1.32,1.51,0.86,2.7,3.57,2.49,0.92,0.11,1.41,10.73
Caleb Martin,PHI,31,30.42,3.26,7.48,1.06,2.81,1.48,2.39,1.39,3.0,4.39,2.23,1.1,0.65,1.39,9.06
Cody Martin,CHA,39,24.79,2.97,6.87,1.03,3.18,0.87,1.26,1.03,3.49,4.51,2.28,1.1,0.67,1.08,7.85
Jaylen Martin,BKN,3,1.67,0.33,0.67,0.33,0.33,0.0,0.0,0.0,0.0,0.0,0.0,0.0,0.0,0.0,1.0
KJ Martin,PHI,24,20.0,2.54,4.12,0.33,0.88,1.0,1.21,0.88,2.12,3.0,0.79,0.46,0.67,0.5,6.42
Tyrese Martin,BKN,31,21.32,3.0,7.52,1.58,4.48,0.55,0.84,1.1,2.81,3.9,1.77,0.42,0.16,1.26,8.13
Garrison Mathews,ATL,40,18.45,2.27,5.65,1.93,4.83,1.5,1.82,0.33,1.52,1.85,1.38,0.62,0.28,0.7,7.97
Bennedict Mathurin,IND,45,31.96,5.82,12.31,1.51,4.22,3.27,3.96,1.22,4.6,5.82,1.84,0.64,0.38,2.02,16.42
Karlo Matković,NOP,11,8.27,0.73,1.64,0.09,0.27,0.0,0.0,0.82,1.36,2.18,0.36,0.55,0.73,0.73,1.55
Tyrese Maxey,PHI,41,37.95,9.56,21.63,3.34,9.59,5.2,5.95,0.24,3.2,3.44,6.05,1.88,0.41,2.46,27.66
Miles McBride,NYK,39,23.28,3.36,7.95,1.74,4.69,0.87,1.05,0.82,1.67,2.49,2.82,0.82,0.18,0.72,9.33
Jared McCain,PHI,23,25.74,5.48,11.91,2.22,5.78,2.13,2.43,0.57,1.87,2.43,2.61,0.65,0.0,1.61,15.3
Mac McClung,ORL,1,5.0,0.0,0.0,0.0,0.0,0.0,0.0,0.0,1.0,1.0,2.0,0.0,0.0,0.0,0.0
CJ McCollum,NOP,36,33.47,8.25,18.42,3.03,8.25,2.33,3.33,0.69,2.92,3.61,3.81,0.81,0.53,1.67,21.86
T.J. McConnell,IND,46,18.8,4.54,8.61,0.15,0.59,0.74,1.0,0.57,2.04,2.61,4.46,1.2,0.28,1.52,9.98
Jaden McDaniels,MIN,49,31.27,4.18,9.06,1.29,3.76,1.06,1.35,1.45,3.9,5.35,1.65,1.49,0.84,1.06,10.71
Bryce McGowens,POR,8,2.62,0.5,0.88,0.0,0.25,0.62,0.75,0.12,0.0,0.12,0.12,0.12,0.0,0.38,1.62
Jordan McLaughlin,SAC,28,6.79,0.57,1.57,0.36,0.93,0.39,0.57,0.14,0.61,0.75,0.86,0.39,0.0,0.39,1.89
Jack McVeigh,HOU,6,3.5,0.5,1.83,0.33,1.33,0.0,0.0,0.17,0.5,0.67,0.17,0.0,0.17,0.17,1.33
De'Anthony Melton,GSW,6,20.17,3.67,9.0,2.17,5.83,0.83,1.33,1.0,2.33,3.33,2.83,1.17,0.33,1.67,10.33
Sam Merrill,CLE,41,18.59,2.34,6.05,1.83,5.22,0.54,0.56,0.49,1.41,1.9,1.63,0.56,0.2,0.46,7.05
Vasilije Micić,CHA,35,21.03,2.6,7.4,1.2,3.46,0.91,1.11,0.57,1.83,2.4,3.49,0.43,0.0,2.11,7.31
Khris Middleton,MIL,23,23.22,4.7,9.17,1.52,3.74,1.7,2.0,0.22,3.48,3.7,4.43,0.74,0.22,1.61,12.61
Brandon Miller,CHA,27,34.22,7.33,18.19,3.85,10.85,2.52,2.93,0.93,3.93,4.85,3.63,1.07,0.74,2.81,21.04
Jordan Miller,LAC,29,12.76,1.86,4.34,0.28,1.24,0.9,1.14,0.76,1.03,1.79,1.07,0.52,0.17,0.76,4.9
Leonard Miller,MIN,5,3.0,0.2,1.4,0.0,0.6,1.2,1.2,0.6,1.0,1.6,0.0,0.2,0.0,0.4,1.6
Patty Mills,UTA,17,15.29,1.53,4.47,1.0,3.35,0.29,0.29,0.18,1.06,1.24,1.24,0.71,0.18,0.94,4.35
Shake Milton,BKN,27,18.22,2.7,5.81,1.04,2.67,0.93,1.22,0.59,1.3,1.89,2.37,0.56,0.04,0.74,7.37
Justin Minaya,POR,6,3.0,0.0,0.17,0.0,0.0,0.0,0.0,0.33,0.17,0.5,0.33,0.17,0.0,0.0,0.0
Riley Minix,SAS,1,7.0,0.0,1.0,0.0,1.0,0.0,0.0,0.0,2.0,2.0,0.0,0.0,0.0,0.0,0.0
Josh Minott,MIN,30,7.17,1.07,2.27,0.23,0.97,0.3,0.37,0.23,0.83,1.07,0.43,0.4,0.33,0.23,2.67
Yves Missi,NOP,46,26.96,3.43,6.2,0.0,0.02,1.83,2.8,3.52,4.59,8.11,1.37,0.54,1.5,1.17,8.7
Ajay Mitchell,OKC,34,16.5,2.47,4.88,0.65,1.5,0.82,0.97,0.5,1.47,1.97,1.68,0.71,0.09,0.82,6.41
Davion Mitchell,TOR,43,24.72,2.37,5.56,0.95,2.67,0.56,0.84,0.37,1.58,1.95,4.6,0.7,0.19,1.77,6.26
Donovan Mitchell,CLE,47,31.15,8.3,18.45,3.66,9.19,3.43,4.11,0.66,3.64,4.3,4.7,1.4,0.21,1.91,23.68
Evan Mobley,CLE,43,29.91,7.05,12.3,1.09,2.74,3.07,4.05,2.09,7.05,9.14,2.86,0.88,1.47,1.88,18.26
Jonathan Mogbo,TOR,36,16.36,1.94,4.19,0.22,0.69,0.97,1.33,1.75,2.39,4.14,1.56,0.72,0.44,0.86,5.08
Malik Monk,SAC,40,31.85,6.58,14.62,2.3,6.95,2.58,2.95,0.35,3.35,3.7,5.88,1.0,0.57,2.02,18.02
Moses Moody,GSW,41,18.07,3.0,6.88,1.68,4.27,1.07,1.49,0.51,1.61,2.12,1.12,0.49,0.32,0.68,8.76
Tazé Moore,POR,2,10.0,1.0,5.0,0.5,2.0,0.5,1.0,2.0,2.0,4.0,0.5,1.0,0.0,1.0,3.0
Wendell Moore Jr.,DET,20,10.95,1.15,2.5,0.2,0.7,0.65,0.7,0.55,1.65,2.2,1.15,0.5,0.15,0.45,3.15
Ja Morant,MEM,28,28.43,6.96,15.64,1.46,4.79,4.93,6.07,0.64,3.54,4.18,7.5,1.25,0.32,3.89,20.32
Markieff Morris,DAL,7,5.86,0.71,3.14,0.29,1.86,0.0,0.0,0.0,1.14,1.14,0.57,0.14,0.14,0.29,1.71
Monté Morris,PHX,38,12.97,1.76,4.24,0.55,1.82,0.89,1.05,0.26,1.18,1.45,1.66,0.42,0.08,0.42,4.97
Trey Murphy III,NOP,33,35.36,7.45,15.97,3.18,8.61,3.97,4.48,0.91,4.18,5.09,3.06,1.21,0.76,1.64,22.06
Dejounte Murray,NOP,31,32.65,6.26,15.94,1.68,5.61,3.29,4.0,0.55,5.9,6.45,7.35,2.03,0.39,3.42,17.48
Jamal Murray,DEN,43,36.0,7.6,16.51,2.05,5.65,3.14,3.6,0.6,3.42,4.02,6.07,1.44,0.58,2.26,20.4
Keegan Murray,SAC,45,35.11,4.67,10.82,1.82,5.64,0.82,1.0,2.18,4.91,7.09,1.4,0.82,0.87,0.87,11.98
Kris Murray,POR,41,13.78,1.71,3.73,0.39,1.49,0.34,0.78,1.05,1.17,2.22,0.88,0.41,0.2,0.54,4.15
Svi Mykhailiuk,UTA,18,18.89,3.61,8.56,2.17,6.11,0.61,0.78,0.44,1.83,2.28,1.67,0.72,0.28,1.72,10.0
Pete Nance,PHI,7,9.71,0.71,2.14,0.57,1.71,0.14,0.29,0.29,1.14,1.43,0.43,0.14,0.0,0.0,2.14
Larry Nance Jr.,ATL,19,19.21,3.21,6.37,1.42,3.16,0.42,0.53,0.95,3.26,4.21,1.53,0.95,0.63,0.68,8.26
Andrew Nembhard,IND,31,28.45,4.1,8.68,0.81,2.42,1.9,2.52,0.55,2.84,3.39,5.19,1.19,0.1,1.74,10.9
Aaron Nesmith,IND,12,20.92,2.92,5.75,1.08,2.42,1.5,1.67,0.5,2.83,3.33,1.0,0.33,0.25,0.75,8.42
Tristen Newton,IND,5,1.6,0.2,1.2,0.0,0.6,0.2,0.2,0.0,0.0,0.0,0.2,0.0,0.0,0.2,0.6
Georges Niang,CLE,49,20.51,3.31,6.9,1.8,4.45,0.41,0.51,0.67,3.04,3.71,1.35,0.35,0.14,0.96,8.82
Daishen Nix,MIN,3,4.33,0.0,0.33,0.0,0.33,0.33,0.67,0.0,1.33,1.33,1.0,0.0,0.0,1.33,0.33
Zeke Nnaji,DEN,28,5.14,0.64,1.36,0.0,0.39,0.11,0.25,0.11,0.46,0.57,0.14,0.07,0.29,0.14,1.39
Jaylen Nowell,NOP,8,21.0,3.25,9.12,1.0,3.38,0.88,1.38,0.75,1.75,2.5,2.25,0.12,0.5,1.0,8.38
Jusuf Nurkić,PHX,25,23.68,2.96,6.52,0.76,2.36,1.92,2.76,1.84,7.32,9.16,1.88,0.92,0.64,2.28,8.6
Royce O'Neale,PHX,42,25.0,3.24,7.69,2.19,5.52,0.4,0.52,0.86,4.31,5.17,2.02,0.93,0.5,0.98,9.07
Josh Okogie,PHX,25,14.04,2.24,4.56,0.64,1.68,0.88,1.28,1.28,1.6,2.88,0.56,0.84,0.4,0.64,6.0
Onyeka Okongwu,ATL,42,24.83,4.62,8.26,0.43,1.57,2.02,2.74,2.83,4.95,7.79,1.98,0.88,0.83,0.98,11.69
Isaac Okoro,CLE,28,19.68,2.0,4.68,1.11,2.79,0.64,0.89,0.79,1.29,2.07,1.64,0.68,0.39,0.39,5.75
Quincy Olivari,LAL,2,5.0,0.5,2.5,0.5,2.5,0.0,0.0,0.0,0.0,0.0,0.5,0.0,0.0,0.5,1.5
Kelly Olynyk,TOR,22,15.32,2.32,4.55,0.77,1.59,1.45,1.86,0.86,2.45,3.32,2.32,0.68,0.36,1.5,6.86
Kelly Oubre Jr.,PHI,45,34.2,5.49,11.96,1.22,4.18,2.24,3.0,1.64,4.71,6.36,1.89,1.49,0.47,1.33,14.44
Chris Paul,SAS,46,29.11,3.15,7.54,1.74,4.8,1.48,1.54,0.48,3.67,4.15,8.17,1.33,0.22,1.54,9.52
Cameron Payne,NYK,43,14.35,2.53,5.98,1.47,3.72,0.67,0.74,0.26,1.21,1.47,2.47,0.6,0.26,0.65,7.21
Gary Payton II,GSW,37,13.62,2.19,4.03,0.27,1.22,0.54,0.76,0.97,2.14,3.11,1.3,0.65,0.3,0.73,5.19
Drew Peterson,BOS,13,9.0,0.85,1.85,0.54,1.38,0.46,0.54,0.38,1.62,2.0,0.62,0.15,0.15,0.38,2.69
Julian Phillips,CHI,48,13.06,1.54,3.52,0.6,1.9,0.6,0.85,0.88,1.12,2.0,0.42,0.42,0.23,0.42,4.29
Jalen Pickett,DEN,19,7.95,1.05,2.21,0.53,1.21,0.05,0.05,0.16,0.68,0.84,1.47,0.16,0.05,0.37,2.68
Scotty Pippen Jr.,MEM,49,21.35,3.57,7.69,0.96,2.78,1.45,2.18,0.82,2.59,3.41,4.65,1.22,0.35,1.82,9.55
Daeqwon Plowden,ATL,2,16.5,4.0,5.0,3.0,4.0,1.0,1.0,1.5,1.0,2.5,0.0,0.0,0.0,0.5,12.0
Mason Plumlee,PHX,47,17.43,1.53,2.68,0.0,0.04,0.96,1.51,1.66,4.62,6.28,1.83,0.45,0.79,0.85,4.02
Brandin Podziemski,GSW,35,24.09,3.34,7.8,1.29,3.89,0.91,1.14,0.97,3.49,4.46,3.29,0.97,0.2,1.06,8.89
Jordan Poole,WAS,41,31.02,6.66,15.95,3.61,9.17,3.73,4.32,0.46,2.61,3.07,4.78,1.49,0.49,3.37,20.66
Craig Porter Jr.,CLE,29,8.07,1.03,1.76,0.28,0.52,0.21,0.28,0.14,0.72,0.86,1.03,0.21,0.34,0.52,2.55
Kevin Porter Jr.,LAC,44,19.8,3.84,9.09,0.57,2.36,1.11,1.73,0.64,2.93,3.57,3.23,0.98,0.25,1.89,9.36
Michael Porter Jr.,DEN,49,33.14,6.82,13.31,2.49,6.2,1.86,2.53,1.59,4.82,6.41,2.16,0.61,0.47,1.31,17.98
Bobby Portis,MIL,41,24.66,5.46,11.73,1.27,3.49,1.2,1.46,1.71,6.22,7.93,1.98,0.68,0.51,1.22,13.39
Kristaps Porziņģis,BOS,25,28.4,6.36,13.36,2.56,6.16,3.96,4.76,1.68,5.4,7.08,2.08,0.76,1.6,0.92,19.24
Quinten Post,GSW,10,12.7,2.5,5.8,1.4,3.6,0.5,0.5,0.9,1.9,2.8,1.5,0.1,0.3,0.7,6.9
Micah Potter,UTA,19,17.89,1.37,3.37,0.95,2.63,0.16,0.16,1.05,2.84,3.89,0.79,0.26,0.47,0.63,3.84
Dwight Powell,DAL,33,7.61,0.42,0.55,0.03,0.03,0.61,0.91,0.67,1.12,1.79,0.7,0.36,0.45,0.21,1.48
Norman Powell,LAC,40,33.25,8.38,16.77,3.4,7.8,3.92,4.72,0.38,3.25,3.62,2.2,1.38,0.17,2.08,24.07
Taurean Prince,MIL,47,25.83,2.68,5.96,1.74,3.85,0.4,0.51,0.55,3.21,3.77,2.06,0.83,0.15,0.98,7.51
Payton Pritchard,BOS,49,27.55,4.82,10.33,3.16,7.59,1.02,1.2,1.33,2.24,3.57,3.39,0.9,0.18,0.98,13.82
Olivier-Maxence Prosper,DAL,39,9.77,1.23,3.03,0.23,1.0,0.9,1.44,0.85,1.51,2.36,0.69,0.38,0.13,0.31,3.59
Jakob Pöltl,TOR,44,31.23,6.32,10.34,0.0,0.05,1.73,2.64,3.5,6.8,10.3,2.86,1.16,1.32,1.98,14.36
Trevelin Queen,ORL,21,15.81,1.9,4.86,0.76,2.57,0.43,0.52,0.76,0.86,1.62,1.43,1.05,0.38,0.9,5.0
Neemias Queta,BOS,39,14.62,2.15,3.23,0.0,0.05,0.82,1.13,1.41,2.33,3.74,0.67,0.33,0.72,0.64,5.13
Immanuel Quickley,TOR,11,26.27,5.09,12.73,2.18,5.91,3.18,3.45,0.18,2.0,2.18,5.73,0.55,0.18,1.45,15.55
Lester Quinones,PHI,4,4.25,1.0,2.0,0.0,0.75,0.25,0.25,0.75,0.25,1.0,0.25,0.0,0.0,1.0,2.25
Julius Randle,MIN,48,32.58,6.58,14.02,1.48,4.6,4.21,5.19,2.12,5.04,7.17,4.46,0.73,0.23,2.83,18.85
Duop Reath,POR,24,5.46,0.75,2.0,0.42,1.38,0.25,0.33,0.38,0.54,0.92,0.25,0.0,0.08,0.17,2.17
Austin Reaves,LAL,42,34.76,6.12,13.64,2.6,7.0,3.57,4.24,0.79,3.48,4.26,6.1,1.12,0.14,2.4,18.4
Cam Reddish,LAL,31,18.06,1.19,2.77,0.42,1.45,0.52,0.84,0.48,1.52,2.0,0.71,1.0,0.32,0.39,3.32
Paul Reed,DET,27,10.07,1.67,3.04,0.19,0.63,0.78,0.93,0.74,1.59,2.33,1.0,1.07,0.52,0.48,4.3
Alex Reese,OKC,1,2.0,1.0,1.0,0.0,0.0,0.0,0.0,1.0,0.0,1.0,0.0,0.0,0.0,0.0,2.0
Antonio Reeves,NOP,18,9.22,1.72,4.22,0.61,2.11,0.39,0.44,0.33,0.67,1.0,0.61,0.33,0.0,0.28,4.44
Naz Reid,MIN,48,25.27,4.98,10.29,2.12,5.08,1.4,1.77,0.9,4.15,5.04,1.75,0.75,0.79,1.21,13.48
Jared Rhoden,CHA,4,3.0,0.5,2.0,0.0,0.5,0.0,0.0,0.5,0.5,1.0,0.5,0.25,0.0,0.25,1.0
Nick Richards,CHA,21,20.95,3.05,5.43,0.0,0.05,2.81,4.14,2.43,5.1,7.52,1.33,0.33,1.24,1.57,8.9
Josh Richardson,MIA,8,18.62,1.38,4.75,0.75,2.75,0.5,0.5,0.75,0.75,1.5,1.5,1.0,0.12,1.0,4.0
Zaccharie Risacher,ATL,42,23.83,4.17,10.0,1.31,4.21,1.5,2.19,1.36,2.17,3.52,1.21,0.81,0.5,1.17,11.14
Liam Robbins,MIL,13,4.38,0.15,0.62,0.0,0.15,0.38,0.77,0.54,0.38,0.92,0.15,0.15,0.15,0.46,0.69
Duncan Robinson,MIA,45,24.53,3.93,9.33,2.56,6.73,0.76,0.84,0.29,2.16,2.44,2.69,0.56,0.11,1.09,11.18
Orlando Robinson,SAC,9,6.33,0.78,1.89,0.11,0.56,0.44,0.78,0.33,1.22,1.56,1.0,0.33,0.11,0.44,2.11
Jeremiah Robinson-Earl,NOP,40,18.2,2.2,4.92,0.7,2.3,0.62,0.72,1.77,3.08,4.85,1.27,0.7,0.15,0.72,5.72
David Roddy,ATL,27,12.81,1.63,3.44,0.59,1.59,0.67,0.81,0.41,2.19,2.59,1.11,0.44,0.3,0.74,4.52
Ryan Rollins,MIL,31,11.87,1.81,3.9,0.58,1.71,0.45,0.58,0.35,1.16,1.52,1.13,0.68,0.35,0.84,4.65
Terry Rozier,MIA,43,28.53,4.51,10.93,1.56,5.19,1.67,1.93,0.77,3.42,4.19,2.95,0.58,0.3,1.49,12.26
Rayan Rupert,POR,34,8.06,0.94,2.26,0.29,1.03,0.38,0.53,0.59,0.56,1.15,0.47,0.24,0.06,0.47,2.56
D'Angelo Russell,LAL,29,26.31,4.45,10.72,1.93,5.79,1.55,1.83,0.28,2.48,2.76,4.69,0.79,0.14,1.72,12.38
Matt Ryan,NYK,17,3.65,0.53,1.59,0.29,0.94,0.12,0.12,0.0,0.41,0.41,0.06,0.12,0.0,0.18,1.47
Domantas Sabonis,SAC,45,36.2,8.13,13.44,1.16,2.44,3.33,4.33,3.93,10.44,14.38,6.53,0.64,0.42,3.02,20.76
Tidjane Salaün,CHA,34,18.38,1.59,5.0,0.88,3.15,0.62,0.91,1.03,3.06,4.09,1.09,0.59,0.18,0.85,4.68
Adama Sanogo,CHI,4,5.5,1.0,1.75,0.0,0.0,0.0,0.0,1.25,0.25,1.5,0.25,0.0,0.0,0.25,2.0
Gui Santos,GSW,24,13.0,1.46,3.08,0.79,1.96,0.46,0.71,1.08,1.67,2.75,1.25,0.38,0.12,0.62,4.17
Alexandre Sarr,WAS,41,26.78,4.34,10.93,1.41,4.61,1.37,2.12,1.83,4.8,6.63,2.2,0.66,1.56,1.39,11.46
Marcus Sasser,DET,38,14.08,2.32,5.0,0.87,2.58,0.53,0.58,0.34,0.89,1.24,2.21,0.63,0.11,0.84,6.03
Baylor Scheierman,BOS,9,6.0,0.33,1.89,0.11,1.33,0.22,0.22,0.22,1.22,1.44,0.44,0.22,0.0,0.0,1.0
Dennis Schröder,BKN,23,33.57,6.39,14.13,2.52,6.52,3.13,3.52,0.17,2.78,2.96,6.61,1.13,0.17,2.57,18.43
Alperen Sengun,HOU,46,31.35,7.61,15.5,0.33,1.43,3.59,5.07,3.41,6.96,10.37,5.02,1.28,0.8,2.39,19.13
Brice Sensabaugh,UTA,37,18.16,3.57,7.73,1.84,4.73,0.89,0.95,0.59,2.03,2.62,1.27,0.57,0.08,1.46,9.86
Collin Sexton,UTA,45,29.11,6.6,13.8,1.93,4.67,3.58,4.0,1.07,1.87,2.93,4.2,0.69,0.09,2.56,18.71
Landry Shamet,NYK,18,10.67,1.17,2.83,0.5,1.67,0.06,0.22,0.22,0.56,0.78,0.44,0.44,0.11,0.39,2.89
Terrence Shannon Jr.,MIN,10,4.5,0.7,1.3,0.1,0.3,0.0,0.0,0.0,0.2,0.2,0.5,0.2,0.1,0.3,1.5
Day'Ron Sharpe,BKN,27,17.26,3.15,6.37,0.19,1.07,1.41,1.85,2.89,3.33,6.22,1.41,0.7,0.52,1.15,7.89
Shaedon Sharpe,POR,41,30.85,6.49,14.51,1.98,6.1,2.49,3.12,0.71,3.17,3.88,2.46,0.8,0.24,1.93,17.44
Jamal Shead,TOR,43,16.6,2.07,5.02,0.79,2.23,0.49,0.65,0.26,0.86,1.12,3.4,0.58,0.12,1.47,5.42
Ben Sheppard,IND,33,20.58,1.97,4.82,1.27,3.39,0.3,0.36,0.64,1.91,2.55,1.21,0.55,0.24,0.36,5.52
Reed Sheppard,HOU,33,11.39,1.24,3.94,0.67,2.36,0.15,0.18,0.3,0.97,1.27,1.15,0.58,0.33,0.58,3.3
Pascal Siakam,IND,47,33.11,7.96,14.98,1.77,4.26,2.83,3.79,1.81,5.55,7.36,3.49,0.89,0.43,1.32,20.51
Ben Simmons,BKN,32,25.19,2.84,5.16,0.0,0.0,0.56,0.81,0.91,4.31,5.22,6.97,0.78,0.5,2.75,6.25
Anfernee Simons,POR,45,32.02,6.47,15.24,2.93,7.96,2.36,2.62,0.31,2.47,2.78,4.8,0.82,0.11,2.07,18.22
K.J. Simpson,CHA,16,16.94,1.69,6.12,0.44,2.69,1.31,1.69,1.19,1.06,2.25,2.25,0.75,0.25,1.06,5.12
Jericho Sims,NYK,37,11.38,0.76,1.24,0.0,0.0,0.22,0.35,1.38,2.11,3.49,0.59,0.22,0.27,0.57,1.73
Marcus Smart,MEM,18,21.22,2.94,7.89,1.61,4.83,1.67,2.0,0.78,1.56,2.33,3.83,1.28,0.33,1.89,9.17
Dru Smith,MIA,14,19.14,2.21,4.36,1.14,2.14,0.64,0.86,0.86,1.71,2.57,1.64,1.5,0.43,1.21,6.21
Jalen Smith,CHI,45,15.36,2.96,6.33,1.18,3.44,1.24,1.49,1.49,4.09,5.58,0.84,0.27,0.78,0.62,8.33
Tyler Smith,MIL,13,3.31,0.92,1.38,0.38,0.77,0.08,0.15,0.15,0.77,0.92,0.08,0.0,0.23,0.23,2.31
Jabari Smith Jr.,HOU,33,30.94,4.12,9.48,1.7,4.79,1.97,2.27,1.79,4.73,6.52,1.0,0.36,0.97,0.91,11.91
Nick Smith Jr.,CHA,28,16.46,2.46,6.68,1.25,3.79,0.21,0.25,0.14,1.64,1.79,1.57,0.36,0.18,0.86,6.39
Jeremy Sochan,SAS,27,27.3,4.74,9.11,0.44,1.52,1.93,2.7,2.48,5.0,7.48,2.56,0.93,0.59,1.74,11.85
Cam Spencer,MEM,10,12.1,1.3,3.0,0.5,1.6,0.9,0.9,0.5,1.2,1.7,1.6,0.3,0.1,0.5,4.0
Pat Spencer,GSW,18,6.83,0.94,2.5,0.11,0.56,0.39,0.56,0.5,0.78,1.28,1.5,0.44,0.11,0.56,2.39
Jaden Springer,BOS,26,5.42,0.46,1.31,0.23,0.73,0.58,0.81,0.15,0.77,0.92,0.38,0.46,0.04,0.15,1.73
Isaiah Stewart,DET,44,20.25,2.23,4.25,0.18,0.75,0.77,0.93,1.95,3.82,5.77,1.73,0.41,1.27,0.89,5.41
Julian Strawther,DEN,49,21.73,3.27,7.51,1.55,4.16,1.18,1.41,0.27,1.84,2.1,1.31,0.65,0.29,0.8,9.27
Max Strus,CLE,21,24.19,2.9,6.86,2.05,5.43,0.24,0.33,0.81,3.33,4.14,3.1,0.62,0.38,1.0,8.1
Jalen Suggs,ORL,35,28.63,5.63,13.74,2.17,6.91,2.77,3.14,0.66,3.37,4.03,3.69,1.46,0.94,2.91,16.2
Cole Swider,DET,2,6.5,0.0,2.5,0.0,2.5,0.0,0.0,0.0,1.0,1.0,0.5,0.0,0.0,0.0,0.0
Jae'Sean Tate,HOU,29,10.93,1.41,2.9,0.21,0.66,0.83,1.24,0.9,1.28,2.17,0.69,0.62,0.07,0.45,3.86
Jayson Tatum,BOS,47,36.51,9.04,19.85,3.57,10.04,5.19,6.49,0.6,8.26,8.85,5.66,1.23,0.49,2.87,26.85
Garrett Temple,TOR,17,3.88,0.18,0.88,0.06,0.41,0.24,0.24,0.12,0.47,0.59,0.65,0.35,0.12,0.24,0.65
Dalen Terry,CHI,47,12.72,1.38,3.06,0.4,1.15,0.62,0.89,0.57,0.91,1.49,1.21,0.47,0.23,0.74,3.79
Daniel Theis,NOP,38,16.34,1.61,3.39,0.24,0.97,0.82,0.97,1.16,3.16,4.32,1.58,0.47,0.53,0.66,4.26
Cam Thomas,BKN,19,32.32,7.95,17.74,2.84,7.58,5.95,6.79,0.53,3.05,3.58,3.37,0.74,0.05,2.68,24.68
Amen Thompson,HOU,45,31.0,5.22,9.58,0.31,1.29,2.89,4.09,2.69,5.4,8.09,2.87,1.38,1.18,1.89,13.64
Ausar Thompson,DET,27,19.93,3.41,6.7,0.26,1.19,1.0,1.7,1.52,3.26,4.78,1.59,1.48,0.48,1.3,8.07
Klay Thompson,DAL,43,27.19,4.81,11.67,3.0,7.7,0.84,0.93,0.63,2.79,3.42,2.02,0.84,0.44,1.44,13.47
Tristan Thompson,CLE,25,8.0,0.76,1.76,0.0,0.12,0.2,0.88,0.72,2.28,3.0,0.68,0.04,0.28,0.4,1.72
JT Thor,CLE,9,4.78,1.0,1.67,0.33,0.67,0.78,0.89,0.33,0.33,0.67,0.11,0.22,0.33,0.67,3.11
Xavier Tillman,BOS,26,7.31,0.38,1.54,0.15,0.85,0.04,0.08,0.31,1.08,1.38,0.27,0.31,0.19,0.35,0.96
Jacob Toppin,NYK,16,3.06,0.19,0.62,0.0,0.12,0.0,0.0,0.12,0.56,0.69,0.25,0.12,0.0,0.12,0.38
Obi Toppin,IND,44,19.07,3.86,7.11,1.16,3.3,1.11,1.41,0.7,3.32,4.02,1.57,0.68,0.36,0.66,10.0
Karl-Anthony Towns,NYK,44,34.55,8.75,16.36,1.98,4.66,4.84,5.75,3.07,10.5,13.57,3.39,0.98,0.8,2.55,24.32
Armel Traoré,LAL,8,7.62,0.62,2.25,0.0,0.88,0.25,0.88,0.12,1.62,1.75,0.12,0.5,0.25,0.25,1.5
Luke Travers,CLE,6,7.0,0.5,1.17,0.0,0.5,0.33,0.33,0.17,0.83,1.0,0.83,0.17,0.17,0.33,1.33
Gary Trent Jr.,MIL,42,24.69,3.33,7.79,2.19,5.21,0.74,0.81,0.17,2.14,2.31,1.02,0.98,0.05,0.6,9.6
Oscar Tshiebwe,UTA,3,15.33,1.33,2.0,0.0,0.0,2.0,2.67,1.67,5.0,6.67,0.0,1.33,0.0,0.33,4.67
Myles Turner,IND,44,31.18,5.55,11.55,2.09,5.23,2.39,3.16,1.32,5.5,6.82,1.57,0.84,1.86,1.95,15.57
Hunter Tyson,DEN,33,7.45,0.67,1.79,0.33,1.09,0.42,0.58,0.33,1.18,1.52,0.39,0.15,0.12,0.27,2.09
Jaylon Tyson,CLE,31,9.06,1.13,2.61,0.35,1.06,0.35,0.48,0.68,1.42,2.1,0.84,0.23,0.06,0.39,2.97
Stanley Umude,MIL,19,3.16,0.21,1.05,0.11,0.58,0.11,0.21,0.21,0.53,0.74,0.11,0.16,0.11,0.11,0.63
Jonas Valančiūnas,WAS,48,19.88,4.69,8.5,0.15,0.54,1.94,2.15,2.33,5.73,8.06,2.17,0.46,0.58,1.81,11.46
Fred VanVleet,HOU,45,35.47,5.04,13.04,2.67,7.76,1.87,2.27,0.67,3.22,3.89,5.8,1.6,0.44,1.56,14.62
Jarred Vanderbilt,LAL,4,13.75,1.25,3.25,0.0,0.75,0.0,0.0,2.5,2.75,5.25,1.5,2.25,0.0,0.5,2.5
Devin Vassell,SAS,31,30.0,6.1,14.0,2.32,6.45,1.71,2.26,0.68,2.97,3.65,3.03,1.1,0.55,1.61,16.23
Gabe Vincent,LAL,40,20.05,1.9,4.75,1.05,3.2,0.12,0.25,0.28,0.97,1.25,1.25,0.7,0.25,0.62,4.97
Tristan Vukcevic,WAS,9,4.67,1.0,2.33,0.22,1.22,0.44,0.56,0.44,0.44,0.89,0.44,0.0,0.11,0.33,2.67
Nikola Vučević,CHI,49,32.27,8.1,14.71,1.86,4.63,1.8,2.18,2.37,8.0,10.37,3.57,0.92,0.71,1.63,19.86
Dean Wade,CLE,35,22.83,2.09,5.11,1.49,4.26,0.37,0.71,1.0,4.09,5.09,1.57,0.86,0.46,0.31,6.03
Franz Wagner,ORL,30,32.97,8.83,19.23,2.03,6.53,5.37,6.13,0.9,4.6,5.5,5.2,1.47,0.47,2.37,25.07
Moritz Wagner,ORL,30,18.8,4.67,8.3,0.9,2.5,2.63,3.67,1.33,3.6,4.93,1.4,0.8,0.4,1.63,12.87
Jabari Walker,POR,36,10.33,1.33,2.94,0.19,0.94,0.44,0.72,0.81,2.08,2.89,0.44,0.53,0.14,0.56,3.31
Jarace Walker,IND,46,16.89,2.26,4.85,0.98,2.52,0.74,1.15,0.37,2.91,3.28,1.48,0.93,0.39,1.15,6.24
Cason Wallace,OKC,46,27.37,3.0,6.78,0.98,2.93,0.3,0.39,1.09,2.37,3.46,2.39,1.76,0.57,0.74,7.28
Keaton Wallace,ATL,21,17.76,2.33,5.43,1.0,2.86,0.43,0.43,0.24,1.38,1.62,2.29,1.05,0.29,1.19,6.1
Jordan Walsh,BOS,34,7.85,0.56,1.59,0.32,1.12,0.15,0.29,0.35,0.74,1.09,0.26,0.24,0.24,0.24,1.59
Ja'Kobe Walter,TOR,30,18.6,2.6,6.73,0.93,3.23,1.07,1.53,0.7,1.73,2.43,1.47,0.57,0.2,0.73,7.2
Kel'el Ware,MIA,32,17.72,3.44,6.19,0.75,1.84,0.75,1.03,1.12,3.91,5.03,0.62,0.56,1.03,0.72,8.38
P.J. Washington,DAL,42,32.93,5.19,11.83,1.62,4.26,2.43,3.24,1.64,6.71,8.36,2.33,1.21,1.0,1.9,14.43
TyTy Washington Jr.,PHX,4,7.0,0.75,1.5,0.5,0.75,0.0,0.0,0.0,0.25,0.25,1.0,0.5,0.0,0.25,2.0
Lindy Waters III,GSW,38,17.24,2.0,5.39,1.29,3.89,0.21,0.29,0.42,2.11,2.53,1.11,0.58,0.26,0.45,5.5
Trendon Watford,BKN,15,16.13,2.8,6.4,0.6,2.0,2.0,2.47,0.4,2.6,3.0,1.2,0.47,0.27,1.27,8.2
Peyton Watson,DEN,48,24.12,2.92,6.19,0.67,1.96,1.58,2.1,0.81,2.62,3.44,1.5,0.85,1.23,0.9,8.08
Jaylen Wells,MEM,49,26.29,4.08,9.18,1.92,5.02,1.51,1.8,1.08,2.12,3.2,1.76,0.59,0.12,0.96,11.59
Victor Wembanyama,SAS,40,33.15,8.97,18.85,3.25,9.07,3.38,3.98,1.73,9.18,10.9,3.65,1.1,3.98,3.4,24.57
Blake Wesley,SAS,30,9.37,1.23,2.7,0.13,0.7,0.5,0.7,0.2,0.57,0.77,1.9,0.47,0.1,0.9,3.1
Russell Westbrook,DEN,48,27.67,4.9,10.27,1.15,3.46,2.04,3.19,1.38,3.73,5.1,6.4,1.5,0.5,3.04,12.98
Coby White,CHI,43,32.63,6.26,14.37,3.02,8.26,2.88,3.26,0.35,3.02,3.37,4.6,0.98,0.19,2.49,18.42
Derrick White,BOS,47,33.74,5.51,12.55,3.32,8.81,1.74,2.09,0.94,3.28,4.21,4.21,0.87,1.17,1.6,16.09
Dariq Whitehead,BKN,8,7.0,1.5,3.12,1.38,2.62,0.12,0.38,0.12,0.5,0.62,0.12,0.38,0.12,0.38,4.5
Cam Whitmore,HOU,29,16.48,3.59,8.28,1.21,3.79,1.0,1.38,0.79,2.38,3.17,0.83,0.66,0.24,1.1,9.38
Aaron Wiggins,OKC,47,21.23,3.96,8.13,1.38,3.81,0.68,0.83,1.06,2.53,3.6,1.55,0.72,0.23,0.87,9.98
Andrew Wiggins,GSW,42,30.02,6.05,13.67,2.21,5.79,3.07,3.9,1.57,3.07,4.64,2.38,0.95,0.79,1.31,17.38
Alondes Williams,DET,1,4.0,2.0,2.0,1.0,1.0,0.0,0.0,0.0,0.0,0.0,1.0,0.0,0.0,0.0,5.0
Brandon Williams,DAL,17,7.06,0.94,2.35,0.29,0.88,0.59,0.76,0.12,0.65,0.76,1.12,0.18,0.0,0.59,2.76
Cody Williams,UTA,26,20.96,1.38,4.62,0.58,2.42,0.54,0.85,0.5,1.69,2.19,1.35,0.5,0.38,0.85,3.88
Grant Williams,CHA,16,29.94,3.38,7.69,1.69,4.62,1.94,2.31,1.12,4.0,5.12,2.31,1.12,0.81,1.75,10.38
Jalen Williams,OKC,45,32.8,8.16,17.18,1.73,5.0,3.09,3.96,0.82,4.76,5.58,5.16,1.8,0.76,2.27,21.13
Jaylin Williams,OKC,20,16.35,2.1,5.1,1.2,3.55,0.3,0.3,1.2,4.05,5.25,2.5,0.5,0.55,0.65,5.7
Kenrich Williams,OKC,36,14.14,2.28,4.44,0.83,2.19,0.42,0.47,0.83,2.5,3.33,0.94,0.61,0.14,0.56,5.81
Mark Williams,CHA,21,24.67,6.24,10.43,0.0,0.05,3.19,4.19,3.43,6.19,9.62,2.52,0.67,1.24,1.1,15.67
Nate Williams,HOU,6,3.5,1.17,1.5,0.33,0.67,0.0,0.0,0.0,0.5,0.5,0.17,0.33,0.17,0.17,2.67
Patrick Williams,CHI,40,26.65,3.35,8.82,1.65,4.62,1.07,1.35,0.72,3.4,4.12,2.15,0.78,0.62,1.38,9.43
Ziaire Williams,BKN,35,23.31,3.26,8.03,1.29,3.97,1.83,2.26,1.06,3.6,4.66,1.43,1.03,0.4,1.03,9.63
Robert Williams III,POR,17,17.29,2.41,3.71,0.06,0.18,0.88,1.0,1.76,3.94,5.71,1.0,0.65,1.71,0.88,5.76
Vince Williams Jr.,MEM,3,15.0,2.33,6.33,0.33,2.67,0.33,1.33,1.33,2.33,3.67,3.0,0.0,0.67,2.33,5.33
Zion Williamson,NOP,13,28.46,9.0,17.31,0.15,0.85,5.46,8.46,3.15,5.0,8.15,5.0,1.15,1.23,3.31,23.62
Jalen Wilson,BKN,48,27.75,3.27,8.35,1.4,4.52,1.67,1.98,1.04,2.46,3.5,1.92,0.54,0.04,1.17,9.6
James Wiseman,IND,1,5.0,2.0,4.0,0.0,1.0,2.0,2.0,0.0,1.0,1.0,0.0,0.0,0.0,0.0,6.0
Delon Wright,MIL,25,15.32,0.88,3.12,0.48,1.84,0.32,0.56,0.6,1.12,1.72,1.8,0.84,0.32,0.56,2.56
Guerschon Yabusele,PHI,46,26.59,4.07,7.89,1.57,3.89,1.28,1.8,1.87,3.67,5.54,2.0,0.78,0.41,1.3,10.98
Cui Yongxi,BKN,5,2.0,0.2,1.4,0.0,0.6,0.2,0.4,0.0,0.4,0.4,0.0,0.0,0.0,0.0,0.6
Trae Young,ATL,45,35.98,7.0,17.47,2.91,8.58,5.89,6.87,0.51,2.78,3.29,11.51,1.29,0.22,4.62,22.8
Ivica Zubac,LAC,47,31.98,6.79,11.09,0.0,0.0,1.68,2.81,3.79,8.87,12.66,2.49,0.72,1.17,1.7,15.26
Tristan da Silva,ORL,46,26.2,3.26,7.76,1.28,3.87,0.85,1.0,1.28,2.8,4.09,1.74,0.5,0.24,0.93,8.65
Vlatko Čančar,DEN,4,8.5,1.0,1.75,0.25,0.5,0.0,0.0,0.75,1.25,2.0,0.0,0.0,0.25,0.5,2.25
Dario Šarić,DEN,13,14.77,1.38,4.15,0.46,1.85,0.54,0.77,1.0,2.62,3.62,1.69,0.54,0.08,1.08,3.77
