Player,TEAM_ABBREVIATION,MIN,FGM,FGA,FG3M,FG3A,FTM,FTA,OREB,DREB,REB,AST,STL,BLK,TOV,PTS,GP,FPPG
A.J. Green,MIL,11.0,1.5,3.5,1.2,3.0,0.3,0.3,0.2,1.0,1.1,0.5,0.2,0.1,0.2,4.5,56,8.1
A.J. Lawson,DAL,7.4,1.3,2.9,0.3,1.2,0.4,0.5,0.3,0.9,1.2,0.5,0.2,0.1,0.3,3.2,42,5.9
AJ Griffin,ATL,8.6,0.9,3.1,0.5,2.0,0.1,0.1,0.1,0.8,0.9,0.3,0.1,0.1,0.4,2.4,20,3.0999999999999996
Aaron Gordon,DEN,31.5,5.5,9.8,0.5,1.9,2.4,3.7,2.4,4.1,6.5,3.5,0.8,0.6,1.4,13.9,73,30.599999999999994
Aaron Holiday,HOU,16.3,2.4,5.3,1.1,2.8,0.7,0.8,0.3,1.3,1.6,1.8,0.5,0.1,0.7,6.6,78,13.299999999999999
Aaron Nesmith,IND,27.7,4.4,8.8,1.9,4.6,1.5,1.9,0.9,2.9,3.8,1.5,0.9,0.7,0.9,12.2,72,25.099999999999998
Aaron Wiggins,OKC,15.7,2.7,4.8,0.8,1.6,0.7,0.9,0.8,1.6,2.4,1.1,0.7,0.2,0.7,6.9,78,14.900000000000002
Adam Flagler,OKC,7.0,0.5,3.5,0.5,3.0,0.0,0.0,0.0,0.0,0.0,2.0,0.0,0.0,0.0,1.5,2,3.5
Adama Sanogo,CHI,7.3,1.6,3.0,0.0,0.0,0.9,1.3,2.1,1.9,4.0,0.0,0.1,0.0,0.6,4.0,9,7.0
Admiral Schofield,ORL,3.7,0.4,1.1,0.3,0.7,0.0,0.1,0.1,0.6,0.7,0.3,0.0,0.0,0.2,1.1,23,1.9
Al Horford,BOS,26.8,3.3,6.4,1.7,4.0,0.4,0.5,1.3,5.1,6.4,2.6,0.6,1.0,0.7,8.6,65,27.0
Alec Burks,TOT,17.633333333333333,3.0333333333333337,8.366666666666667,1.7666666666666666,4.766666666666667,2.0,2.3333333333333335,0.3666666666666667,1.8333333333333333,2.1999999999999997,1.2666666666666668,0.39999999999999997,0.16666666666666666,0.6999999999999998,9.833333333333334,132,14.566666666666668
Aleksej Pokusevski,TOT,13.233333333333334,1.5666666666666667,3.9,0.5666666666666667,1.8333333333333333,0.9666666666666668,1.3333333333333333,0.5333333333333333,2.3333333333333335,2.866666666666667,1.1666666666666667,0.4666666666666666,0.4333333333333333,0.6333333333333333,4.6000000000000005,56,11.566666666666668
Alex Caruso,CHI,28.7,3.6,7.6,1.9,4.7,1.0,1.4,0.9,3.0,3.8,3.5,1.7,1.0,1.4,10.1,71,30.0
Alex Fudge,TOT,7.733333333333333,1.2666666666666666,2.8333333333333335,0.2333333333333333,0.9333333333333332,0.26666666666666666,0.26666666666666666,0.7333333333333334,0.2333333333333333,0.9333333333333332,0.0,0.6666666666666666,0.0,0.3666666666666667,3.0,12,5.799999999999999
Alex Len,SAC,9.3,1.0,1.7,0.0,0.1,0.4,0.7,1.0,1.7,2.7,1.0,0.2,0.7,0.6,2.5,48,9.600000000000001
Alondes Williams,MIA,2.3,0.3,1.1,0.0,0.6,0.1,0.1,0.0,0.1,0.1,0.0,0.0,0.1,0.3,0.7,7,0.09999999999999987
Alperen Sengun,HOU,32.5,8.4,15.6,0.5,1.8,3.9,5.6,2.9,6.4,9.3,5.0,1.2,0.7,2.6,21.1,63,42.80000000000001
Amari Bailey,CHO,6.5,0.8,2.4,0.1,0.8,0.6,0.7,0.6,0.3,0.9,0.7,0.3,0.0,0.4,2.3,10,4.2
Amen Thompson,HOU,22.4,3.9,7.2,0.1,0.9,1.7,2.5,2.4,4.2,6.6,2.6,1.3,0.6,1.5,9.5,62,25.799999999999997
Amir Coffey,LAC,20.9,2.4,5.0,1.0,2.6,0.9,1.0,0.4,1.7,2.1,1.1,0.6,0.2,0.5,6.6,70,13.8
Andre Drummond,CHI,17.1,3.4,6.1,0.0,0.0,1.6,2.8,3.4,5.6,9.0,0.5,0.9,0.6,1.0,8.4,79,21.9
Andre Jackson Jr.,MIL,10.0,0.9,1.8,0.3,0.8,0.1,0.2,0.8,1.2,2.0,0.9,0.3,0.1,0.5,2.2,57,6.800000000000001
Andrew Funk,CHI,2.6,0.0,0.8,0.0,0.6,0.0,0.0,0.0,0.0,0.0,0.0,0.2,0.2,0.0,0.0,5,0.8
Andrew Nembhard,IND,25.0,3.8,7.7,0.9,2.5,0.7,0.8,0.5,1.5,2.1,4.1,0.9,0.1,1.5,9.2,68,21.2
Andrew Wiggins,GSW,27.0,5.0,11.0,1.3,3.6,2.0,2.7,1.5,3.0,4.5,1.7,0.6,0.6,1.2,13.2,71,23.1
Anfernee Simons,POR,34.4,7.8,18.2,3.4,8.8,3.5,3.9,0.5,3.2,3.6,5.5,0.5,0.1,2.7,22.6,46,34.6
Anthony Black,ORL,16.9,1.7,3.6,0.5,1.4,0.7,1.2,0.5,1.5,2.0,1.3,0.5,0.3,0.8,4.6,69,10.6
Anthony Davis,LAL,35.5,9.4,16.9,0.4,1.4,5.5,6.8,3.1,9.5,12.6,3.5,1.2,2.3,2.1,24.7,76,55.1
Anthony Edwards,MIN,35.1,9.1,19.7,2.4,6.7,5.4,6.4,0.7,4.8,5.4,5.1,1.3,0.5,3.1,25.9,79,42.4
Anthony Gill,WAS,9.3,1.5,3.2,0.2,0.8,0.6,0.7,0.7,1.1,1.9,0.7,0.3,0.2,0.5,3.8,50,7.999999999999999
Armoni Brooks,BRK,10.4,1.5,4.6,1.1,3.2,0.1,0.2,0.7,1.1,1.8,0.5,0.1,0.1,0.3,4.2,10,6.6
Ashton Hagans,POR,16.6,1.5,3.7,0.4,1.3,0.7,0.9,0.7,1.6,2.4,2.8,0.6,0.5,1.6,4.2,19,12.899999999999999
Ausar Thompson,DET,25.1,3.7,7.6,0.3,1.8,1.1,1.9,2.0,4.3,6.4,1.9,1.1,0.9,1.3,8.8,63,23.700000000000003
Austin Reaves,LAL,32.1,5.6,11.5,1.9,5.1,2.8,3.3,0.7,3.6,4.3,5.5,0.8,0.3,2.1,15.9,82,32.5
Ayo Dosunmu,CHI,29.1,4.7,9.5,1.6,3.9,1.1,1.4,0.7,2.1,2.8,3.2,0.9,0.5,1.4,12.2,76,25.4
Bam Adebayo,MIA,34.0,7.5,14.3,0.2,0.6,4.1,5.5,2.2,8.1,10.4,3.9,1.1,0.9,2.3,19.3,71,40.400000000000006
Ben Sheppard,IND,14.3,1.6,4.0,0.9,2.7,0.4,0.5,0.3,1.3,1.6,0.9,0.6,0.0,0.3,4.4,57,9.600000000000001
Ben Simmons,BRK,23.9,2.9,4.9,0.0,0.0,0.4,1.0,2.1,5.9,7.9,5.7,0.8,0.6,1.8,6.1,15,27.699999999999996
Bennedict Mathurin,IND,26.1,5.0,11.2,1.4,3.6,3.1,3.8,1.0,2.9,4.0,2.0,0.6,0.2,1.6,14.5,59,22.0
Bilal Coulibaly,WAS,27.2,3.0,6.9,1.0,2.9,1.5,2.1,0.9,3.2,4.1,1.7,0.9,0.8,1.4,8.4,63,19.4
Bismack Biyombo,TOT,17.0,1.5999999999999999,2.8333333333333335,0.0,0.0,0.6,1.2333333333333334,1.3333333333333333,3.1666666666666665,4.466666666666667,1.0666666666666667,0.2333333333333333,0.7666666666666666,0.9333333333333335,3.8000000000000003,80,12.266666666666666
Blake Wesley,SAS,14.4,1.7,3.5,0.2,0.9,0.9,1.3,0.3,1.2,1.5,2.7,0.5,0.1,0.9,4.4,61,11.600000000000001
Boban Marjanovi?,HOU,5.1,1.3,2.4,0.0,0.1,0.6,1.0,0.5,1.8,2.3,0.4,0.1,0.1,0.4,3.2,14,6.1000000000000005
Bobby Portis,MIL,24.5,5.7,11.2,1.2,3.0,1.2,1.5,1.7,5.7,7.4,1.3,0.8,0.4,1.1,13.8,82,27.5
Bogdan Bogdanovi?,ATL,30.4,6.0,13.9,3.0,8.1,1.9,2.1,0.7,2.8,3.4,3.1,1.2,0.3,1.4,16.9,79,30.599999999999998
Bojan Bogdanovi?,TOT,26.0,5.433333333333334,11.966666666666667,2.3333333333333335,5.900000000000001,2.066666666666667,2.6333333333333333,0.39999999999999997,2.3,2.6999999999999997,1.7000000000000002,0.5,0.06666666666666667,1.7999999999999998,15.266666666666666,114,20.700000000000003
Bol Bol,PHO,10.9,2.2,3.5,0.5,1.2,0.3,0.4,0.7,2.4,3.2,0.4,0.2,0.6,0.4,5.2,43,12.9
Bones Hyland,LAC,14.6,2.6,6.8,1.2,3.6,0.5,0.6,0.1,1.4,1.5,2.5,0.7,0.1,1.2,6.9,37,13.700000000000001
Bradley Beal,PHO,33.3,7.1,13.9,1.9,4.4,2.1,2.5,1.0,3.4,4.4,5.0,1.0,0.5,2.5,18.2,53,35.4
Brandin Podziemski,GSW,26.6,3.7,8.1,1.2,3.2,0.7,1.1,1.6,4.2,5.8,3.7,0.8,0.2,1.2,9.2,74,24.1
Brandon Boston Jr.,LAC,10.8,2.0,5.0,0.4,1.6,0.7,1.0,0.6,1.0,1.6,0.4,0.3,0.3,0.8,5.2,32,7.5
Brandon Clarke,MEM,22.3,5.5,9.8,0.2,1.0,0.2,1.2,2.2,3.2,5.3,1.5,0.8,1.0,0.5,11.3,6,26.2
Brandon Ingram,NOP,32.9,7.8,15.9,1.3,3.8,3.8,4.8,0.7,4.4,5.1,5.7,0.8,0.6,2.5,20.8,64,37.9
Brandon Miller,CHO,32.2,6.4,14.6,2.5,6.7,1.9,2.3,0.8,3.4,4.3,2.4,0.9,0.6,1.8,17.3,74,29.1
Brandon Williams,DAL,6.6,1.2,3.2,0.2,0.9,0.6,1.0,0.2,0.5,0.8,1.0,0.1,0.1,0.4,3.2,17,5.0
Braxton Key,DEN,3.0,0.4,0.9,0.1,0.3,0.3,0.4,0.2,0.8,0.9,0.5,0.1,0.1,0.1,1.1,20,3.5
Brice Sensabaugh,UTA,18.3,2.7,6.8,1.1,3.6,1.2,1.3,0.5,2.7,3.2,1.7,0.4,0.2,1.5,7.5,32,13.100000000000001
Brook Lopez,MIL,30.5,4.6,9.6,1.9,5.1,1.4,1.7,1.5,3.7,5.2,1.6,0.5,2.4,1.0,12.5,79,31.7
Bruce Brown,TOT,27.866666666666664,4.133333333333333,8.700000000000001,0.7999999999999999,2.466666666666667,1.7333333333333334,2.1333333333333333,0.8000000000000002,3.4333333333333336,4.233333333333333,2.8666666666666667,0.9,0.26666666666666666,1.2666666666666666,10.833333333333334,134,22.9
Bruno Fernando,ATL,15.2,2.4,4.2,0.0,0.1,1.4,2.1,1.3,3.0,4.3,1.0,0.6,0.6,1.0,6.3,45,15.3
Bryce McGowens,CHO,14.9,1.7,3.9,0.6,1.7,1.1,1.4,0.3,1.4,1.7,0.9,0.4,0.2,0.5,5.1,59,9.8
Buddy Boeheim,DET,8.4,0.9,2.9,0.8,2.5,0.8,1.0,0.3,0.7,1.0,0.3,0.0,0.1,0.0,3.4,10,4.9
Buddy Hield,TOT,25.733333333333334,4.4,10.133333333333333,2.6,6.766666666666667,0.6333333333333333,0.7000000000000001,0.7333333333333334,2.466666666666667,3.2000000000000006,2.8333333333333335,0.8000000000000002,0.4666666666666666,1.2333333333333334,12.1,168,24.766666666666673
CJ McCollum,NOP,32.7,7.3,16.0,3.6,8.4,1.7,2.1,0.6,3.7,4.3,4.6,0.9,0.6,1.7,20.0,66,37.9
Cade Cunningham,DET,33.5,8.5,18.8,1.9,5.4,3.8,4.4,0.5,3.8,4.3,7.5,0.9,0.4,3.4,22.7,62,39.9
Caleb Houstan,ORL,13.8,1.4,3.5,1.2,3.3,0.4,0.4,0.5,0.9,1.4,0.5,0.3,0.1,0.3,4.3,59,8.2
Caleb Martin,MIA,27.4,3.8,8.7,1.3,3.6,1.2,1.5,1.2,3.2,4.4,2.2,0.7,0.5,1.2,10.0,64,21.1
Cam Reddish,LAL,20.5,1.9,4.9,0.8,2.3,0.9,1.1,0.6,1.5,2.1,1.0,1.0,0.3,0.6,5.4,48,13.0
Cam Thomas,BRK,31.4,8.0,18.0,2.2,6.0,4.3,5.1,0.4,2.8,3.2,2.9,0.7,0.2,1.9,22.5,66,30.7
Cam Whitmore,HOU,18.7,4.5,9.9,1.7,4.7,1.6,2.4,0.9,2.9,3.8,0.7,0.6,0.4,1.0,12.3,47,19.5
Cameron Johnson,BRK,27.6,4.8,10.7,2.4,6.1,1.5,1.9,0.9,3.4,4.3,2.4,0.8,0.3,1.0,13.4,58,25.799999999999997
Cameron Payne,TOT,17.0,2.766666666666667,6.433333333333334,1.3666666666666665,3.533333333333333,0.7333333333333334,0.8333333333333334,0.3,1.2333333333333334,1.5333333333333332,2.6666666666666665,0.5333333333333333,0.16666666666666666,0.8666666666666667,7.633333333333334,156,15.933333333333334
Caris LeVert,CLE,28.8,5.1,12.1,1.6,4.9,2.3,3.0,0.6,3.5,4.1,5.1,1.1,0.5,1.7,14.0,68,30.3
Cason Wallace,OKC,20.6,2.6,5.4,1.2,2.9,0.4,0.5,0.6,1.6,2.3,1.5,0.9,0.5,0.5,6.8,82,17.599999999999998
Cedi Osman,SAS,17.6,2.6,5.3,1.2,3.1,0.5,0.7,0.3,2.2,2.5,1.7,0.5,0.2,0.7,6.8,72,15.0
Charles Bassey,SAS,10.8,1.5,2.1,0.0,0.1,0.3,0.3,1.2,2.8,4.0,1.1,0.4,0.9,0.8,3.3,19,14.0
Charlie Brown Jr.,NYK,4.6,0.3,1.3,0.3,0.9,0.0,0.0,0.1,0.1,0.3,0.0,0.0,0.3,0.3,0.8,8,1.2999999999999998
Chet Holmgren,OKC,29.4,6.2,11.6,1.6,4.3,2.7,3.4,1.6,6.3,7.9,2.4,0.6,2.3,1.6,16.5,82,39.3
Chimezie Metu,TOT,19.433333333333334,2.766666666666667,5.466666666666666,0.6,2.1,1.1666666666666667,1.3333333333333333,0.8666666666666667,3.3666666666666667,4.266666666666667,1.0999999999999999,1.0,0.3333333333333333,1.1666666666666667,7.333333333333333,102,17.3
Chris Boucher,TOR,14.1,2.2,4.3,0.6,1.9,1.4,1.8,1.2,2.9,4.1,0.5,0.3,0.5,0.6,6.4,50,13.8
Chris Duarte,SAC,12.2,1.4,3.6,0.7,2.2,0.4,0.6,0.4,1.4,1.8,0.7,0.5,0.1,0.4,3.9,59,8.4
Chris Livingston,MIL,4.3,0.5,1.0,0.0,0.2,0.1,0.2,0.1,0.9,1.0,0.2,0.1,0.0,0.2,1.2,21,2.5
Chris Paul,GSW,26.4,3.6,8.1,1.3,3.6,0.7,0.9,0.3,3.6,3.9,6.8,1.2,0.1,1.3,9.2,58,29.499999999999996
Christian Braun,DEN,20.2,2.7,5.9,0.8,2.0,1.1,1.6,1.0,2.8,3.7,1.6,0.5,0.4,0.7,7.3,82,16.2
Christian Wood,LAL,17.4,2.5,5.3,0.7,2.3,1.3,1.9,0.8,4.3,5.1,1.0,0.3,0.7,1.0,6.9,50,15.799999999999999
Chuma Okeke,ORL,9.2,0.9,2.4,0.5,1.7,0.1,0.1,0.4,1.3,1.7,0.4,0.2,0.1,0.3,2.3,47,5.3
Clint Capela,ATL,25.8,4.8,8.5,0.0,0.0,1.8,2.8,4.6,6.0,10.6,1.2,0.6,1.5,1.0,11.5,73,31.0
Coby White,CHI,36.5,6.8,15.3,2.6,7.0,2.8,3.3,0.6,4.0,4.5,5.1,0.7,0.2,2.1,19.1,79,33.6
Cody Martin,CHO,26.9,2.9,7.7,1.0,3.1,0.7,1.2,0.7,3.2,3.9,3.7,1.1,0.6,1.6,7.5,28,21.0
Cody Zeller,NOP,7.4,0.6,1.4,0.0,0.1,0.5,0.9,1.1,1.5,2.6,0.9,0.2,0.1,0.4,1.8,43,6.0
Colby Jones,SAC,6.4,0.9,2.4,0.1,0.7,0.2,0.4,0.6,0.8,1.3,0.7,0.2,0.2,0.3,2.1,30,5.1
Cole Anthony,ORL,22.4,4.1,9.4,1.1,3.4,2.2,2.7,0.8,3.0,3.8,2.9,0.8,0.5,1.6,11.6,81,22.6
Cole Swider,MIA,4.8,0.8,2.1,0.6,1.7,0.1,0.1,0.1,0.3,0.4,0.3,0.1,0.1,0.4,2.3,18,3.3999999999999995
Colin Castleton,LAL,3.7,0.6,1.0,0.0,0.0,0.4,0.4,0.4,0.4,0.8,0.2,0.1,0.0,0.2,1.5,16,2.9
Collin Gillespie,DEN,9.4,1.3,2.9,0.6,1.6,0.3,0.5,0.0,0.8,0.9,1.1,0.5,0.0,0.6,3.6,24,7.6
Collin Sexton,UTA,26.6,6.5,13.3,1.6,4.2,4.1,4.7,0.9,1.7,2.6,4.9,0.8,0.2,2.1,18.7,78,31.6
Corey Kispert,WAS,25.8,4.8,9.9,2.3,6.0,1.4,2.0,0.4,2.4,2.8,2.0,0.5,0.2,1.2,13.4,80,22.0
Cory Joseph,GSW,11.4,0.9,2.5,0.5,1.6,0.2,0.3,0.2,0.9,1.2,1.6,0.2,0.1,0.5,2.4,26,6.700000000000001
Craig Porter Jr.,CLE,12.7,2.3,4.5,0.2,0.7,0.8,1.1,0.4,1.7,2.1,2.3,0.4,0.3,0.9,5.6,51,13.299999999999997
D'Angelo Russell,LAL,32.7,6.5,14.2,3.0,7.2,2.1,2.5,0.4,2.7,3.1,6.3,0.9,0.5,2.1,18.0,76,36.5
D'Moi Hodge,LAL,5.9,0.7,2.1,0.4,1.7,0.1,0.3,0.0,0.0,0.0,0.7,0.1,0.1,0.1,2.0,7,3.5
D.J. Carton,TOR,9.0,0.8,2.0,0.3,1.0,1.0,1.3,0.5,0.5,1.0,0.8,0.3,0.0,0.3,2.8,4,5.6
D.J. Wilson,PHI,7.5,2.0,3.0,1.0,1.0,0.0,0.0,0.5,0.5,1.0,1.0,0.0,1.0,0.0,5.0,2,14.0
D?vis Bert?ns,TOT,14.200000000000001,1.9000000000000001,4.833333333333333,1.6333333333333335,4.2,0.7333333333333334,0.7999999999999999,0.19999999999999998,1.0999999999999999,1.3,0.7666666666666666,0.5333333333333333,0.26666666666666666,0.3666666666666667,6.133333333333333,86,11.966666666666667
DaQuan Jeffries,NYK,2.7,0.4,1.0,0.1,0.6,0.0,0.1,0.0,0.3,0.3,0.3,0.0,0.1,0.2,0.8,17,1.5
Daishen Nix,MIN,3.3,0.6,1.6,0.4,1.1,0.2,0.4,0.1,0.1,0.2,0.4,0.3,0.0,0.3,1.8,15,3.2
Dalano Banton,TOT,18.566666666666666,3.533333333333333,8.799999999999999,1.0333333333333334,3.5,1.6666666666666667,2.1,0.7666666666666666,2.433333333333333,3.1999999999999997,2.2666666666666666,0.5666666666666667,0.3666666666666667,1.3333333333333333,9.766666666666667,108,17.433333333333337
Dalen Terry,CHI,11.5,1.2,2.7,0.3,1.3,0.4,0.7,0.5,1.4,1.9,1.4,0.5,0.3,0.5,3.1,59,9.7
Damian Jones,CLE,6.9,1.1,1.8,0.1,0.4,0.5,0.5,0.5,1.1,1.6,0.4,0.2,0.3,0.3,2.7,39,7.000000000000001
Damian Lillard,MIL,35.3,7.4,17.5,3.0,8.5,6.5,7.0,0.5,3.9,4.4,7.0,1.0,0.2,2.6,24.3,73,42.10000000000001
Daniel Gafford,TOT,24.166666666666668,4.733333333333333,6.466666666666666,0.0,0.0,1.5666666666666667,2.3000000000000003,2.566666666666667,4.933333333333334,7.5,1.5666666666666667,0.8666666666666667,2.066666666666667,1.0,11.033333333333333,148,33.666666666666664
Daniel Theis,TOT,14.0,2.066666666666667,4.6000000000000005,0.26666666666666666,1.1333333333333333,0.39999999999999997,0.5333333333333333,0.9333333333333332,1.8,2.733333333333333,0.6666666666666666,0.26666666666666666,0.6,0.4666666666666666,4.866666666666666,120,11.133333333333333
Danilo Gallinari,TOT,12.95,1.675,3.7,0.7000000000000001,1.85,1.975,2.325,0.4,1.75,2.125,1.25,0.3,0.15,0.45,6.05,98,11.575
Danny Green,PHI,9.0,0.0,1.0,0.0,0.5,0.0,0.0,0.0,1.0,1.0,0.5,0.5,0.0,0.0,0.0,2,3.0
Dante Exum,DAL,19.8,2.9,5.5,1.0,2.0,1.0,1.2,0.5,2.3,2.7,2.9,0.4,0.1,0.9,7.8,55,17.599999999999998
Danuel House Jr.,PHI,15.0,1.4,3.1,0.4,1.5,1.0,1.4,0.5,1.2,1.7,0.8,0.4,0.1,0.6,4.2,34,8.0
Dario �ari?,GSW,17.2,2.8,6.1,1.2,3.1,1.2,1.5,1.1,3.3,4.4,2.3,0.5,0.2,1.2,8.0,64,17.8
Dariq Whitehead,BRK,12.0,0.5,2.5,0.0,1.5,0.5,1.0,0.0,2.0,2.0,1.5,0.0,0.5,0.0,1.5,2,6.5
Darius Bazley,TOT,14.633333333333333,1.6666666666666667,2.7999999999999994,0.16666666666666666,0.7333333333333334,0.9333333333333332,1.0999999999999999,0.7333333333333334,1.9000000000000001,2.6333333333333333,0.7666666666666666,0.5666666666666667,0.6666666666666666,0.7999999999999999,4.433333333333334,18,12.466666666666669
Darius Garland,CLE,33.4,6.6,14.8,2.3,6.2,2.6,3.1,0.5,2.1,2.7,6.5,1.3,0.1,3.1,18.0,57,33.3
David Duke Jr.,SAS,12.8,2.5,4.5,0.8,1.5,0.8,0.8,0.5,2.0,2.5,1.3,0.5,0.0,0.8,6.5,4,13.3
David Roddy,TOT,15.0,2.1,5.233333333333333,0.6,2.1,0.6,0.8333333333333334,0.6666666666666666,2.0,2.6666666666666665,1.0,0.3333333333333333,0.13333333333333333,0.7333333333333334,5.3999999999999995,130,9.799999999999999
Davion Mitchell,SAC,15.3,2.0,4.5,0.8,2.2,0.4,0.6,0.3,1.1,1.3,1.9,0.2,0.0,0.6,5.3,72,10.1
Day'Ron Sharpe,BRK,15.1,2.8,4.8,0.1,0.2,1.2,2.0,2.6,3.7,6.4,1.4,0.4,0.7,1.1,6.8,61,18.3
De'Aaron Fox,SAC,35.9,9.7,20.9,2.9,7.8,4.2,5.7,0.9,3.7,4.6,5.6,2.0,0.4,2.6,26.6,74,46.7
De'Andre Hunter,ATL,29.5,5.3,11.6,2.1,5.3,2.9,3.4,0.5,3.4,3.9,1.5,0.7,0.3,1.5,15.6,57,24.1
De'Anthony Melton,PHI,26.9,3.7,9.5,2.0,5.6,1.7,2.1,0.7,3.0,3.7,3.0,1.6,0.4,1.0,11.1,38,26.299999999999997
DeAndre Jordan,DEN,11.0,1.6,2.6,0.0,0.0,0.7,1.5,1.5,2.9,4.4,0.7,0.2,0.4,0.6,3.9,36,10.7
DeJon Jarreau,MEM,16.7,1.9,5.6,0.4,1.4,0.6,1.2,0.9,4.0,4.9,2.9,0.7,0.2,1.0,4.8,9,15.100000000000001
DeMar DeRozan,CHI,37.8,8.2,17.2,0.9,2.8,6.6,7.7,0.5,3.8,4.3,5.3,1.1,0.6,1.7,24.0,79,41.3
Dean Wade,CLE,20.5,1.8,4.3,1.5,3.7,0.4,0.5,0.7,3.4,4.0,0.8,0.7,0.5,0.4,5.4,54,15.700000000000001
Deandre Ayton,POR,32.4,7.8,13.6,0.0,0.2,1.2,1.4,3.2,7.9,11.1,1.6,1.0,0.8,1.8,16.7,55,36.4
Dejounte Murray,ATL,35.7,8.6,18.8,2.6,7.1,2.7,3.4,0.8,4.5,5.3,6.4,1.4,0.3,2.6,22.5,78,42.5
Delon Wright,TOT,16.666666666666668,1.6666666666666667,4.133333333333334,0.5666666666666668,1.5666666666666667,0.7999999999999999,1.0,0.4000000000000001,1.4333333333333333,1.8333333333333333,2.533333333333333,1.2,0.20000000000000004,0.26666666666666666,4.666666666666667,94,16.2
Deni Avdija,WAS,30.1,5.4,10.7,1.2,3.1,2.7,3.6,1.1,6.1,7.2,3.8,0.8,0.5,2.1,14.7,75,30.900000000000002
Dennis Schr�der,TOT,31.233333333333334,5.066666666666666,11.766666666666666,1.7666666666666666,4.666666666666667,2.1666666666666665,2.6,0.5,2.5666666666666664,3.0666666666666664,6.066666666666666,0.7666666666666666,0.2333333333333333,1.9666666666666668,14.1,160,29.066666666666663
Dennis Smith Jr.,BRK,18.9,2.6,6.0,0.6,1.9,0.8,1.0,0.9,2.0,2.9,3.6,1.2,0.2,1.2,6.6,56,19.5
Dereck Lively II,DAL,23.5,4.0,5.4,0.0,0.0,0.7,1.5,2.5,4.4,6.9,1.1,0.7,1.4,0.9,8.8,55,26.299999999999997
Dereon Seabron,NOP,9.2,0.7,2.2,0.2,0.3,0.8,1.0,0.2,1.0,1.2,0.8,0.3,0.2,0.0,2.3,6,6.3
Derrick Jones Jr.,DAL,23.5,3.1,6.5,1.1,3.1,1.3,1.8,1.1,2.2,3.3,1.0,0.7,0.7,0.9,8.6,76,18.0
Derrick Rose,MEM,16.6,3.2,6.9,0.6,1.7,1.0,1.1,0.3,1.6,1.9,3.3,0.3,0.1,1.3,8.0,24,15.5
Derrick White,BOS,32.6,5.3,11.5,2.7,6.8,1.9,2.1,0.7,3.5,4.2,5.2,1.0,1.2,1.5,15.2,73,37.2
Desmond Bane,MEM,34.4,8.6,18.5,3.3,8.6,3.3,3.8,0.9,3.5,4.4,5.5,1.0,0.5,2.7,23.7,42,41.2
Devin Booker,PHO,36.0,9.4,19.2,2.2,6.1,6.0,6.7,0.8,3.7,4.5,6.9,0.9,0.4,2.6,27.1,68,46.50000000000001
Devin Vassell,SAS,33.1,7.3,15.5,2.4,6.6,2.4,3.0,0.4,3.4,3.8,4.1,1.1,0.3,1.6,19.5,68,34.8
Devonte' Graham,SAS,13.6,1.7,4.7,1.1,3.6,0.6,0.7,0.2,1.3,1.6,2.1,0.4,0.1,0.7,5.0,23,11.1
Dexter Dennis,DAL,7.5,2.5,4.8,0.3,2.0,0.3,0.8,0.3,2.0,2.3,1.0,0.0,0.3,0.8,5.5,4,9.4
Dillon Brooks,HOU,30.9,4.6,10.7,1.8,5.1,1.7,2.0,0.7,2.7,3.4,1.7,0.9,0.1,1.2,12.7,72,21.1
Dmytro Skapintsev,NYK,1.0,0.0,0.5,0.0,0.0,0.0,0.0,0.0,0.0,0.0,0.0,0.0,0.0,0.0,0.0,2,-0.5
Domantas Sabonis,SAC,35.7,7.7,13.0,0.4,1.1,3.6,5.1,3.6,10.1,13.7,8.2,0.9,0.6,3.3,19.4,82,50.199999999999996
Dominick Barlow,SAS,12.7,1.7,3.4,0.1,0.3,0.9,1.3,1.4,2.1,3.4,1.1,0.4,0.4,0.3,4.4,33,12.3
Donovan Mitchell,CLE,35.3,9.1,19.8,3.3,9.0,5.0,5.8,0.8,4.3,5.1,6.1,1.8,0.5,2.8,26.6,55,48.4
Donte DiVincenzo,NYK,29.1,5.5,12.4,3.5,8.7,1.1,1.4,0.8,2.9,3.7,2.7,1.3,0.4,1.4,15.5,81,30.400000000000002
Dorian Finney-Smith,BRK,28.4,3.2,7.5,1.7,4.9,0.5,0.7,1.6,3.1,4.7,1.6,0.8,0.6,0.9,8.5,68,20.6
Doug McDermott,TOT,13.533333333333333,1.8666666666666665,4.3,1.4000000000000001,3.5,0.16666666666666666,0.26666666666666666,0.16666666666666666,0.7333333333333334,0.8333333333333334,1.0,0.26666666666666666,0.0,0.3666666666666667,5.233333333333333,128,9.133333333333333
Draymond Green,GSW,27.1,3.4,6.8,0.9,2.3,1.0,1.3,1.4,5.9,7.2,6.0,1.0,0.9,2.5,8.6,55,31.0
Drew Eubanks,PHO,15.6,2.0,3.4,0.0,0.0,1.0,1.2,1.4,2.9,4.3,0.8,0.4,0.8,0.8,5.1,75,14.600000000000001
Drew Peterson,BOS,7.7,1.3,2.0,1.0,1.7,0.0,0.0,0.0,0.3,0.3,0.3,0.7,0.0,0.3,3.7,3,8.4
Dru Smith,MIA,14.6,1.7,3.7,0.8,1.9,0.2,0.2,0.7,0.9,1.6,1.6,1.0,0.3,0.6,4.3,9,13.600000000000001
Duncan Robinson,MIA,28.0,4.5,9.9,2.8,7.0,1.2,1.3,0.2,2.3,2.5,2.8,0.7,0.2,1.4,12.9,68,23.6
Duop Reath,POR,17.9,3.4,7.3,1.3,3.6,1.0,1.4,1.4,2.3,3.7,1.0,0.5,0.6,0.8,9.1,68,18.0
Dwight Powell,DAL,13.3,1.1,1.7,0.0,0.0,1.0,1.4,1.5,1.9,3.4,1.3,0.4,0.3,0.5,3.3,63,11.2
Dylan Windler,TOT,6.1,0.85,1.7000000000000002,0.7250000000000001,1.525,0.0,0.0,0.175,0.75,0.9,0.55,0.1,0.0,0.1,2.425,34,5.35
Dyson Daniels,NOP,22.3,2.3,5.1,0.7,2.2,0.6,0.9,1.0,2.9,3.9,2.7,1.4,0.4,1.0,5.8,61,20.2
E.J. Liddell,NOP,2.9,0.1,0.8,0.0,0.6,0.3,0.3,0.0,0.6,0.6,0.1,0.3,0.3,0.3,0.5,8,2.4999999999999996
Emoni Bates,CLE,8.9,1.0,3.3,0.7,2.2,0.1,0.3,0.1,0.9,0.9,0.7,0.1,0.1,0.5,2.7,15,4.0
Eric Gordon,PHO,27.8,4.0,9.1,2.2,5.8,0.8,0.9,0.2,1.6,1.8,2.0,1.0,0.4,1.1,11.0,68,21.2
Eugene Omoruyi,WAS,9.1,1.9,3.9,0.3,1.1,0.7,1.1,0.8,1.2,2.0,0.8,0.6,0.1,0.5,4.8,43,10.0
Evan Fournier,TOT,16.599999999999998,2.1333333333333333,6.833333333333333,0.9333333333333332,4.366666666666666,0.8333333333333334,1.0,0.13333333333333333,1.5666666666666667,1.6666666666666667,1.3666666666666665,1.0333333333333334,0.13333333333333333,0.5666666666666667,6.033333333333334,64,12.166666666666668
Evan Mobley,CLE,30.6,6.4,11.0,0.4,1.2,2.5,3.4,2.2,7.1,9.4,3.2,0.9,1.4,1.8,15.7,50,38.400000000000006
Filip Petru�ev,TOT,3.266666666666667,0.26666666666666666,0.5666666666666667,0.0,0.0,0.26666666666666666,0.5666666666666667,0.0,0.43333333333333335,0.43333333333333335,0.0,0.0,0.0,0.0,0.8333333333333334,6,0.9333333333333333
Frank Ntilikina,CHO,8.6,0.2,1.8,0.2,1.6,0.4,0.4,0.2,1.0,1.2,0.8,0.0,0.0,0.2,1.0,5,2.2
Franz Wagner,ORL,32.5,7.3,15.2,1.3,4.6,3.8,4.4,1.0,4.3,5.3,3.7,1.1,0.4,1.9,19.7,72,34.7
Fred VanVleet,HOU,36.8,5.8,13.9,3.1,8.0,2.7,3.1,0.5,3.4,3.8,8.1,1.4,0.8,1.7,17.4,73,43.2
Furkan Korkmaz,PHI,8.6,0.9,2.2,0.4,1.1,0.4,0.6,0.1,0.7,0.9,0.7,0.4,0.1,0.3,2.5,35,6.0
GG Jackson II,MEM,25.7,5.0,11.7,2.1,6.0,2.4,3.2,1.1,3.0,4.1,1.2,0.6,0.5,1.4,14.6,48,22.3
Gabe Vincent,LAL,19.8,1.4,4.5,0.3,2.5,0.1,0.2,0.4,0.5,0.8,1.9,0.8,0.0,0.5,3.1,11,8.4
Garrett Temple,TOR,10.7,1.1,2.9,0.4,1.5,0.7,0.8,0.7,1.0,1.7,1.0,0.4,0.1,0.5,3.3,27,7.6000000000000005
Garrison Mathews,ATL,15.0,1.6,3.4,1.3,2.9,0.5,0.6,0.3,1.1,1.4,0.6,0.3,0.1,0.3,4.9,66,9.500000000000002
Gary Harris,ORL,24.0,2.4,5.5,1.4,3.8,0.6,0.8,0.4,1.2,1.7,1.6,0.9,0.3,0.6,6.9,54,15.9
Gary Payton II,GSW,15.5,2.3,4.2,0.5,1.3,0.3,0.5,1.0,1.5,2.6,1.1,0.9,0.4,0.6,5.5,44,15.0
Gary Trent Jr.,TOR,28.1,5.1,11.9,2.5,6.4,1.0,1.4,0.4,2.3,2.6,1.7,1.1,0.1,0.7,13.7,71,23.5
Georges Niang,CLE,22.3,3.5,7.7,1.8,4.8,0.6,0.7,0.3,3.1,3.4,1.2,0.4,0.2,0.9,9.4,82,16.8
Giannis Antetokounmpo,MIL,35.2,11.5,18.8,0.5,1.7,7.0,10.7,2.7,8.8,11.5,6.5,1.2,1.1,3.4,30.4,73,58.3
Goga Bitadze,ORL,15.4,2.0,3.4,0.0,0.2,0.9,1.4,1.8,2.9,4.6,1.3,0.5,1.2,0.7,5.0,62,17.699999999999996
Gordon Hayward,TOT,24.5,3.6999999999999997,7.966666666666666,0.7333333333333334,1.7666666666666666,1.7333333333333334,2.3666666666666667,0.7333333333333334,2.8333333333333335,3.5666666666666664,3.0999999999999996,0.8000000000000002,0.26666666666666666,1.3,9.866666666666667,102,20.833333333333336
Gradey Dick,TOR,21.1,3.2,7.4,1.5,4.0,0.7,0.9,0.5,1.8,2.2,1.1,0.6,0.0,0.8,8.5,60,14.0
Grant Williams,TOT,28.333333333333332,3.8000000000000003,8.200000000000001,1.6666666666666667,4.3999999999999995,1.5,1.9666666666666668,1.1666666666666667,3.1666666666666665,4.3,2.4,0.6,0.5,1.4666666666666668,10.766666666666666,152,21.93333333333333
Grayson Allen,PHO,33.5,4.5,9.1,2.7,5.9,1.7,2.0,0.6,3.3,3.9,3.0,0.9,0.6,1.3,13.5,75,29.1
Greg Brown III,DAL,6.7,0.8,1.8,0.2,0.5,0.7,1.5,0.5,1.0,1.5,0.7,0.0,0.7,0.7,2.5,6,6.0
Gui Santos,GSW,8.3,1.2,2.4,0.4,1.2,0.7,0.7,0.7,1.4,2.1,0.6,0.2,0.1,0.3,3.6,23,7.9
Hamidou Diallo,WAS,2.5,0.5,1.0,0.0,0.0,0.0,0.0,1.0,0.0,1.0,0.5,1.0,0.0,0.5,1.0,2,6.0
Harrison Barnes,SAC,29.0,4.2,8.9,1.8,4.7,1.9,2.4,0.8,2.2,3.0,1.2,0.7,0.1,0.7,12.2,82,20.2
Harry Giles,TOT,4.033333333333333,0.8333333333333334,1.9666666666666668,0.10000000000000002,0.5666666666666667,0.2333333333333333,0.4666666666666666,0.43333333333333335,0.7666666666666666,1.1666666666666667,0.2333333333333333,0.10000000000000002,0.10000000000000002,0.2333333333333333,2.033333333333333,46,3.5666666666666664
Haywood Highsmith,MIA,20.7,2.3,5.0,1.2,2.9,0.3,0.5,1.0,2.2,3.2,1.1,0.8,0.5,0.5,6.1,66,16.299999999999997
Henri Drell,CHI,7.5,1.0,2.5,0.5,1.5,0.3,0.5,0.3,0.8,1.0,1.0,0.5,0.3,0.5,2.8,4,7.8
Herbert Jones,NOP,30.5,3.9,7.7,1.5,3.6,1.8,2.1,1.0,2.6,3.6,2.6,1.4,0.8,1.2,11.0,76,27.5
Hunter Tyson,DEN,2.7,0.4,1.1,0.2,0.8,0.0,0.0,0.1,0.4,0.5,0.1,0.1,0.0,0.1,1.1,18,1.9000000000000001
Ibou Badji,POR,10.3,0.6,1.0,0.0,0.0,0.3,0.5,0.9,1.4,2.3,0.6,0.1,0.9,0.7,1.5,22,7.6
Immanuel Quickley,TOT,28.833333333333332,5.666666666666667,13.0,2.466666666666667,6.3,3.033333333333333,3.5666666666666664,0.26666666666666666,3.5,3.733333333333333,4.733333333333333,0.7000000000000001,0.13333333333333333,1.4333333333333333,16.866666666666667,136,30.8
Isaac Okoro,CLE,27.3,3.4,7.0,1.2,3.1,1.3,2.0,1.0,2.0,3.0,1.9,0.8,0.5,0.8,9.4,69,20.1
Isaiah Hartenstein,NYK,25.3,3.1,4.9,0.0,0.0,1.5,2.1,3.3,5.1,8.3,2.5,1.2,1.1,1.2,7.8,75,28.600000000000005
Isaiah Jackson,IND,13.1,2.6,3.9,0.0,0.1,1.2,1.7,1.6,2.4,4.0,0.8,0.6,1.0,0.7,6.5,59,17.9
Isaiah Joe,OKC,18.5,2.8,6.2,1.9,4.5,0.6,0.7,0.4,1.9,2.3,1.3,0.6,0.3,0.6,8.2,78,16.7
Isaiah Livers,DET,20.4,1.7,5.0,1.0,3.3,0.5,0.8,0.7,1.4,2.1,1.1,0.6,0.2,0.7,5.0,23,10.200000000000001
Isaiah Mobley,CLE,7.2,1.0,2.4,0.3,1.0,0.0,0.1,0.3,0.7,1.0,0.6,0.2,0.0,0.2,2.3,10,4.699999999999999
Isaiah Stewart,DET,30.9,4.0,8.3,1.5,3.8,1.4,1.8,1.6,5.0,6.6,1.6,0.4,0.8,1.4,10.9,46,23.5
Isaiah Thomas,PHO,3.2,0.5,1.7,0.3,0.7,0.0,0.0,0.0,0.0,0.0,0.5,0.0,0.0,0.0,1.3,6,1.9000000000000001
Isaiah Wong,IND,4.0,1.0,3.0,0.0,1.0,0.0,0.0,0.0,0.0,0.0,0.0,0.0,0.0,0.0,2.0,1,1.0
Ish Smith,CHO,17.2,1.5,3.7,0.1,0.2,0.1,0.1,0.3,1.5,1.8,3.4,0.4,0.1,1.1,3.2,43,11.0
Ish Wainright,TOT,5.3999999999999995,0.6,2.1,0.6,1.7,0.16666666666666666,0.16666666666666666,0.3666666666666667,0.9333333333333332,1.3,0.13333333333333333,0.39999999999999997,0.06666666666666667,0.19999999999999998,1.9333333333333333,22,4.666666666666666
Ivica Zubac,LAC,26.4,5.0,7.6,0.0,0.0,1.8,2.4,2.9,6.3,9.2,1.4,0.3,1.2,1.2,11.7,68,29.1
Izaiah Brockington,NOP,3.0,2.0,5.0,0.0,1.0,0.0,0.0,1.0,1.0,2.0,0.0,0.0,0.0,0.0,4.0,1,5.0
JD Davison,BOS,4.9,0.6,1.5,0.4,0.9,0.4,0.5,0.3,1.0,1.3,1.3,0.1,0.1,0.3,2.0,8,6.100000000000001
JT Thor,CHO,12.4,1.3,2.9,0.4,1.3,0.2,0.3,0.7,1.6,2.3,0.5,0.2,0.4,0.2,3.2,63,8.5
Ja Morant,MEM,35.3,8.9,18.9,1.6,5.7,5.8,7.1,0.7,4.9,5.6,8.1,0.8,0.6,3.0,25.1,9,45.7
JaVale McGee,SAC,7.4,1.7,2.9,0.0,0.2,0.6,1.0,0.9,1.8,2.7,0.4,0.3,0.4,0.7,4.0,46,9.0
Jabari Smith Jr.,HOU,31.9,5.0,11.0,1.8,5.0,2.0,2.4,1.8,6.3,8.1,1.6,0.7,0.8,1.2,13.7,76,29.0
Jabari Walker,POR,23.6,3.3,7.1,0.6,1.9,1.8,2.4,2.1,5.0,7.1,1.0,0.6,0.3,0.9,8.9,72,19.299999999999997
Jack White,MEM,16.0,0.5,4.0,0.5,2.5,0.0,0.0,1.0,2.0,3.0,0.3,1.0,0.3,0.5,1.5,4,6.8
Jacob Gilyard,TOT,15.333333333333334,1.0333333333333334,3.033333333333333,0.8666666666666666,2.6,0.03333333333333333,0.03333333333333333,0.2333333333333333,0.7666666666666666,1.0333333333333334,2.766666666666667,1.0,0.06666666666666667,0.6,2.966666666666667,82,12.500000000000004
Jacob Toppin,NYK,4.2,0.6,1.0,0.1,0.4,0.2,0.2,0.3,0.4,0.8,0.3,0.0,0.1,0.1,1.4,9,3.3
Jaden Hardy,DAL,13.5,2.7,6.6,1.1,3.1,0.8,1.0,0.3,1.5,1.8,1.5,0.3,0.1,0.8,7.3,73,11.8
Jaden Ivey,DET,28.8,5.4,12.6,1.6,4.8,2.9,3.9,1.1,2.3,3.4,3.8,0.7,0.5,2.5,15.4,77,25.0
Jaden McDaniels,MIN,29.2,4.3,8.7,1.2,3.5,0.8,1.1,0.8,2.3,3.1,1.4,0.9,0.6,1.2,10.5,72,20.8
Jaden Springer,TOT,9.9,1.1333333333333333,2.8333333333333335,0.19999999999999998,0.9333333333333332,0.6666666666666666,0.8333333333333334,0.6666666666666666,0.8666666666666667,1.5333333333333332,0.8333333333333334,0.7000000000000001,0.26666666666666666,0.6666666666666666,3.1333333333333333,98,8.333333333333334
Jae Crowder,MIL,23.1,2.3,5.4,1.2,3.3,0.5,0.7,0.6,2.6,3.2,1.3,0.8,0.2,0.5,6.2,50,15.2
Jae'Sean Tate,HOU,15.9,1.7,3.5,0.4,1.2,0.4,0.6,0.9,2.1,3.0,1.0,0.6,0.2,0.6,4.1,65,11.2
Jahmi'us Ramsey,TOR,17.3,2.6,5.9,0.9,3.1,0.7,0.9,0.6,2.6,3.1,1.1,1.0,0.0,1.0,6.7,7,14.0
Jaime Jaquez Jr.,MIA,28.2,4.5,9.3,0.9,2.7,1.9,2.3,1.1,2.7,3.8,2.6,1.0,0.3,1.5,11.9,75,23.299999999999997
Jake LaRavia,MEM,23.0,3.4,8.7,1.5,4.5,2.6,3.1,1.5,2.2,3.7,1.7,0.8,0.3,1.3,10.8,35,18.800000000000004
Jakob Poeltl,TOR,26.4,5.0,7.6,0.0,0.0,1.2,2.1,2.9,5.7,8.6,2.5,0.7,1.5,1.5,11.1,50,32.0
Jalen Brunson,NYK,35.4,10.3,21.4,2.7,6.8,5.5,6.5,0.6,3.1,3.6,6.7,0.9,0.2,2.4,28.7,77,46.2
Jalen Crutcher,NOP,3.0,0.0,1.0,0.0,0.0,0.0,0.0,0.0,0.0,0.0,0.0,0.0,0.0,0.0,0.0,1,-1.0
Jalen Duren,DET,29.1,5.7,9.2,0.0,0.1,2.3,3.0,3.1,8.5,11.6,2.4,0.5,0.8,2.1,13.8,61,32.7
Jalen Green,HOU,31.7,6.9,16.2,2.5,7.4,3.5,4.3,0.5,4.7,5.2,3.5,0.8,0.3,2.3,19.6,82,30.900000000000006
Jalen Hood-Schifino,LAL,5.2,0.5,2.1,0.1,0.7,0.6,1.0,0.1,0.5,0.6,0.4,0.1,0.1,0.4,1.6,21,1.6
Jalen Johnson,ATL,33.7,6.4,12.5,1.3,3.6,1.9,2.6,1.3,7.4,8.7,3.6,1.2,0.8,1.8,16.0,56,37.2
Jalen McDaniels,TOR,10.8,1.3,3.8,0.2,1.4,0.5,0.7,0.4,1.2,1.6,0.7,0.4,0.1,0.6,3.4,50,6.0
Jalen Pickett,DEN,4.5,0.6,1.3,0.3,0.9,0.1,0.1,0.0,0.5,0.5,0.8,0.1,0.0,0.3,1.6,27,3.6999999999999997
Jalen Slawson,SAC,3.1,0.3,0.5,0.0,0.2,0.0,0.0,0.1,0.5,0.6,0.2,0.1,0.1,0.2,0.7,12,2.2
Jalen Smith,IND,17.2,3.8,6.5,1.0,2.4,1.2,1.7,1.8,3.7,5.5,1.0,0.3,0.6,0.7,9.9,61,21.2
Jalen Suggs,ORL,27.0,4.5,9.5,2.0,5.1,1.6,2.1,0.6,2.4,3.1,2.7,1.4,0.6,1.8,12.6,75,26.5
Jalen Williams,OKC,31.3,7.5,14.0,1.5,3.4,2.5,3.1,0.5,3.5,4.0,4.5,1.1,0.6,1.7,19.1,71,37.400000000000006
Jalen Wilson,BRK,15.4,1.8,4.2,0.6,1.7,0.9,1.1,1.1,2.0,3.0,1.0,0.3,0.1,0.4,5.0,43,10.600000000000001
Jamal Cain,MIA,10.0,1.3,3.0,0.4,1.2,0.7,0.9,0.6,0.8,1.4,0.4,0.4,0.2,0.3,3.7,26,7.5
Jamal Murray,DEN,31.5,8.0,16.7,2.5,5.8,2.7,3.1,0.7,3.4,4.1,6.5,1.0,0.7,2.1,21.2,59,42.3
Jamaree Bouyea,TOT,10.933333333333332,1.2,2.966666666666667,0.13333333333333333,0.8666666666666667,0.0,0.0,0.3,1.9333333333333336,2.2666666666666666,1.1666666666666667,0.13333333333333333,0.0,0.8666666666666667,2.566666666666667,18,5.533333333333333
James Bouknight,CHO,5.8,1.3,2.9,0.9,2.1,0.1,0.1,0.1,0.6,0.6,0.4,0.1,0.1,0.1,3.6,14,6.199999999999999
James Harden,LAC,34.3,4.9,11.4,2.6,6.8,4.2,4.8,0.5,4.7,5.1,8.5,1.1,0.8,2.6,16.6,72,41.5
James Johnson,IND,5.2,0.3,1.1,0.0,0.2,0.2,0.2,0.1,0.3,0.4,0.9,0.6,0.1,0.6,0.9,9,4.2
James Wiseman,DET,17.3,3.0,4.8,0.0,0.0,1.1,1.6,1.7,3.6,5.3,0.9,0.2,0.6,1.0,7.1,63,16.1
Jarace Walker,IND,10.3,1.4,3.3,0.7,1.7,0.2,0.3,0.4,1.5,1.9,1.2,0.5,0.3,0.5,3.6,33,10.200000000000001
Jared Butler,WAS,14.2,2.5,5.0,0.6,2.0,0.8,0.9,0.2,1.2,1.5,3.2,0.7,0.2,1.3,6.3,40,15.7
Jared Rhoden,DET,14.4,1.9,3.9,0.7,1.8,0.3,0.5,0.2,1.8,1.9,0.8,0.2,0.8,0.4,4.9,17,12.0
Jaren Jackson Jr.,MEM,32.2,7.8,17.6,1.8,5.5,5.1,6.3,1.3,4.2,5.5,2.3,1.2,1.6,2.4,22.5,66,37.599999999999994
Jarred Vanderbilt,LAL,20.0,2.0,3.9,0.3,0.9,0.8,1.2,1.4,3.3,4.8,1.2,1.2,0.2,1.0,5.2,29,16.0
Jarrett Allen,CLE,31.7,6.7,10.6,0.0,0.1,3.0,4.1,3.2,7.4,10.5,2.7,0.7,1.1,1.6,16.5,77,38.10000000000001
Jason Preston,UTA,10.1,0.9,2.7,0.0,0.4,0.0,0.0,0.9,1.6,2.4,2.3,0.3,0.1,0.3,1.7,7,8.8
Javon Freeman-Liberty,TOR,18.3,2.5,5.6,0.5,1.9,1.5,1.6,0.7,2.5,3.2,1.8,0.5,0.2,1.1,7.0,22,14.200000000000003
Javonte Green,CHI,25.6,5.0,8.3,1.1,3.0,1.1,1.4,2.2,5.2,7.4,0.6,1.1,0.9,0.8,12.2,9,29.7
Javonte Smart,PHI,1.0,0.0,0.0,0.0,0.0,0.0,0.0,0.0,0.0,0.0,0.0,0.0,0.0,0.0,0.0,1,0.0
Jaxson Hayes,LAL,12.5,1.8,2.5,0.0,0.1,0.7,1.2,1.0,2.0,3.0,0.5,0.5,0.4,0.6,4.3,70,11.299999999999999
Jay Huff,DEN,2.5,0.5,0.8,0.2,0.5,0.1,0.1,0.1,0.5,0.6,0.1,0.1,0.2,0.1,1.2,20,3.4000000000000004
Jaylen Brown,BOS,33.5,9.0,17.9,2.1,5.9,3.0,4.3,1.2,4.3,5.5,3.6,1.2,0.5,2.4,23.0,70,38.6
Jaylen Nowell,TOT,16.099999999999998,2.6666666666666665,5.966666666666666,0.4666666666666666,2.1,0.6,0.8333333333333334,0.5333333333333333,1.4666666666666668,1.9666666666666668,1.3666666666666665,0.3,0.2333333333333333,0.5333333333333333,6.466666666666666,26,11.833333333333332
Jaylin Williams,OKC,13.0,1.4,3.3,0.8,2.1,0.5,0.6,0.5,2.9,3.4,1.6,0.4,0.4,0.5,4.0,69,13.0
Jayson Tatum,BOS,35.7,9.1,19.3,3.1,8.2,5.6,6.7,0.9,7.2,8.1,4.9,1.0,0.6,2.5,26.9,74,47.099999999999994
Jeenathan Williams,HOU,5.9,1.2,2.3,0.1,0.2,0.3,0.6,0.5,0.5,1.0,0.3,0.2,0.0,0.2,2.9,22,4.8
Jeff Dowtin,PHI,11.8,1.7,3.0,0.8,1.6,0.3,0.3,0.3,1.4,1.7,2.3,0.6,0.1,0.4,4.3,12,13.8
Jeff Green,HOU,16.8,2.1,4.7,0.7,2.1,1.6,1.9,0.6,1.7,2.3,0.9,0.2,0.4,0.6,6.5,78,11.7
Jerami Grant,POR,33.9,7.1,15.7,2.1,5.1,4.7,5.8,0.7,2.9,3.5,2.8,0.8,0.6,2.1,21.0,54,31.0
Jeremiah Robinson-Earl,NOP,8.6,1.2,2.4,0.3,1.0,0.3,0.4,0.6,1.4,1.9,0.5,0.3,0.1,0.4,2.9,39,6.800000000000001
Jeremy Sochan,SAS,29.6,4.6,10.5,0.9,3.1,1.5,1.9,1.9,4.6,6.4,3.4,0.8,0.5,1.9,11.6,74,25.4
Jericho Sims,NYK,13.0,0.8,1.2,0.0,0.0,0.4,0.5,1.2,2.0,3.3,0.6,0.2,0.4,0.4,2.0,45,8.399999999999999
Jermaine Samuels,HOU,4.3,0.6,1.0,0.0,0.1,0.1,0.1,0.2,0.7,0.9,0.2,0.1,0.1,0.0,1.4,14,3.6999999999999997
Jerome Robinson,GSW,3.7,0.5,1.5,0.1,0.8,0.3,0.5,0.0,0.2,0.3,0.2,0.0,0.1,0.1,1.4,22,1.6999999999999997
Jett Howard,ORL,3.7,0.6,1.7,0.4,1.4,0.1,0.2,0.1,0.3,0.4,0.3,0.1,0.1,0.2,1.6,18,2.8000000000000003
Jevon Carter,CHI,13.9,1.9,5.1,1.1,3.3,0.1,0.1,0.2,0.7,0.8,1.3,0.5,0.2,0.5,5.0,72,10.0
Jimmy Butler,MIA,34.0,6.6,13.2,1.0,2.4,6.6,7.7,1.8,3.6,5.3,5.0,1.3,0.3,1.7,20.8,60,39.0
Jock Landale,HOU,13.6,1.9,3.7,0.2,0.7,0.9,1.2,1.6,1.5,3.1,1.2,0.4,0.6,0.6,4.9,56,13.200000000000001
Joe Harris,DET,10.6,0.9,2.4,0.6,1.9,0.1,0.1,0.2,0.6,0.8,0.6,0.2,0.1,0.3,2.4,16,5.0
Joe Ingles,ORL,17.2,1.5,3.3,1.0,2.4,0.4,0.5,0.3,1.8,2.1,3.0,0.6,0.1,1.0,4.4,68,13.9
Joel Embiid,PHI,33.6,11.5,21.8,1.4,3.6,10.2,11.6,2.4,8.6,11.0,5.6,1.2,1.7,3.8,34.7,39,62.1
John Collins,UTA,28.0,5.8,11.0,1.3,3.4,2.2,2.7,2.3,6.1,8.5,1.1,0.6,0.9,1.4,15.1,68,30.4
John Konchar,MEM,21.3,1.6,3.8,0.7,2.2,0.4,0.5,1.3,3.4,4.7,2.0,0.9,0.9,0.8,4.3,55,18.599999999999998
Johnny Davis,WAS,12.3,1.2,3.1,0.3,0.8,0.3,0.5,0.4,1.1,1.4,0.6,0.4,0.2,0.3,3.0,50,6.799999999999999
Johnny Juzang,UTA,18.6,2.6,5.5,1.6,3.9,0.5,0.7,0.4,1.5,1.8,1.2,0.2,0.1,0.7,7.2,20,12.3
Jonas Valan?i?nas,NOP,23.5,4.9,8.8,0.5,1.5,2.0,2.5,2.3,6.5,8.8,2.1,0.4,0.8,1.4,12.2,82,28.2
Jonathan Isaac,ORL,15.8,2.5,4.9,0.7,1.9,1.0,1.4,1.3,3.2,4.5,0.5,0.7,1.2,0.5,6.8,58,19.3
Jonathan Kuminga,GSW,26.3,6.2,11.6,0.7,2.2,3.0,4.0,1.2,3.6,4.8,2.2,0.7,0.5,1.6,16.1,74,27.400000000000002
Jontay Porter,TOR,13.8,1.5,4.0,0.8,2.3,0.6,0.7,1.0,2.2,3.2,2.3,0.8,0.8,0.8,4.4,26,16.7
Jordan Clarkson,UTA,30.6,6.1,14.8,1.7,5.6,3.2,3.7,0.9,2.5,3.4,5.0,0.6,0.1,2.7,17.1,55,26.5
Jordan Ford,SAC,3.7,0.7,1.2,0.3,0.5,0.3,0.3,0.0,0.3,0.3,0.3,0.0,0.0,0.2,2.0,6,3.0
Jordan Goodwin,TOT,20.566666666666666,2.766666666666667,7.533333333333334,0.7999999999999999,2.6999999999999997,0.8333333333333334,1.1666666666666667,1.7666666666666666,3.3333333333333335,5.1000000000000005,3.0666666666666664,0.9666666666666667,0.3333333333333333,1.0999999999999999,7.166666666666667,114,19.866666666666667
Jordan Hawkins,NOP,17.3,2.6,6.8,1.6,4.4,1.0,1.2,0.4,1.8,2.2,1.0,0.3,0.1,0.6,7.8,67,12.200000000000001
Jordan McLaughlin,MIN,11.2,1.3,2.6,0.8,1.6,0.2,0.3,0.3,1.0,1.3,2.0,0.6,0.1,0.3,3.5,56,11.700000000000001
Jordan Miller,LAC,3.5,0.6,1.1,0.1,0.3,0.3,0.3,0.4,0.3,0.6,0.0,0.0,0.0,0.1,1.6,8,2.2
Jordan Nwora,TOT,13.166666666666666,2.6,5.6000000000000005,0.7999999999999999,2.433333333333333,0.7666666666666666,0.9333333333333332,0.5,2.1666666666666665,2.6999999999999997,1.1666666666666667,0.4666666666666666,0.26666666666666666,0.9666666666666667,6.7,104,12.966666666666665
Jordan Poole,WAS,30.1,6.3,15.2,2.4,7.2,2.5,2.8,0.4,2.3,2.7,4.4,1.1,0.3,2.4,17.4,78,29.2
Jordan Walsh,BOS,9.2,0.7,1.7,0.2,1.0,0.1,0.2,0.6,1.7,2.2,0.6,0.6,0.1,0.3,1.7,9,7.1000000000000005
Jose Alvarado,NOP,18.4,2.5,6.2,1.4,3.7,0.6,0.9,0.4,1.8,2.3,2.1,1.1,0.3,0.7,7.1,56,17.7
Josh Giddey,OKC,25.1,5.0,10.6,1.0,3.0,1.3,1.6,1.4,5.0,6.4,4.8,0.6,0.6,2.1,12.3,80,29.0
Josh Green,DAL,26.4,3.1,6.6,1.3,3.3,0.7,1.0,0.7,2.5,3.2,2.3,0.8,0.2,1.1,8.2,57,18.400000000000002
Josh Hart,NYK,33.4,3.6,8.4,1.0,3.2,1.1,1.4,1.6,6.8,8.3,4.1,0.9,0.3,1.5,9.4,81,27.200000000000003
Josh Minott,MIN,2.8,0.5,1.1,0.1,0.3,0.4,0.4,0.1,0.4,0.5,0.3,0.2,0.2,0.1,1.6,32,4.1
Josh Okogie,PHO,16.0,1.4,3.4,0.5,1.6,1.3,1.7,1.2,1.3,2.6,1.1,0.8,0.4,0.6,4.6,60,12.5
Josh Richardson,MIA,25.7,3.6,8.1,1.5,4.4,1.2,1.3,0.4,2.4,2.8,2.4,0.6,0.3,0.8,9.9,43,20.0
Joshua Primo,LAC,5.0,0.5,1.5,0.0,0.5,0.0,0.0,0.5,0.0,0.5,0.0,0.0,0.5,2.0,1.0,2,-1.0
Jrue Holiday,BOS,32.8,4.8,10.0,2.0,4.7,0.9,1.0,1.2,4.2,5.4,4.8,0.9,0.8,1.8,12.5,69,32.2
Juan Toscano-Anderson,SAC,4.8,0.3,1.1,0.1,0.4,0.0,0.0,0.4,0.9,1.3,0.4,0.1,0.1,0.2,0.6,11,2.7
Jules Bernard,WAS,7.8,1.5,3.4,0.6,1.5,0.3,0.5,0.5,0.8,1.4,0.8,0.2,0.1,0.4,3.9,19,7.300000000000001
Julian Champagnie,SAS,19.8,2.2,5.4,1.4,3.7,1.0,1.2,0.6,2.2,2.8,1.4,0.6,0.6,0.8,6.8,74,15.8
Julian Phillips,CHI,8.1,0.8,1.9,0.3,1.0,0.3,0.5,0.3,0.6,0.9,0.3,0.2,0.2,0.3,2.2,40,4.5
Julian Strawther,DEN,10.9,1.6,4.4,0.8,2.8,0.4,0.6,0.1,1.1,1.2,0.9,0.3,0.1,0.5,4.5,50,7.5
Julius Randle,NYK,35.4,8.6,18.2,1.7,5.3,5.1,6.6,2.2,7.0,9.2,5.0,0.5,0.3,3.5,24.0,46,38.599999999999994
Justin Champagnie,WAS,15.7,2.1,5.2,0.9,3.0,0.8,1.0,1.3,2.3,3.5,1.3,0.7,0.6,0.7,5.9,15,15.500000000000002
Justin Holiday,DEN,14.9,1.5,3.3,0.9,2.3,0.1,0.1,0.2,1.1,1.2,1.2,0.6,0.2,0.2,4.0,58,11.0
Justin Jackson,MIN,0.5,0.0,0.0,0.0,0.0,0.0,0.0,0.0,0.0,0.0,0.0,0.0,0.0,0.0,0.0,2,0.0
Justin Minaya,POR,11.2,0.6,2.2,0.4,1.4,0.1,0.3,0.9,0.8,1.6,0.6,0.3,0.3,0.3,1.8,34,5.6
Jusuf Nurki?,PHO,27.3,4.2,8.3,0.3,1.2,2.2,3.4,2.9,8.1,11.0,4.0,1.1,1.1,2.3,10.9,76,33.3
KJ Martin,TOT,13.4,1.7333333333333334,3.6333333333333333,0.2333333333333333,1.1333333333333333,0.43333333333333335,0.7999999999999999,0.6333333333333333,1.3333333333333333,1.9666666666666668,0.7666666666666666,0.5666666666666667,0.3,0.6666666666666666,4.133333333333334,120,9.466666666666669
Kaiser Gates,NOP,7.0,0.0,4.0,0.0,2.0,0.0,0.0,0.0,1.0,1.0,0.0,0.0,0.0,0.0,0.0,1,-3.0
Karl-Anthony Towns,MIN,32.7,7.7,15.3,2.2,5.3,4.1,4.7,1.5,6.8,8.3,3.0,0.7,0.7,2.9,21.8,62,37.6
Kawhi Leonard,LAC,34.3,9.0,17.1,2.1,4.9,3.7,4.2,1.2,4.9,6.1,3.6,1.6,0.9,1.8,23.7,68,45.89999999999999
Keegan Murray,SAC,33.6,5.8,12.7,2.4,6.6,1.3,1.6,1.4,4.1,5.5,1.7,1.0,0.8,0.8,15.2,77,30.700000000000003
Keita Bates-Diop,TOT,10.9,1.2,2.6666666666666665,0.3333333333333333,1.1,0.5666666666666667,0.7000000000000001,0.5,1.3,1.7666666666666666,0.6333333333333333,0.43333333333333335,0.3333333333333333,0.2333333333333333,3.266666666666667,106,8.833333333333332
Keldon Johnson,SAS,29.5,5.7,12.5,1.8,5.3,2.5,3.2,1.4,4.1,5.5,2.8,0.7,0.3,1.4,15.7,69,27.999999999999996
Kelly Olynyk,TOT,23.133333333333336,3.6999999999999997,6.7,0.7999999999999999,2.066666666666667,2.0,2.4,1.4333333333333333,3.9,5.333333333333333,4.466666666666667,0.9666666666666667,0.39999999999999997,2.0,10.200000000000001,156,27.03333333333333
Kelly Oubre Jr.,PHI,30.2,5.7,12.9,1.5,4.8,2.6,3.4,1.4,3.6,5.0,1.5,1.1,0.7,1.3,15.4,68,27.200000000000003
Kendall Brown,IND,4.2,0.5,1.0,0.0,0.1,0.3,0.5,0.2,0.1,0.3,0.3,0.0,0.0,0.1,1.4,15,1.9
Kenneth Lofton Jr.,TOT,10.85,2.1,4.5,0.375,1.45,0.8999999999999999,1.25,0.8,1.525,2.325,1.825,0.325,0.225,0.9,5.5,42,11.600000000000001
Kenrich Williams,OKC,14.9,1.9,4.1,0.8,2.0,0.1,0.2,0.9,2.1,3.0,1.3,0.6,0.1,0.5,4.7,69,12.5
Kentavious Caldwell-Pope,DEN,31.6,3.6,7.7,1.6,4.1,1.3,1.5,0.4,2.0,2.4,2.4,1.3,0.6,1.0,10.1,76,23.8
Keon Ellis,SAC,17.2,1.9,4.1,1.2,2.9,0.5,0.6,0.6,1.6,2.2,1.5,0.9,0.5,0.6,5.4,57,15.8
Keon Johnson,BRK,12.2,1.6,4.2,0.8,2.0,2.2,2.4,0.6,0.8,1.4,0.6,0.6,0.2,1.0,6.2,5,9.6
Kessler Edwards,SAC,5.1,0.6,1.5,0.4,1.0,0.1,0.2,0.2,0.6,0.8,0.3,0.2,0.1,0.1,1.7,54,4.1
Kevin Durant,PHO,37.2,10.0,19.1,2.2,5.4,4.8,5.6,0.5,6.1,6.6,5.0,0.9,1.2,3.3,27.1,75,47.800000000000004
Kevin Huerter,SAC,24.4,3.9,8.8,1.9,5.3,0.6,0.7,0.6,2.9,3.5,2.6,0.7,0.4,0.8,10.2,64,22.5
Kevin Knox,DET,18.1,2.8,6.0,1.0,3.0,0.6,0.7,0.6,1.8,2.4,0.7,0.4,0.2,0.7,7.2,31,12.5
Kevin Love,MIA,16.8,2.9,6.5,1.5,4.4,1.5,2.0,1.1,5.1,6.1,2.1,0.3,0.2,0.9,8.8,55,19.6
Kevon Harris,ORL,3.0,1.0,1.5,0.0,0.0,0.0,0.0,0.0,1.0,1.0,0.5,0.0,0.0,0.5,2.0,2,3.5
Kevon Looney,GSW,16.1,1.9,3.1,0.0,0.0,0.8,1.1,1.9,3.7,5.7,1.8,0.4,0.4,0.7,4.5,74,15.999999999999998
Keyontae Johnson,OKC,7.3,0.6,1.8,0.1,0.3,0.0,0.0,0.4,0.7,1.1,0.4,0.1,0.0,0.4,1.2,9,2.1999999999999997
Keyonte George,UTA,27.0,4.3,10.9,2.0,5.9,2.5,3.0,0.2,2.6,2.8,4.4,0.5,0.1,2.5,13.0,75,21.200000000000003
Khris Middleton,MIL,27.0,5.8,11.7,1.7,4.5,1.8,2.2,0.7,3.9,4.7,5.3,0.9,0.3,2.3,15.1,55,31.800000000000004
Killian Hayes,DET,24.0,2.8,6.7,0.5,1.8,0.8,1.2,0.3,2.6,2.8,4.9,0.9,0.5,1.2,6.9,42,21.7
Kira Lewis Jr.,TOT,7.75,0.95,2.525,0.1,0.9,0.475,0.55,0.25,0.475,0.7,1.025,0.22499999999999998,0.07500000000000001,0.375,2.475,56,5.074999999999999
Klay Thompson,GSW,29.7,6.4,14.7,3.5,9.0,1.6,1.8,0.5,2.8,3.3,2.3,0.6,0.5,1.5,17.9,77,28.6
Kobe Brown,LAC,9.0,0.8,2.0,0.3,1.1,0.0,0.0,0.5,1.0,1.4,0.6,0.3,0.1,0.2,2.0,44,5.700000000000001
Kobe Bufkin,ATL,11.5,2.0,5.4,0.5,2.4,0.2,0.5,0.4,1.6,1.9,1.6,0.4,0.3,0.6,4.8,17,10.3
Kobi Simmons,TOR,16.8,2.3,5.3,0.5,2.0,0.0,0.0,0.3,1.5,1.8,3.0,1.5,0.5,0.3,5.0,4,20.0
Kris Dunn,UTA,18.9,2.2,4.7,0.6,1.7,0.3,0.5,0.8,2.1,2.9,3.8,1.0,0.4,1.2,5.4,66,19.2
Kris Murray,POR,21.7,2.3,5.9,0.8,3.0,0.6,0.9,1.4,2.2,3.6,1.3,0.9,0.3,0.9,6.1,62,14.499999999999998
Kristaps Porzi??is,BOS,29.6,6.8,13.2,1.9,5.1,4.5,5.3,1.7,5.5,7.2,2.0,0.7,1.9,1.6,20.1,57,40.0
Kyle Anderson,MIN,22.6,2.5,5.5,0.1,0.6,1.2,1.7,0.8,2.7,3.5,4.2,0.9,0.6,1.2,6.4,79,21.0
Kyle Kuzma,WAS,32.6,8.7,18.8,2.2,6.4,2.7,3.4,0.9,5.7,6.6,4.2,0.5,0.7,2.7,22.2,70,36.699999999999996
Kyle Lowry,TOT,28.2,2.6999999999999997,6.233333333333333,1.6333333333333335,4.166666666666667,1.0666666666666667,1.2666666666666666,0.5666666666666667,2.6333333333333333,3.1666666666666665,4.266666666666667,1.0,0.3666666666666667,1.3999999999999997,8.1,120,23.066666666666666
Kyrie Irving,DAL,35.0,9.7,19.5,3.0,7.3,3.3,3.6,0.8,4.2,5.0,5.2,1.3,0.5,1.8,25.6,58,47.2
LaMelo Ball,CHO,32.3,8.3,19.2,3.2,9.0,4.1,4.7,1.3,3.8,5.1,8.0,1.8,0.2,3.8,23.9,22,45.4
Lamar Stevens,TOT,14.700000000000001,2.8333333333333335,6.333333333333333,0.39999999999999997,1.2,1.1,1.4333333333333333,0.9333333333333332,2.4,3.3333333333333335,0.7333333333333334,0.6,0.6,0.6333333333333333,7.166666666666667,76,14.900000000000002
Landry Shamet,WAS,15.8,2.6,6.0,1.2,3.4,0.8,1.0,0.3,1.0,1.3,1.2,0.5,0.2,0.7,7.1,46,12.4
Larry Nance Jr.,NOP,19.9,2.3,4.0,0.4,1.1,0.8,1.0,1.5,3.5,5.0,1.9,1.0,0.3,0.8,5.7,61,18.9
Lauri Markkanen,UTA,33.1,7.8,16.2,3.2,8.0,4.5,5.0,2.2,5.9,8.2,2.0,0.9,0.5,1.4,23.2,55,40.3
LeBron James,LAL,35.3,9.6,17.9,2.1,5.1,4.3,5.7,0.9,6.4,7.3,8.3,1.3,0.5,3.5,25.7,71,51.8
Leaky Black,CHO,10.9,1.0,2.0,0.3,0.8,0.4,0.6,0.3,1.5,1.8,0.9,0.3,0.4,0.2,2.7,26,8.8
Leonard Miller,MIN,3.1,0.8,1.2,0.1,0.3,0.1,0.1,0.3,0.9,1.2,0.5,0.1,0.1,0.1,1.7,17,5.0
Lester Quinones,GSW,10.6,1.5,3.8,0.9,2.4,0.5,0.8,0.6,1.4,1.9,1.0,0.2,0.1,0.5,4.4,37,8.3
Lindell Wigginton,MIL,2.7,0.7,1.7,0.0,0.7,0.7,0.7,0.0,0.0,0.0,0.0,0.0,0.0,0.3,2.0,3,1.1
Lindy Waters III,OKC,7.4,1.3,2.7,1.0,2.2,0.1,0.1,0.2,0.9,1.1,0.6,0.1,0.2,0.2,3.6,38,7.6
Lonnie Walker IV,BRK,17.4,3.6,8.5,1.8,4.7,0.8,1.0,0.2,2.0,2.2,1.3,0.6,0.3,0.9,9.7,58,16.599999999999998
Luguentz Dort,OKC,28.4,3.6,8.3,2.0,5.0,1.6,2.0,0.9,2.7,3.6,1.4,0.9,0.6,0.9,10.9,79,22.0
Luka Don?i?,DAL,37.5,11.5,23.6,4.1,10.6,6.8,8.7,0.8,8.4,9.2,9.8,1.4,0.5,4.0,33.9,70,63.9
Luka Garza,MIN,4.9,1.4,3.0,0.4,1.3,0.7,1.0,0.8,0.5,1.2,0.2,0.2,0.0,0.2,4.0,25,5.9
Luka �amani?,UTA,9.4,1.4,3.7,0.3,1.5,1.0,1.3,0.5,1.9,2.4,0.4,0.1,0.2,0.7,4.1,43,6.199999999999999
Luke Kennard,MEM,25.6,3.6,8.1,2.7,6.1,1.0,1.2,0.3,2.6,2.9,3.5,0.5,0.1,1.4,11.0,39,22.1
Luke Kornet,BOS,15.6,2.3,3.2,0.0,0.0,0.8,0.9,1.9,2.3,4.1,1.1,0.4,1.0,0.3,5.3,63,17.9
Malachi Flynn,TOT,11.65,1.85,4.4,0.75,2.275,0.75,1.025,0.25,1.225,1.5,1.7,0.525,0.1,0.825,5.2,138,10.725000000000001
Malaki Branham,SAS,21.3,3.6,8.4,1.2,3.6,0.7,0.8,0.4,1.6,2.0,2.1,0.4,0.1,1.2,9.2,75,14.899999999999999
Malcolm Brogdon,POR,28.7,5.6,12.7,2.1,5.1,2.4,3.0,0.7,3.1,3.8,5.5,0.7,0.2,1.5,15.7,39,31.1
Malcolm Cazalon,DET,3.0,0.0,0.0,0.0,0.0,0.0,0.0,0.0,0.0,0.0,0.0,0.0,0.0,0.0,0.0,1,0.0
Malik Beasley,MIL,29.6,4.1,9.1,2.8,6.9,0.3,0.4,0.5,3.2,3.7,1.4,0.7,0.1,0.7,11.3,79,21.400000000000002
Malik Monk,SAC,26.0,5.5,12.4,2.1,5.9,2.4,2.8,0.4,2.6,2.9,5.1,0.6,0.5,2.1,15.4,72,29.0
Malik Williams,TOR,15.3,1.3,4.9,0.1,0.7,0.0,0.3,2.1,3.3,5.4,0.3,0.4,0.6,0.4,2.7,7,9.4
Mamadi Diakite,TOT,4.0,0.6666666666666666,1.0,0.0,0.16666666666666666,0.6666666666666666,1.0,0.16666666666666666,0.5,0.6666666666666666,0.3333333333333333,0.16666666666666666,0.16666666666666666,0.16666666666666666,2.0,12,4.333333333333332
MarJon Beauchamp,MIL,12.7,1.7,3.5,0.6,1.6,0.4,0.6,0.5,1.6,2.1,0.6,0.3,0.1,0.6,4.4,48,8.4
Marcus Morris,TOT,16.3,2.3333333333333335,5.266666666666667,1.0,2.4,0.6333333333333333,0.8666666666666667,0.4666666666666666,2.1666666666666665,2.566666666666667,0.7333333333333334,0.3,0.26666666666666666,0.6666666666666666,6.3,98,11.433333333333334
Marcus Sasser,DET,19.0,3.1,7.2,1.3,3.4,0.8,0.9,0.2,1.6,1.8,3.3,0.6,0.2,1.3,8.3,71,17.5
Marcus Smart,MEM,30.3,5.1,11.9,2.1,6.7,2.2,2.8,0.3,2.4,2.7,4.3,2.1,0.3,3.1,14.5,20,29.0
Mark Williams,CHO,26.7,5.2,7.9,0.0,0.0,2.4,3.4,4.0,5.7,9.7,1.2,0.8,1.1,0.9,12.7,19,32.1
Markelle Fultz,ORL,21.2,3.6,7.6,0.1,0.4,0.5,0.8,1.3,1.9,3.2,2.8,1.0,0.3,1.2,7.8,43,18.799999999999997
Markieff Morris,DAL,8.3,0.9,2.6,0.6,1.6,0.2,0.2,0.2,1.3,1.5,0.6,0.2,0.1,0.5,2.5,26,5.199999999999999
Markquis Nowell,TOR,4.0,0.0,1.0,0.0,0.0,2.0,2.0,2.0,0.0,2.0,2.0,1.0,0.0,0.0,2.0,1,11.0
Marques Bolden,TOT,8.533333333333333,1.1333333333333333,1.7,0.0,0.06666666666666667,0.19999999999999998,0.26666666666666666,0.6666666666666666,1.8666666666666665,2.566666666666667,0.26666666666666666,0.19999999999999998,0.4666666666666666,0.19999999999999998,2.5,22,8.366666666666667
Marvin Bagley III,TOT,21.166666666666668,4.8,8.233333333333333,0.16666666666666666,0.4666666666666666,1.8999999999999997,2.5,2.6333333333333333,3.6666666666666665,6.266666666666667,1.0999999999999999,0.39999999999999997,0.6666666666666666,1.2,11.733333333333334,100,23.0
Mason Jones,SAC,5.6,0.4,1.6,0.4,1.4,0.2,0.4,0.2,0.8,1.0,1.0,0.2,0.0,0.4,1.4,5,3.8000000000000003
Mason Plumlee,LAC,14.7,1.9,3.3,0.0,0.1,1.5,2.2,1.3,3.8,5.1,1.2,0.3,0.4,0.8,5.3,46,13.799999999999997
Matisse Thybulle,POR,22.9,1.9,4.9,1.2,3.6,0.3,0.4,0.5,1.6,2.1,1.4,1.7,0.8,0.6,5.4,65,19.1
Matt Ryan,NOP,13.9,1.8,4.0,1.5,3.3,0.5,0.5,0.2,1.2,1.4,0.6,0.2,0.0,0.7,5.4,28,8.5
Matthew Hurt,MEM,14.1,1.5,4.3,0.6,2.5,0.4,0.4,1.1,0.9,2.0,0.5,0.4,0.4,0.3,4.0,8,8.9
Max Christie,LAL,14.1,1.5,3.6,0.6,1.8,0.5,0.7,0.2,1.9,2.1,0.9,0.3,0.3,0.5,4.2,67,9.3
Max Strus,CLE,32.0,4.3,10.4,2.4,6.8,1.1,1.4,0.9,3.9,4.8,4.0,0.9,0.4,1.6,12.2,70,27.3
Maxi Kleber,DAL,20.3,1.5,3.4,0.7,2.1,0.8,1.1,0.7,2.6,3.3,1.6,0.4,0.7,0.7,4.4,43,13.899999999999999
Maxwell Lewis,LAL,3.0,0.1,0.6,0.0,0.3,0.1,0.1,0.1,0.1,0.1,0.2,0.1,0.0,0.3,0.3,34,0.20000000000000012
Micah Potter,UTA,11.6,1.2,2.5,0.6,1.3,0.4,0.5,0.6,2.1,2.7,0.4,0.3,0.4,0.3,3.3,16,9.400000000000002
Michael Porter Jr.,DEN,31.7,6.4,13.3,2.7,6.8,1.1,1.4,1.3,5.7,7.0,1.5,0.5,0.7,1.1,16.7,81,31.2
Mikal Bridges,BRK,34.8,6.9,15.8,2.7,7.2,3.1,3.9,0.8,3.7,4.5,3.6,1.0,0.4,2.0,19.6,82,32.800000000000004
Mike Conley,MIN,28.9,3.9,8.5,2.4,5.3,1.3,1.5,0.5,2.4,2.9,5.9,1.2,0.2,1.3,11.4,76,30.6
Mike Muscala,TOT,11.075,1.05,2.875,0.55,1.8,0.275,0.425,0.7,1.55,2.25,0.675,0.17500000000000002,0.25,0.4,2.9,106,7.025
Miles Bridges,CHO,37.4,8.1,17.5,2.3,6.5,2.5,3.1,1.0,6.3,7.3,3.3,0.9,0.5,2.0,21.0,69,36.9
Miles McBride,NYK,19.5,3.0,6.7,1.6,3.9,0.6,0.7,0.5,1.0,1.5,1.7,0.7,0.1,0.4,8.3,68,16.4
Mitchell Robinson,NYK,24.8,2.4,4.1,0.0,0.0,0.9,2.1,4.6,3.9,8.5,0.6,1.2,1.1,0.8,5.6,31,22.4
Mo Bamba,PHI,13.0,1.7,3.5,0.4,1.1,0.6,0.9,1.4,2.8,4.2,0.7,0.4,1.1,0.7,4.4,57,14.6
Monte Morris,TOT,13.6,1.9333333333333333,4.833333333333333,0.6666666666666666,2.0333333333333337,0.3333333333333333,0.5,0.2333333333333333,1.5666666666666667,1.8,1.9000000000000001,0.5,0.26666666666666666,0.2333333333333333,4.866666666666666,66,12.600000000000001
Moritz Wagner,ORL,17.7,4.2,6.9,0.5,1.4,2.1,2.6,1.5,2.9,4.3,1.2,0.5,0.3,1.2,10.9,80,19.9
Moses Brown,POR,9.1,1.5,3.0,0.0,0.0,0.4,1.4,1.7,2.2,3.9,0.3,0.2,0.3,0.5,3.4,22,7.9
Moses Moody,GSW,17.5,2.9,6.4,1.1,3.0,1.1,1.4,1.0,2.0,3.0,0.9,0.6,0.4,0.7,8.1,66,15.7
Mouhamadou Gueye,TOR,10.9,1.0,3.5,0.0,0.3,0.4,0.8,1.1,1.0,2.1,0.5,0.3,1.6,1.1,2.4,11,9.0
Mouhamed Gueye,ATL,12.2,1.3,3.8,0.5,1.5,0.8,1.0,1.7,2.0,3.7,0.7,0.8,0.7,0.2,4.0,6,13.8
Moussa Diabat�,LAC,5.8,0.9,1.7,0.0,0.0,0.8,1.3,1.4,0.8,2.2,0.4,0.5,0.1,0.2,2.6,11,7.200000000000001
Myles Turner,IND,27.0,6.2,11.8,1.5,4.2,3.2,4.1,1.5,5.5,6.9,1.3,0.5,1.9,1.4,17.1,77,34.6
M�ozinha Pereira,MEM,17.4,2.6,5.0,0.7,1.9,1.0,1.4,1.6,3.7,5.3,0.3,0.9,0.6,0.7,6.9,7,17.9
Naji Marshall,NOP,19.0,2.6,5.6,0.9,2.3,1.0,1.3,0.8,2.8,3.6,1.9,0.7,0.2,1.0,7.1,66,16.3
Nassir Little,PHO,10.2,1.3,2.8,0.5,1.6,0.4,0.4,0.3,1.4,1.7,0.5,0.2,0.2,0.3,3.4,45,7.3999999999999995
Nate Hinton,HOU,5.0,0.7,1.7,0.5,0.9,0.3,0.3,0.5,1.0,1.5,0.7,0.2,0.1,0.2,2.2,15,6.1
Nathan Mensah,CHO,12.3,0.5,1.1,0.0,0.0,0.4,0.5,1.2,1.4,2.6,0.4,0.2,0.6,0.6,1.3,25,6.5
Naz Reid,MIN,24.2,5.0,10.5,2.1,5.0,1.3,1.8,0.9,4.3,5.2,1.3,0.8,0.9,1.4,13.5,81,26.400000000000002
Neemias Queta,BOS,11.9,2.4,3.7,0.0,0.0,0.7,1.0,1.9,2.5,4.4,0.7,0.5,0.8,0.5,5.5,28,16.3
Nic Claxton,BRK,29.8,5.2,8.2,0.0,0.1,1.5,2.8,2.7,7.2,9.9,2.1,0.6,2.1,1.3,11.8,71,35.0
Nick Richards,CHO,26.3,3.9,5.6,0.0,0.0,2.0,2.7,2.6,5.5,8.0,0.8,0.4,1.1,1.1,9.7,67,24.6
Nick Smith Jr.,CHO,14.3,2.2,5.7,1.2,2.9,0.3,0.3,0.4,1.1,1.4,1.2,0.2,0.1,0.8,5.9,51,9.200000000000001
Nickeil Alexander-Walker,MIN,23.4,2.9,6.6,1.6,4.1,0.6,0.8,0.4,1.6,2.0,2.5,0.8,0.5,0.9,8.0,82,19.0
Nicolas Batum,TOT,23.133333333333336,1.6333333333333335,3.8000000000000003,1.0333333333333332,2.8333333333333335,0.19999999999999998,0.26666666666666666,0.7999999999999999,2.766666666666667,3.533333333333333,2.0,0.8666666666666667,0.8333333333333334,0.5666666666666667,4.5,120,18.133333333333333
Nikola Joki?,DEN,34.6,10.4,17.9,1.1,2.9,4.5,5.5,2.8,9.5,12.4,9.0,1.4,0.9,3.0,26.4,79,63.00000000000001
Nikola Jovi?,MIA,19.5,2.8,6.1,1.4,3.5,0.7,1.0,0.5,3.6,4.2,2.0,0.5,0.3,0.9,7.7,46,17.9
Nikola Vu?evi?,CHI,34.3,7.7,15.9,1.2,4.1,1.4,1.7,2.8,7.8,10.5,3.3,0.7,0.8,1.6,18.0,76,38.3
Noah Clowney,BRK,16.1,2.2,4.0,0.5,1.4,0.9,1.3,1.1,2.4,3.5,0.8,0.3,0.7,0.7,5.8,23,14.0
Norman Powell,LAC,26.2,4.9,10.1,2.2,5.1,1.9,2.3,0.2,2.4,2.6,1.1,0.6,0.3,0.9,13.9,76,22.0
OG Anunoby,TOT,34.06666666666666,5.6000000000000005,11.5,2.033333333333333,5.266666666666667,1.3333333333333333,1.8,0.9333333333333332,3.1999999999999997,4.166666666666667,2.1,1.3666666666666665,0.7333333333333334,1.6333333333333335,14.633333333333333,100,29.4
Obi Toppin,IND,21.1,4.0,7.1,1.2,3.1,0.9,1.2,1.0,2.9,3.9,1.6,0.6,0.5,0.8,10.3,82,22.0
Ochai Agbaji,TOT,21.433333333333334,2.3666666666666667,5.766666666666667,0.7666666666666666,2.6999999999999997,0.5333333333333333,0.7999999999999999,1.0,1.8333333333333333,2.8666666666666667,1.1,0.6,0.6,0.8666666666666667,5.966666666666666,156,13.566666666666666
Olivier Sarr,OKC,6.5,0.7,1.3,0.1,0.4,0.7,1.0,0.7,1.7,2.4,0.1,0.0,0.5,0.2,2.3,15,6.3999999999999995
Olivier-Maxence Prosper,DAL,8.4,1.0,2.6,0.3,1.1,0.7,1.0,0.6,1.4,2.0,0.6,0.2,0.1,0.2,3.0,40,6.3999999999999995
Omer Yurtseven,UTA,11.4,2.1,3.8,0.1,0.5,0.4,0.6,1.5,2.8,4.3,0.6,0.2,0.4,0.8,4.6,48,11.200000000000001
Onuralp Bitim,CHI,11.7,1.4,3.7,0.5,1.9,0.2,0.2,0.3,1.1,1.4,0.6,0.1,0.1,0.4,3.5,23,5.699999999999999
Onyeka Okongwu,ATL,25.5,4.1,6.6,0.4,1.3,1.7,2.1,2.6,4.2,6.8,1.3,0.5,1.1,0.8,10.2,55,26.0
Orlando Robinson,MIA,8.4,1.0,2.0,0.2,0.4,0.5,0.7,0.8,1.6,2.3,0.9,0.2,0.2,0.5,2.8,36,7.499999999999999
Oscar Tshiebwe,IND,5.3,1.3,2.5,0.0,0.0,0.8,1.0,1.0,1.0,2.0,0.3,0.3,0.1,0.0,3.3,8,7.4
Oshae Brissett,BOS,11.5,1.2,2.8,0.3,1.0,0.9,1.5,1.1,1.8,2.9,0.8,0.3,0.1,0.4,3.7,55,8.3
Otto Porter Jr.,TOR,11.6,0.9,2.2,0.5,1.5,0.2,0.2,0.4,1.5,1.9,0.5,0.3,0.3,0.1,2.6,15,7.800000000000001
Ousmane Dieng,OKC,11.1,1.5,3.5,0.6,2.1,0.4,0.5,0.3,1.2,1.5,1.1,0.2,0.2,0.6,4.0,33,8.1
P.J. Tucker,TOT,17.566666666666666,0.6333333333333333,1.6333333333333335,0.5,1.3,0.06666666666666667,0.06666666666666667,0.7333333333333334,2.5666666666666664,3.3000000000000003,0.3666666666666667,0.6666666666666666,0.36666666666666664,0.39999999999999997,1.7666666666666668,62,9.266666666666667
P.J. Washington,TOT,30.599999999999998,4.8,11.033333333333333,1.8,5.666666666666667,1.3333333333333333,1.9666666666666668,1.1666666666666667,4.566666666666666,5.7,1.8666666666666665,1.0333333333333334,0.7999999999999999,1.2666666666666666,12.733333333333334,146,26.700000000000003
Paolo Banchero,ORL,35.0,8.0,17.6,1.5,4.4,5.1,7.0,1.0,5.9,6.9,5.4,0.9,0.6,3.1,22.6,80,38.1
Pascal Siakam,TOT,33.233333333333334,8.5,15.9,1.0999999999999999,3.1,3.633333333333333,4.966666666666667,1.7333333333333334,5.3,7.066666666666666,4.3,0.8000000000000002,0.3333333333333333,1.7666666666666666,21.733333333333334,160,39.266666666666666
Pat Connaughton,MIL,22.1,2.0,4.6,1.1,3.1,0.6,0.8,0.7,2.5,3.1,2.1,0.5,0.3,0.6,5.6,76,15.200000000000001
Pat Spencer,GSW,4.3,0.3,0.7,0.0,0.3,0.0,0.0,0.3,0.3,0.7,0.8,0.0,0.0,0.2,0.7,6,2.5
Patrick Baldwin Jr.,WAS,13.0,1.6,4.1,0.8,2.6,0.5,0.7,0.4,2.8,3.2,0.8,0.5,0.4,0.5,4.4,38,11.500000000000002
Patrick Beverley,TOT,20.166666666666668,2.1666666666666665,5.2,0.8333333333333334,2.533333333333333,1.0,1.1666666666666667,0.6666666666666666,2.6333333333333333,3.3333333333333335,2.8666666666666667,0.6,0.43333333333333335,0.8333333333333334,6.166666666666667,146,17.5
Patrick Williams,CHI,27.3,3.7,8.3,1.4,3.4,1.2,1.5,1.1,2.8,3.9,1.5,0.9,0.8,1.3,10.0,43,21.299999999999997
Patty Mills,TOT,13.333333333333334,1.5,4.333333333333333,0.7666666666666666,2.8666666666666667,0.3666666666666667,0.3666666666666667,0.3,0.8000000000000002,1.1333333333333335,1.0999999999999999,0.6333333333333333,0.03333333333333333,0.5,4.166666666666667,64,8.600000000000001
Paul George,LAC,33.8,7.9,16.7,3.3,7.9,3.6,3.9,0.5,4.7,5.2,3.5,1.5,0.5,2.1,22.6,74,40.7
Paul Reed,PHI,19.4,3.2,5.9,0.3,0.7,0.7,1.0,2.4,3.6,6.0,1.3,0.8,1.0,0.8,7.3,82,22.0
Payton Pritchard,BOS,22.3,3.6,7.7,1.8,4.7,0.6,0.7,0.9,2.4,3.2,3.4,0.5,0.1,0.7,9.6,82,21.799999999999997
Pete Nance,CLE,3.4,0.1,0.8,0.1,0.1,0.0,0.3,0.0,0.4,0.4,0.0,0.1,0.0,0.1,0.4,8,0.2
Peyton Watson,DEN,18.6,2.6,5.6,0.6,1.9,0.9,1.3,0.7,2.5,3.2,1.1,0.5,1.1,0.7,6.7,80,16.900000000000002
Precious Achiuwa,TOT,21.2,3.1666666666666665,6.3999999999999995,0.39999999999999997,1.4000000000000001,0.9333333333333332,1.5333333333333332,2.5,3.9,6.3999999999999995,1.4000000000000001,0.6,0.8333333333333334,1.1333333333333335,7.633333333333333,148,20.03333333333333
Quentin Grimes,TOT,19.833333333333332,2.1333333333333333,6.6000000000000005,1.3333333333333333,4.7,0.9666666666666667,1.1666666666666667,0.26666666666666666,1.7,2.0,1.5999999999999999,0.7333333333333334,0.3,0.7333333333333334,6.533333333333334,102,13.2
Quenton Jackson,IND,3.7,0.0,0.3,0.0,0.0,0.7,0.7,0.0,1.3,1.3,0.7,0.3,0.0,0.0,0.7,3,4.3
R.J. Hampton,MIA,9.5,0.5,1.8,0.1,1.0,0.1,0.3,0.3,0.5,0.8,1.0,0.0,0.0,0.4,1.3,8,2.4
RJ Barrett,TOT,31.566666666666666,7.433333333333334,15.166666666666666,1.5999999999999999,4.366666666666666,3.6333333333333333,5.0,0.9,4.433333333333334,5.366666666666667,3.266666666666666,0.5333333333333333,0.3666666666666667,2.1666666666666665,20.066666666666666,116,31.166666666666668
RaiQuan Gray,SAS,13.0,3.3,5.7,1.0,2.3,0.0,0.0,0.7,1.7,2.3,2.0,0.3,0.3,0.3,7.7,3,17.7
Rayan Rupert,POR,16.2,1.4,4.1,0.7,2.0,0.5,0.6,0.6,1.7,2.4,1.6,0.3,0.1,0.8,4.0,39,8.9
Reggie Bullock,HOU,9.5,0.8,1.9,0.6,1.5,0.0,0.0,0.1,1.5,1.7,0.3,0.3,0.1,0.2,2.2,44,6.0
Reggie Jackson,DEN,22.2,4.0,9.2,1.2,3.5,1.0,1.2,0.4,1.5,1.9,3.8,0.5,0.2,1.3,10.2,82,19.700000000000003
Richaun Holmes,TOT,14.299999999999999,2.1333333333333333,3.8333333333333335,0.03333333333333333,0.10000000000000002,0.9,1.2,1.8,2.9,4.7,0.6333333333333333,0.3,0.5,0.6,5.166666666666667,80,13.3
Ricky Council IV,PHI,9.0,1.7,3.5,0.4,1.0,1.7,2.2,0.4,1.0,1.4,0.5,0.3,0.0,0.2,5.4,32,8.4
Robert Covington,TOT,18.633333333333336,1.3333333333333333,3.266666666666667,0.6999999999999998,2.1333333333333333,0.6333333333333334,0.8333333333333334,0.9666666666666668,2.1999999999999997,3.1333333333333333,1.2666666666666666,1.5333333333333332,0.6333333333333333,0.26666666666666666,3.966666666666667,58,17.666666666666664
Robert Williams,POR,19.8,2.8,4.3,0.0,0.0,1.2,1.5,1.8,4.5,6.3,0.8,1.2,1.2,1.2,6.8,6,22.900000000000002
Robin Lopez,MIL,4.1,0.4,1.2,0.1,0.5,0.1,0.1,0.2,0.1,0.3,0.3,0.1,0.2,0.1,1.1,16,2.7
Ron Harper Jr.,TOR,4.0,0.0,0.0,0.0,0.0,0.0,0.0,0.0,0.0,0.0,1.0,0.0,0.0,0.0,0.0,1,2.0
Royce O'Neale,TOT,24.766666666666666,2.733333333333333,6.833333333333333,2.0,5.3,0.3,0.4000000000000001,0.7666666666666666,4.066666666666666,4.833333333333333,2.766666666666667,0.7666666666666666,0.5666666666666667,0.8666666666666667,7.733333333333333,158,22.23333333333333
Rudy Gobert,MIN,34.1,5.3,8.1,0.0,0.0,3.3,5.1,3.8,9.2,12.9,1.3,0.7,2.1,1.6,14.0,76,38.2
Rui Hachimura,LAL,26.9,5.3,9.9,1.4,3.4,1.5,2.0,0.9,3.5,4.3,1.2,0.6,0.4,0.7,13.6,68,24.5
Russell Westbrook,LAC,22.5,4.4,9.8,0.6,2.3,1.6,2.4,1.4,3.7,5.0,4.5,1.1,0.3,2.1,11.1,68,25.300000000000004
Ryan Arcidiacono,NYK,2.3,0.0,0.3,0.0,0.3,0.0,0.0,0.0,0.4,0.4,0.2,0.1,0.0,0.1,0.0,20,0.7
Ryan Rollins,TOT,5.533333333333334,0.9,1.7666666666666666,0.2333333333333333,0.3,0.7666666666666666,1.0,0.13333333333333333,0.7999999999999999,0.9333333333333332,1.0666666666666667,0.7666666666666666,0.16666666666666666,0.5333333333333333,2.8333333333333335,26,8.6
Saben Lee,PHO,7.7,0.8,2.3,0.1,0.7,1.2,1.6,0.4,0.9,1.3,1.3,0.3,0.1,0.3,3.0,24,6.9
Saddiq Bey,ATL,32.7,4.6,11.1,1.8,5.7,2.7,3.2,2.7,3.9,6.5,1.5,0.8,0.2,0.9,13.7,63,24.799999999999997
Sam Hauser,BOS,22.0,3.2,7.1,2.5,5.9,0.2,0.2,0.6,2.9,3.5,1.0,0.5,0.3,0.4,9.0,79,18.7
Sam Merrill,CLE,17.5,2.6,6.4,2.3,5.8,0.4,0.5,0.4,1.6,2.0,1.8,0.3,0.1,0.3,8.0,61,15.6
Sandro Mamukelashvili,SAS,9.8,1.6,3.4,0.4,1.4,0.5,0.7,1.0,2.2,3.2,1.1,0.2,0.3,0.4,4.1,46,10.7
Santi Aldama,MEM,26.5,4.0,9.3,1.7,5.0,0.9,1.4,1.2,4.6,5.8,2.3,0.7,0.9,1.1,10.7,61,25.2
Sasha Vezenkov,SAC,12.2,2.0,4.5,1.1,2.9,0.3,0.4,0.7,1.6,2.3,0.5,0.5,0.2,0.3,5.4,42,11.4
Scoot Henderson,POR,28.5,5.0,12.9,1.4,4.3,2.7,3.3,0.9,2.3,3.1,5.4,0.8,0.2,3.4,14.0,62,23.0
Scottie Barnes,TOR,34.9,7.5,15.7,1.7,4.9,3.3,4.2,2.4,5.9,8.2,6.1,1.3,1.5,2.8,19.9,60,46.0
Scotty Pippen Jr.,MEM,25.1,4.8,9.7,1.4,3.4,2.0,2.6,1.0,2.1,3.2,4.7,1.7,0.5,2.7,12.9,21,29.6
Seth Curry,TOT,15.533333333333331,2.1999999999999997,5.333333333333333,0.9333333333333335,2.733333333333333,0.8333333333333334,0.9,0.4000000000000001,1.2333333333333334,1.6333333333333335,1.2,0.5333333333333333,0.20000000000000004,0.5,6.133333333333333,88,12.033333333333331
Seth Lundy,ATL,5.8,0.4,1.9,0.3,1.4,0.3,0.4,0.1,0.7,0.8,0.0,0.0,0.0,0.1,1.6,9,1.3000000000000003
Shaedon Sharpe,POR,33.1,5.5,13.6,1.9,5.6,3.1,3.7,1.3,3.7,5.0,2.9,0.9,0.4,2.3,15.9,32,26.0
Shai Gilgeous-Alexander,OKC,34.0,10.6,19.8,1.3,3.6,7.6,8.7,0.9,4.7,5.5,6.2,2.0,0.9,2.2,30.1,75,56.800000000000004
Shake Milton,TOT,11.325,1.7,4.075,0.45,1.325,0.625,0.825,0.575,1.575,2.1,1.2,0.375,0.125,0.525,4.45,96,9.475
Shaquille Harrison,MEM,2.0,0.3,0.7,0.0,0.0,0.0,0.0,0.0,0.7,0.7,0.0,0.0,0.3,0.0,0.7,3,2.5
Sidy Cissoko,SAS,11.8,1.3,2.8,0.1,1.0,1.0,1.3,0.7,1.2,1.8,0.8,0.6,0.3,0.3,3.8,12,9.8
Simone Fontecchio,TOT,26.133333333333336,4.233333333333333,9.133333333333335,2.1666666666666665,5.366666666666667,0.9333333333333332,1.1333333333333335,0.9333333333333332,2.966666666666667,3.866666666666667,1.5999999999999999,0.7333333333333334,0.3333333333333333,1.0333333333333334,11.6,132,22.166666666666664
Skylar Mays,TOT,10.966666666666667,1.5999999999999999,4.0,0.39999999999999997,1.3333333333333333,0.3,0.4000000000000001,0.26666666666666666,0.8333333333333334,1.1,2.1333333333333333,0.5666666666666667,0.10000000000000002,0.5,3.9,76,10.433333333333334
Spencer Dinwiddie,TOT,27.733333333333334,3.133333333333333,7.933333333333334,1.5999999999999999,4.6000000000000005,2.1333333333333333,2.6333333333333333,0.3333333333333333,2.1999999999999997,2.566666666666667,4.366666666666666,0.6666666666666666,0.3333333333333333,1.1666666666666667,9.966666666666667,152,22.366666666666664
Stanley Umude,DET,12.8,1.5,3.5,1.0,2.2,1.2,1.3,0.3,1.8,2.1,0.5,0.3,0.3,0.6,5.3,24,10.0
Stephen Curry,GSW,32.7,8.8,19.5,4.8,11.8,4.0,4.4,0.5,4.0,4.5,5.1,0.7,0.4,2.8,26.4,74,42.4
Svi Mykhailiuk,BOS,10.1,1.4,3.3,1.0,2.6,0.1,0.2,0.3,1.0,1.2,0.9,0.3,0.0,0.3,4.0,41,8.0
T.J. McConnell,IND,18.2,4.6,8.4,0.3,0.6,0.7,0.9,0.5,2.2,2.7,5.5,1.0,0.1,1.5,10.2,71,26.2
T.J. Warren,MIN,11.4,1.6,3.7,0.2,1.2,0.3,0.4,0.5,1.5,2.0,0.8,0.4,0.1,0.4,3.7,11,8.100000000000001
Taj Gibson,TOT,10.1,1.0666666666666667,2.2666666666666666,0.19999999999999998,0.6333333333333333,0.06666666666666667,0.06666666666666667,0.5666666666666667,1.4000000000000001,2.0,0.5666666666666667,0.19999999999999998,0.3666666666666667,0.19999999999999998,2.4,40,7.466666666666667
Talen Horton-Tucker,UTA,19.8,3.6,9.1,1.2,3.6,1.7,2.1,0.4,2.0,2.4,3.5,0.9,0.4,1.3,10.1,51,21.0
Tari Eason,HOU,21.8,4.0,8.6,0.8,2.3,1.0,1.5,2.1,4.9,7.0,1.2,1.4,0.9,0.9,9.8,22,26.3
Taurean Prince,LAL,27.0,3.2,7.3,1.8,4.6,0.6,0.9,0.3,2.7,2.9,1.5,0.7,0.4,0.9,8.9,78,18.0
Taylor Hendricks,UTA,21.4,2.7,6.0,1.3,3.5,0.6,0.7,1.2,3.5,4.6,0.8,0.7,0.8,0.7,7.3,40,18.7
Taze Moore,POR,10.0,2.0,4.8,0.3,1.8,0.3,0.5,1.0,1.0,2.0,1.3,0.5,0.0,0.8,4.5,4,8.8
Terance Mann,LAC,25.0,3.4,6.6,0.9,2.7,1.1,1.3,1.2,2.2,3.4,1.6,0.6,0.2,0.6,8.8,75,18.300000000000004
Terquavion Smith,PHI,5.3,1.1,2.9,0.8,2.2,0.2,0.3,0.0,0.3,0.3,0.8,0.5,0.0,0.4,3.3,16,6.4
Terry Rozier,TOT,33.46666666666667,7.233333333333333,16.400000000000002,2.433333333333333,6.7,2.8000000000000003,3.233333333333333,0.6,3.466666666666667,4.033333333333333,5.599999999999999,1.0333333333333334,0.3333333333333333,1.7333333333333334,19.8,122,37.099999999999994
Terry Taylor,CHI,6.1,0.6,1.3,0.1,0.3,0.1,0.2,0.5,0.6,1.2,0.3,0.2,0.1,0.2,1.5,31,4.0
Thaddeus Young,TOT,12.466666666666667,1.8,3.0666666666666664,0.0,0.19999999999999998,0.16666666666666666,0.43333333333333335,1.4666666666666668,1.6000000000000003,3.0666666666666664,1.5333333333333334,0.6666666666666666,0.16666666666666666,0.4666666666666666,3.8333333333333335,66,12.633333333333333
Thanasis Antetokounmpo,MIL,4.6,0.5,0.9,0.0,0.0,0.0,0.1,0.2,0.2,0.4,0.5,0.2,0.1,0.4,0.9,34,2.7
Thomas Bryant,MIA,11.6,2.3,3.9,0.1,0.6,1.1,1.2,1.1,2.7,3.7,0.6,0.3,0.4,0.6,5.7,38,12.9
Th�o Maledon,TOT,10.4,1.0,3.4,0.2333333333333333,1.3666666666666665,0.8000000000000002,0.8666666666666667,0.16666666666666666,1.0,1.1666666666666667,1.2666666666666668,0.3,0.0,1.0333333333333334,3.0,34,4.600000000000001
Tim Hardaway Jr.,DAL,26.8,5.0,12.4,2.7,7.6,1.8,2.1,0.3,2.9,3.2,1.8,0.5,0.1,0.9,14.4,79,21.8
Timmy Allen,MEM,25.0,1.2,4.6,0.0,1.4,0.2,0.4,0.8,2.6,3.4,1.0,0.8,0.0,0.4,2.6,5,8.0
Tobias Harris,PHI,33.8,6.6,13.6,1.3,3.7,2.7,3.0,1.1,5.3,6.5,3.1,1.0,0.7,1.3,17.2,70,34.7
Torrey Craig,CHI,19.8,2.0,4.7,1.1,2.9,0.5,0.7,1.3,2.8,4.1,1.1,0.6,0.4,0.6,5.7,53,15.0
Tosan Evbuomwan,TOT,20.866666666666667,1.8666666666666665,4.1000000000000005,0.6666666666666666,1.9000000000000001,0.7666666666666666,1.1333333333333333,1.3,2.2666666666666666,3.5,1.0666666666666667,0.3,0.3,0.4666666666666666,5.133333333333334,34,12.166666666666666
Toumani Camara,POR,24.8,2.8,6.3,0.8,2.5,1.1,1.4,2.0,2.9,4.9,1.2,0.9,0.5,1.2,7.5,70,17.799999999999997
Trae Young,ATL,36.0,8.0,18.7,3.2,8.7,6.4,7.5,0.4,2.3,2.8,10.8,1.3,0.2,4.4,25.7,54,46.7
Trayce Jackson-Davis,GSW,16.6,3.4,4.9,0.0,0.0,1.1,1.9,2.0,3.0,5.0,1.2,0.4,1.1,0.7,7.9,68,21.0
Tre Jones,SAS,27.8,3.9,7.8,0.8,2.5,1.3,1.5,0.8,3.0,3.8,6.2,1.0,0.1,1.5,10.0,77,28.2
Tre Mann,TOT,21.433333333333334,3.1666666666666665,6.900000000000001,1.0333333333333334,2.8000000000000003,0.9333333333333335,1.2,0.4666666666666666,2.8333333333333335,3.3000000000000003,3.5666666666666664,1.0333333333333332,0.06666666666666667,1.4333333333333333,8.333333333333334,82,20.5
Trendon Watford,BRK,13.6,2.6,4.9,0.4,1.1,1.2,1.5,0.8,2.3,3.1,1.3,0.4,0.3,1.0,6.9,63,13.799999999999999
Trent Forrest,ATL,10.9,0.9,2.4,0.1,0.3,0.3,0.4,0.3,1.1,1.3,2.4,0.3,0.1,0.5,2.2,38,8.3
Trevelin Queen,ORL,11.8,1.0,2.7,0.2,1.2,0.6,0.9,0.2,1.2,1.4,1.3,0.5,0.4,0.5,2.9,14,8.7
Trey Jemison,TOT,16.099999999999998,2.1,3.766666666666667,0.0,0.0,0.5666666666666668,0.7000000000000001,1.8,2.1,3.9,0.7666666666666666,0.3333333333333333,0.7666666666666666,1.0999999999999999,4.733333333333333,50,12.666666666666668
Trey Lyles,SAC,20.0,2.5,5.5,1.4,3.8,0.8,1.2,1.1,3.4,4.4,1.2,0.3,0.3,0.7,7.2,58,15.5
Trey Murphy III,NOP,29.6,4.8,10.9,3.0,7.8,2.2,2.6,0.7,4.2,4.9,2.2,0.9,0.5,0.6,14.8,57,29.8
Tristan Thompson,CLE,11.2,1.5,2.4,0.0,0.0,0.3,1.1,1.5,2.1,3.6,1.0,0.2,0.3,0.6,3.3,49,9.5
Tristan Vukcevic,WAS,15.3,2.9,6.7,1.0,3.6,1.7,2.2,0.6,3.0,3.6,1.3,0.5,0.7,1.0,8.5,10,17.099999999999998
Troy Brown Jr.,TOT,14.700000000000001,1.4333333333333333,3.966666666666667,0.7666666666666666,2.433333333333333,0.5333333333333333,0.6333333333333333,0.43333333333333335,2.1333333333333333,2.533333333333333,1.0,0.43333333333333335,0.06666666666666667,0.5,4.2,118,9.3
Ty Jerome,CLE,7.5,1.0,2.0,0.0,0.5,0.0,0.0,0.5,0.0,0.5,1.5,0.0,0.0,0.5,2.0,2,4.5
TyTy Washington Jr.,MIL,5.1,0.5,1.8,0.2,0.5,0.0,0.0,0.1,0.4,0.5,0.5,0.3,0.0,0.2,1.3,11,3.0
Tyler Herro,MIA,33.5,7.7,17.5,3.1,7.9,2.3,2.6,0.5,4.8,5.3,4.5,0.7,0.1,2.2,20.8,42,34.6
Tyrese Haliburton,IND,32.2,7.2,15.2,2.8,7.8,2.8,3.3,0.5,3.4,3.9,10.9,1.2,0.7,2.3,20.1,69,50.3
Tyrese Maxey,PHI,37.5,9.1,20.3,3.0,8.1,4.7,5.4,0.5,3.2,3.7,6.2,1.0,0.5,1.7,25.9,70,44.8
Tyus Jones,WAS,29.3,4.9,10.1,1.6,3.9,0.5,0.6,0.3,2.4,2.7,7.3,1.1,0.3,1.0,12.0,66,34.099999999999994
Udoka Azubuike,PHO,7.1,1.0,1.4,0.0,0.0,0.2,0.8,0.7,1.3,2.0,0.2,0.1,0.4,0.3,2.2,16,6.0
Usman Garuba,GSW,3.0,0.2,1.0,0.0,0.2,0.2,0.3,0.5,0.7,1.2,0.2,0.2,0.5,0.3,0.5,6,3.6
Vasilije Mici?,TOT,19.599999999999998,2.6666666666666665,6.166666666666667,0.7333333333333334,2.566666666666667,1.0333333333333334,1.2666666666666666,0.20000000000000004,1.2333333333333334,1.4666666666666668,4.366666666666667,0.5,0.10000000000000002,1.6666666666666667,7.033333333333334,120,15.966666666666669
Victor Wembanyama,SAS,29.7,7.8,16.7,1.8,5.5,4.1,5.2,2.3,8.4,10.6,3.9,1.2,3.6,3.7,21.4,71,51.2
Vince Williams Jr.,MEM,27.6,3.3,7.3,1.5,4.0,2.0,2.5,1.1,4.4,5.6,3.4,0.9,0.7,1.8,10.0,52,25.5
Vit Krejci,ATL,24.6,2.3,4.7,1.3,3.1,0.2,0.3,0.5,1.9,2.4,2.3,0.6,0.3,0.9,6.1,22,15.999999999999996
Walker Kessler,UTA,23.3,3.6,5.5,0.1,0.3,0.9,1.5,2.6,4.9,7.5,0.9,0.5,2.4,1.0,8.1,64,28.200000000000003
Wendell Carter Jr.,ORL,25.6,4.1,7.7,1.2,3.1,1.7,2.4,2.0,4.9,6.9,1.7,0.6,0.5,1.2,11.0,55,24.299999999999997
Wendell Moore Jr.,MIN,3.0,0.4,0.7,0.0,0.2,0.0,0.0,0.0,0.5,0.5,0.2,0.2,0.0,0.2,0.7,25,2.0999999999999996
Wenyen Gabriel,MEM,16.2,1.6,4.4,0.2,1.2,0.0,1.0,1.4,3.6,5.0,0.6,0.4,0.4,1.6,3.4,5,7.6
Wesley Matthews,ATL,11.5,0.9,2.7,0.7,1.9,0.5,0.7,0.3,1.2,1.5,0.6,0.4,0.3,0.2,3.1,36,7.799999999999999
Xavier Moon,LAC,8.5,1.1,3.3,0.1,1.2,0.1,0.1,0.6,0.7,1.3,1.5,0.2,0.2,0.4,2.4,14,6.5
Xavier Tillman Sr.,TOT,17.433333333333334,2.1666666666666665,4.933333333333334,0.4000000000000001,1.5,0.3666666666666667,0.8666666666666667,1.2,2.533333333333333,3.733333333333333,1.3666666666666665,0.8666666666666666,0.7666666666666666,0.6,5.1000000000000005,108,16.2
Yuta Watanabe,TOT,14.399999999999999,1.2,3.5,0.5666666666666667,2.3666666666666667,0.19999999999999998,0.4666666666666666,0.2333333333333333,1.4333333333333333,1.6666666666666667,0.5666666666666667,0.43333333333333335,0.13333333333333333,0.6,3.1999999999999997,68,6.266666666666666
Zach Collins,SAS,22.1,4.3,8.9,0.8,2.6,1.8,2.3,1.7,3.7,5.4,2.8,0.5,0.8,1.9,11.2,69,23.599999999999998
Zach LaVine,CHI,34.9,6.8,15.0,2.4,6.8,3.5,4.1,0.3,4.8,5.2,3.9,0.8,0.3,2.1,19.5,25,33.1
Zavier Simpson,MEM,23.0,2.4,7.7,0.7,2.4,0.4,0.6,0.6,2.3,2.9,3.6,1.0,0.4,1.4,6.0,7,16.5
Zeke Nnaji,DEN,9.9,1.2,2.6,0.1,0.4,0.7,1.1,1.1,1.1,2.2,0.6,0.3,0.7,0.5,3.2,58,9.1
Ziaire Williams,MEM,20.4,2.9,7.4,1.1,3.7,1.2,1.5,0.7,2.8,3.5,1.5,0.7,0.2,1.3,8.2,51,14.9
Zion Williamson,NOP,31.5,8.9,15.6,0.1,0.3,5.0,7.1,1.7,4.1,5.8,5.0,1.1,0.7,2.8,22.9,70,40.5
