Player,PLAYER_ID,SEASON_ID,LEAGUE_ID,TEAM_ID,TEAM_ABBREVIATION,PLAYER_AGE,GP,GS,MIN,FGM,FGA,FG_PCT,FG3M,FG3A,FG3_PCT,FTM,FTA,FT_PCT,OREB,DREB,REB,AST,STL,BLK,TOV,PF,PTS,FPPG,Predicted_FPPG,Predicted_FPPG_model2
Precious Achiuwa,1630173,2024-25,0,1610612752,NYK,25.0,28,1,19.39,2.64,4.93,0.54,0.25,0.64,0.39,0.61,1.07,0.57,1.89,3.75,5.64,1.04,0.93,0.75,0.79,1.5,6.14,19.14,19.38,20.46
Steven Adams,203500,2024-25,0,1610612745,HOU,31.0,33,2,12.12,1.39,2.33,0.6,0.0,0.0,0.0,0.85,1.88,0.45,2.55,2.52,5.06,1.12,0.3,0.48,0.97,1.03,3.64,11.58,11.83,27.04
Bam Adebayo,1628389,2024-25,0,1610612748,MIA,27.0,46,46,33.89,6.26,13.41,0.47,0.72,2.5,0.29,2.98,4.07,0.73,2.46,7.52,9.98,4.61,1.35,0.8,2.17,2.15,16.22,38.41,38.07,40.76
Santi Aldama,1630583,2024-25,0,1610612763,MEM,24.0,41,11,24.83,5.1,10.32,0.49,1.73,4.73,0.37,1.05,1.46,0.72,1.59,5.24,6.83,2.59,0.83,0.56,1.12,0.98,12.98,29.49,29.12,25.15
Nickeil Alexander-Walker,1629638,2024-25,0,1610612750,MIN,26.0,49,4,23.71,3.16,7.1,0.45,1.71,4.27,0.4,0.78,1.06,0.73,0.59,2.31,2.9,2.41,0.61,0.31,1.27,1.69,8.82,18.33,18.3,21.44
Grayson Allen,1628960,2024-25,0,1610612756,PHX,29.0,39,1,24.49,3.46,7.56,0.46,2.44,5.62,0.43,1.51,1.82,0.83,0.62,2.79,3.41,1.92,0.92,0.28,1.05,1.41,10.87,22.33,21.64,28.33
Jarrett Allen,1628386,2024-25,0,1610612739,CLE,26.0,49,49,28.84,5.63,7.98,0.71,0.0,0.04,0.0,2.47,3.37,0.73,2.57,7.47,10.04,1.9,0.92,0.94,1.08,1.43,13.73,35.22,35.09,37.84
Jose Alvarado,1630631,2024-25,0,1610612740,NOP,26.0,26,7,22.19,3.23,8.0,0.4,2.19,5.31,0.41,1.04,1.31,0.79,0.46,1.5,1.96,4.12,1.31,0.31,1.15,1.92,9.69,24.42,23.51,17.1
Kyle Anderson,203937,2024-25,0,1610612744,GSW,31.0,36,3,15.03,2.11,4.69,0.45,0.53,1.44,0.36,0.5,0.75,0.67,0.75,2.31,3.06,2.25,0.72,0.56,0.56,1.11,5.25,16.61,15.64,21.32
Giannis Antetokounmpo,203507,2024-25,0,1610612749,MIL,30.0,41,41,34.9,12.71,20.9,0.61,0.15,0.78,0.19,6.2,10.73,0.58,2.29,9.88,12.17,5.88,0.76,1.32,3.44,2.44,31.76,57.22,58.5,59.23
Cole Anthony,1630175,2024-25,0,1610612753,ORL,24.0,45,8,16.73,3.2,7.71,0.41,0.96,3.02,0.32,1.33,1.69,0.79,0.64,2.22,2.87,2.76,0.6,0.31,1.58,2.13,8.69,16.84,16.43,21.52
OG Anunoby,1628384,2024-25,0,1610612752,NYK,27.0,49,49,36.29,6.16,12.8,0.48,2.1,5.76,0.36,1.94,2.45,0.79,1.31,3.41,4.71,2.02,1.41,0.88,1.31,2.31,16.37,32.78,32.79,31.21
Deni Avdija,1630166,2024-25,0,1610612757,POR,24.0,46,28,28.72,4.89,10.52,0.47,1.48,4.33,0.34,3.46,4.46,0.78,1.26,5.24,6.5,3.46,1.07,0.59,2.41,2.24,14.72,29.65,29.67,29.42
Deandre Ayton,1629028,2024-25,0,1610612757,POR,26.0,35,35,30.31,6.8,11.69,0.58,0.17,0.89,0.19,0.77,1.26,0.61,3.0,7.14,10.14,1.54,0.8,0.94,1.71,2.09,14.54,32.91,34.22,37.73
Marvin Bagley III,1628963,2024-25,0,1610612764,WAS,25.0,19,1,8.79,2.0,3.74,0.54,0.11,0.53,0.2,0.79,1.21,0.65,1.42,1.53,2.95,0.37,0.37,0.26,0.58,0.63,4.89,9.89,10.1,26.79
LaMelo Ball,1630163,2024-25,0,1610612766,CHA,23.0,31,31,33.26,9.74,23.26,0.42,4.13,12.26,0.34,4.55,5.55,0.82,0.97,4.29,5.26,7.29,1.39,0.32,3.71,3.45,28.16,46.77,48.05,39.88
Lonzo Ball,1628366,2024-25,0,1610612741,CHI,27.0,29,8,21.31,2.38,6.45,0.37,1.86,5.34,0.35,0.62,0.72,0.86,0.66,2.72,3.38,3.52,1.48,0.52,1.17,1.66,7.24,23.38,22.16,35.93
Mo Bamba,1628964,2024-25,0,1610612746,LAC,26.0,28,2,12.57,1.71,3.68,0.47,0.54,1.79,0.3,0.61,0.89,0.68,0.93,3.36,4.29,0.57,0.32,1.0,0.68,1.75,4.57,13.93,13.36,15.43
Desmond Bane,1630217,2024-25,0,1610612763,MEM,26.0,40,39,30.07,6.83,13.7,0.5,2.15,5.6,0.38,2.12,2.48,0.86,0.95,4.72,5.67,5.45,1.2,0.42,2.48,2.35,17.93,37.8,36.7,43.73
Dalano Banton,1630625,2024-25,0,1610612757,POR,25.0,38,0,15.68,3.11,7.58,0.41,1.18,3.32,0.36,1.37,1.95,0.7,0.32,1.63,1.95,2.18,0.74,0.53,1.26,0.95,8.76,16.84,16.28,20.13
Harrison Barnes,203084,2024-25,0,1610612759,SAS,32.0,46,46,28.09,4.0,7.98,0.5,1.57,3.74,0.42,2.28,2.85,0.8,1.46,2.48,3.93,1.83,0.35,0.22,0.59,0.98,11.85,21.54,21.37,20.41
Scottie Barnes,1630567,2024-25,0,1610612761,TOR,23.0,36,36,34.61,7.67,16.75,0.46,1.36,4.92,0.28,3.42,4.5,0.76,1.64,6.47,8.11,6.42,1.44,0.94,3.06,2.17,20.11,43.36,42.7,56.3
RJ Barrett,1629628,2024-25,0,1610612761,TOR,24.0,41,41,33.29,8.12,17.29,0.47,1.83,5.24,0.35,3.51,5.37,0.66,1.0,5.63,6.63,5.68,0.8,0.32,3.02,2.56,21.59,36.95,38.0,27.37
Charles Bassey,1629646,2024-25,0,1610612759,SAS,24.0,31,1,10.94,2.0,3.45,0.58,0.0,0.0,0.0,0.61,1.0,0.61,1.74,2.9,4.65,0.42,0.39,0.94,0.71,1.39,4.61,14.13,13.45,14.22
Emoni Bates,1641734,2024-25,0,1610612739,CLE,21.0,4,0,3.5,0.0,1.25,0.0,0.0,1.0,0.0,0.0,0.0,0.0,0.0,0.0,0.0,0.5,0.0,0.0,0.0,0.0,0.0,-0.25,-0.24,4.0
Nicolas Batum,201587,2024-25,0,1610612746,LAC,36.0,47,1,17.66,1.15,2.87,0.4,0.91,2.36,0.39,0.23,0.3,0.79,0.68,2.19,2.87,1.36,0.64,0.4,0.45,1.57,3.45,12.6,11.99,19.28
Bradley Beal,203078,2024-25,0,1610612756,PHX,31.0,35,23,32.29,6.51,13.23,0.49,2.03,5.06,0.4,1.86,2.4,0.77,0.69,2.66,3.34,3.37,1.09,0.63,1.97,2.63,16.91,31.2,31.58,37.02
Malik Beasley,1627736,2024-25,0,1610612765,DET,28.0,49,11,27.86,5.67,13.14,0.43,3.78,9.22,0.41,1.14,1.69,0.68,0.55,2.35,2.9,1.84,0.92,0.04,1.1,1.45,16.27,25.9,25.99,20.27
Goga Bitadze,1629048,2024-25,0,1610612753,ORL,25.0,39,35,24.15,3.9,6.23,0.63,0.05,0.49,0.1,1.38,2.08,0.67,2.67,5.44,8.1,2.38,0.85,1.62,1.36,2.33,9.23,30.15,28.56,17.6
Anthony Black,1641710,2024-25,0,1610612753,ORL,21.0,46,8,25.04,3.15,7.83,0.4,0.63,2.37,0.27,2.07,2.78,0.74,0.57,2.09,2.65,3.46,1.02,0.54,1.96,2.3,9.0,19.3,20.11,10.6
Bogdan Bogdanović,203992,2024-25,0,1610612737,ATL,32.0,24,0,24.92,3.46,9.33,0.37,1.83,6.08,0.3,1.25,1.42,0.88,0.5,2.25,2.75,2.04,0.83,0.25,1.54,2.38,10.0,17.33,18.21,31.44
Bol Bol,1629626,2024-25,0,1610612756,PHX,25.0,13,0,5.85,1.15,2.15,0.54,0.23,1.0,0.23,0.62,0.92,0.67,0.46,1.08,1.54,0.23,0.0,0.15,0.54,0.15,3.15,4.77,5.22,14.62
Devin Booker,1626164,2024-25,0,1610612756,PHX,28.0,43,43,36.84,8.53,18.95,0.45,2.7,7.84,0.34,6.16,6.91,0.89,0.98,3.07,4.05,6.74,1.14,0.28,2.63,2.33,25.93,43.95,43.25,46.74
Brandon Boston Jr.,1630527,2024-25,0,1610612740,NOP,23.0,41,10,23.85,3.98,9.1,0.44,1.12,3.29,0.34,1.59,1.98,0.8,0.66,2.56,3.22,2.24,1.24,0.2,1.22,1.71,10.66,21.27,21.43,8.99
Mikal Bridges,1628969,2024-25,0,1610612752,NYK,28.0,49,49,38.27,7.43,15.06,0.49,2.43,6.69,0.36,0.86,1.14,0.75,0.9,2.22,3.12,3.27,0.96,0.51,1.53,1.47,18.14,32.55,33.62,33.06
Miles Bridges,1628970,2024-25,0,1610612766,CHA,26.0,32,32,31.94,7.09,16.28,0.44,2.0,6.78,0.29,3.25,3.75,0.87,0.97,6.75,7.72,3.59,0.69,0.62,2.06,1.62,19.44,34.88,35.84,38.8
Malcolm Brogdon,1627763,2024-25,0,1610612764,WAS,32.0,19,13,24.63,4.58,10.53,0.43,0.79,2.53,0.31,3.32,3.79,0.88,0.95,3.16,4.11,3.95,0.53,0.26,1.63,1.47,13.26,24.11,24.21,31.09
Dillon Brooks,1628415,2024-25,0,1610612745,HOU,29.0,45,45,32.0,4.98,11.82,0.42,2.36,6.11,0.39,1.24,1.47,0.85,1.22,2.58,3.8,1.51,0.8,0.22,1.04,3.47,13.56,22.64,24.11,20.89
Bruce Brown,1628971,2024-25,0,1610612761,TOR,28.0,16,0,19.88,3.19,7.25,0.44,0.62,1.94,0.32,1.38,1.56,0.88,1.0,2.88,3.88,1.62,1.0,0.19,1.12,1.5,8.38,17.56,17.81,20.02
Jaylen Brown,1627759,2024-25,0,1610612738,BOS,28.0,43,43,35.6,8.63,18.81,0.46,2.0,6.23,0.32,4.05,5.49,0.74,1.47,4.6,6.07,4.81,1.21,0.28,2.56,2.58,23.3,38.84,39.67,40.55
Kobe Brown,1641738,2024-25,0,1610612746,LAC,25.0,19,0,8.0,1.21,2.47,0.49,0.21,0.84,0.25,0.16,0.21,0.75,0.74,1.58,2.32,0.63,0.16,0.11,0.26,0.74,2.79,7.0,6.92,5.7
Moses Brown,1629650,2024-25,0,1610612754,IND,25.0,9,0,5.11,1.44,2.22,0.65,0.0,0.0,0.0,0.33,0.56,0.6,0.44,1.0,1.44,0.0,0.22,0.11,0.67,0.67,3.22,5.11,5.45,8.73
Jalen Brunson,1628973,2024-25,0,1610612752,NYK,28.0,48,48,35.27,8.9,18.21,0.49,2.35,5.85,0.4,5.56,6.88,0.81,0.42,2.46,2.88,7.52,0.92,0.06,2.42,2.21,25.71,43.33,43.12,50.84
Thomas Bryant,1628418,2024-25,0,1610612748,MIA,27.0,10,0,11.5,1.2,2.8,0.43,0.6,1.7,0.35,1.1,1.1,1.0,0.6,2.6,3.2,0.4,0.1,0.9,0.2,0.9,4.1,11.9,11.15,12.22
Kobe Bufkin,1641723,2024-25,0,1610612737,ATL,21.0,10,0,12.4,1.8,4.7,0.38,0.4,1.9,0.21,1.3,1.8,0.72,0.5,1.6,2.1,1.7,0.3,0.2,0.8,0.9,5.3,10.0,10.62,10.3
Alec Burks,202692,2024-25,0,1610612748,MIA,33.0,25,0,16.08,1.72,4.16,0.41,1.32,3.08,0.43,0.84,1.04,0.81,0.28,1.72,2.0,1.04,0.52,0.16,0.36,0.64,5.6,12.08,12.04,15.76
Jared Butler,1630215,2024-25,0,1610612764,WAS,24.0,32,0,11.31,2.66,5.5,0.48,0.47,1.28,0.37,1.09,1.41,0.78,0.44,0.84,1.28,2.56,0.38,0.16,0.91,1.25,6.88,13.56,12.84,13.77
Jimmy Butler,202710,2024-25,0,1610612748,MIA,35.0,25,25,30.64,5.68,10.52,0.54,0.52,1.44,0.36,5.16,6.44,0.8,2.2,3.04,5.24,4.8,1.08,0.4,1.2,0.92,17.04,35.48,33.43,42.84
Kentavious Caldwell-Pope,203484,2024-25,0,1610612753,ORL,31.0,47,47,30.66,3.17,7.64,0.41,1.49,4.79,0.31,1.21,1.38,0.88,0.34,1.57,1.91,1.85,1.53,0.53,0.89,1.89,9.04,21.15,20.84,23.06
Toumani Camara,1641739,2024-25,0,1610612757,POR,24.0,47,47,31.81,3.77,8.43,0.45,1.45,4.13,0.35,1.13,1.55,0.73,2.26,3.49,5.74,2.04,1.4,0.57,1.47,2.94,10.11,25.04,24.55,17.8
Clint Capela,203991,2024-25,0,1610612737,ATL,30.0,45,41,22.44,4.2,7.33,0.57,0.0,0.0,0.0,1.02,1.89,0.54,3.27,5.73,9.0,1.2,0.6,1.0,0.98,2.0,9.42,25.47,26.52,31.12
Jevon Carter,1628975,2024-25,0,1610612741,CHI,29.0,22,0,6.55,1.23,2.91,0.42,0.82,2.09,0.39,0.27,0.36,0.75,0.09,0.82,0.91,0.68,0.27,0.05,0.32,0.32,3.55,6.73,6.86,10.0
Wendell Carter Jr.,1628976,2024-25,0,1610612753,ORL,25.0,37,26,25.73,3.05,7.0,0.44,0.43,2.32,0.19,2.16,2.97,0.73,1.84,5.41,7.24,2.24,0.84,0.54,0.97,2.78,8.7,22.73,22.49,24.99
D.J. Carton,1630618,2024-25,0,1610612761,TOR,24.0,4,0,8.25,0.25,1.75,0.14,0.0,0.75,0.0,0.25,0.25,1.0,0.0,1.0,1.0,0.75,0.5,0.0,1.0,0.25,0.75,2.0,2.68,5.6
Alex Caruso,1627936,2024-25,0,1610612760,OKC,30.0,28,0,19.04,2.11,5.5,0.38,0.93,3.18,0.29,0.32,0.43,0.75,0.64,2.07,2.71,2.46,1.75,0.5,0.64,1.86,5.46,20.36,19.2,28.69
Colin Castleton,1630658,2024-25,0,1610612763,MEM,24.0,10,0,4.6,0.2,1.0,0.2,0.0,0.4,0.0,1.0,1.1,0.91,0.3,0.6,0.9,0.0,0.1,0.1,0.1,0.6,1.4,2.2,2.29,2.9
Justin Champagnie,1630551,2024-25,0,1610612764,WAS,23.0,30,13,19.03,3.03,5.97,0.51,1.07,2.83,0.38,0.63,0.97,0.66,1.5,3.17,4.67,1.0,1.0,0.6,0.83,1.9,7.77,20.0,19.92,15.61
Sidy Cissoko,1631321,2024-25,0,1610612759,SAS,20.0,17,0,3.18,0.53,1.06,0.5,0.18,0.41,0.43,0.06,0.35,0.17,0.18,0.41,0.59,0.35,0.06,0.0,0.12,0.35,1.29,2.47,2.61,9.8
Brandon Clarke,1629634,2024-25,0,1610612763,MEM,28.0,46,18,18.8,3.5,5.7,0.61,0.02,0.35,0.06,0.78,1.15,0.68,1.8,3.17,4.98,0.98,0.87,0.54,0.61,2.46,7.8,20.13,20.02,24.97
Jordan Clarkson,203903,2024-25,0,1610612762,UTA,32.0,25,3,25.2,5.32,13.0,0.41,2.08,5.8,0.36,3.16,3.88,0.81,0.6,2.52,3.12,3.76,0.92,0.28,2.28,1.56,15.88,25.76,26.03,29.22
Nic Claxton,1629651,2024-25,0,1610612751,BKN,25.0,42,34,26.43,4.29,7.88,0.54,0.02,0.33,0.07,1.29,2.4,0.54,2.0,5.55,7.55,1.98,0.95,1.21,1.19,2.07,9.88,27.26,27.6,38.17
Noah Clowney,1641730,2024-25,0,1610612751,BKN,20.0,37,18,23.05,3.03,8.08,0.38,2.0,5.65,0.35,1.38,1.62,0.85,0.95,2.97,3.92,0.81,0.51,0.51,1.03,2.35,9.43,16.76,17.3,14.0
Amir Coffey,1629599,2024-25,0,1610612746,LAC,27.0,48,11,26.12,3.52,7.48,0.47,1.52,3.69,0.41,1.6,1.77,0.91,0.5,1.98,2.48,1.17,0.6,0.1,0.73,1.65,10.17,17.27,17.31,13.69
John Collins,1628381,2024-25,0,1610612762,UTA,27.0,30,21,29.83,6.63,12.37,0.54,1.5,3.23,0.46,3.27,3.77,0.87,2.23,5.97,8.2,2.33,1.03,1.0,2.67,3.0,18.03,35.6,35.69,30.31
Zach Collins,1628380,2024-25,0,1610612759,SAS,27.0,36,4,11.81,1.69,3.67,0.46,0.39,1.28,0.3,0.86,0.97,0.89,1.06,1.75,2.81,1.44,0.39,0.42,0.64,1.94,4.64,12.28,11.99,25.11
Mike Conley,201144,2024-25,0,1610612750,MIN,37.0,44,38,24.98,2.55,6.89,0.37,1.77,4.64,0.38,1.27,1.41,0.9,0.48,2.14,2.61,4.39,1.3,0.18,1.14,1.45,8.14,23.0,22.18,30.65
Pat Connaughton,1626192,2024-25,0,1610612749,MIL,32.0,27,0,14.74,1.59,3.74,0.43,0.7,2.15,0.33,0.44,0.59,0.75,0.56,2.15,2.7,1.67,0.15,0.33,0.56,1.07,4.33,11.19,11.13,17.23
Bilal Coulibaly,1641731,2024-25,0,1610612764,WAS,20.0,44,44,33.07,4.34,10.43,0.42,1.02,3.77,0.27,2.5,3.25,0.77,1.43,3.5,4.93,3.32,1.3,0.77,2.09,2.45,12.2,26.39,27.37,19.4
Ricky Council IV,1641741,2024-25,0,1610612755,PHI,23.0,40,4,15.35,2.3,5.53,0.42,0.7,2.35,0.3,1.57,1.95,0.81,0.7,1.82,2.52,1.12,0.47,0.15,0.6,0.93,6.88,12.35,12.73,8.4
Torrey Craig,1628470,2024-25,0,1610612741,CHI,34.0,9,1,12.56,2.44,5.0,0.49,1.67,3.89,0.43,0.33,0.44,0.75,0.89,1.89,2.78,0.56,0.22,0.11,0.0,1.67,6.89,13.56,12.78,16.78
Cade Cunningham,1630595,2024-25,0,1610612765,DET,23.0,45,45,35.58,9.58,20.93,0.46,2.29,6.36,0.36,3.78,4.58,0.82,0.91,5.38,6.29,9.36,0.93,0.78,4.53,2.64,25.22,47.71,47.75,36.38
Seth Curry,203552,2024-25,0,1610612766,CHA,34.0,39,8,13.69,2.1,4.28,0.49,1.05,2.26,0.47,0.38,0.44,0.88,0.38,1.03,1.41,0.56,0.44,0.13,0.41,0.9,5.64,10.54,11.28,11.5
Stephen Curry,201939,2024-25,0,1610612744,GSW,36.0,39,39,31.72,7.41,16.85,0.44,4.21,10.46,0.4,3.05,3.26,0.94,0.51,4.1,4.62,6.21,1.1,0.49,2.9,1.23,22.08,41.64,40.37,46.78
Anthony Davis,203076,2024-25,0,1610612747,LAL,31.0,42,42,34.26,9.52,18.05,0.53,0.67,2.24,0.3,6.02,7.64,0.79,2.83,9.05,11.88,3.36,1.29,2.14,2.21,1.95,25.74,53.67,53.04,53.6
DeMar DeRozan,201942,2024-25,0,1610612758,SAC,35.0,43,43,35.81,7.98,16.56,0.48,0.86,2.7,0.32,4.67,5.42,0.86,0.56,3.19,3.74,3.56,1.14,0.42,1.37,2.02,21.49,35.35,36.72,39.32
Donte DiVincenzo,1628978,2024-25,0,1610612750,MIN,28.0,40,8,26.43,3.7,9.32,0.4,2.58,6.97,0.37,1.02,1.25,0.82,0.57,3.1,3.67,3.6,1.2,0.17,1.77,1.55,11.0,24.25,23.77,30.59
Gradey Dick,1641711,2024-25,0,1610612761,TOR,21.0,42,42,29.83,5.38,12.83,0.42,2.24,6.4,0.35,2.69,3.05,0.88,0.69,2.57,3.26,2.02,0.83,0.17,1.55,2.33,15.69,23.71,24.85,14.0
Spencer Dinwiddie,203915,2024-25,0,1610612742,DAL,31.0,48,18,25.02,3.21,7.92,0.41,1.31,3.94,0.33,2.4,2.81,0.85,0.21,2.25,2.46,3.71,0.92,0.21,1.1,1.54,10.12,21.69,21.65,22.46
Luka Dončić,1629029,2024-25,0,1610612742,DAL,25.0,22,22,35.68,9.82,21.18,0.46,3.41,9.64,0.35,5.09,6.64,0.77,0.73,7.59,8.32,7.82,2.0,0.41,3.41,2.64,28.14,55.23,53.0,55.35
Luguentz Dort,1629652,2024-25,0,1610612760,OKC,25.0,45,45,29.22,3.42,8.22,0.42,2.33,5.62,0.41,0.67,0.82,0.81,1.51,2.89,4.4,1.73,1.02,0.67,0.71,3.09,9.84,23.84,22.89,23.43
Ayo Dosunmu,1630245,2024-25,0,1610612741,CHI,25.0,39,21,30.56,4.74,9.82,0.48,1.44,4.21,0.34,1.31,1.67,0.79,0.64,3.05,3.69,4.56,0.82,0.44,1.31,2.23,12.23,28.21,27.83,25.92
PJ Dozier,1628408,2024-25,0,1610612750,MIN,28.0,9,0,3.89,0.22,0.33,0.67,0.22,0.33,0.67,0.11,0.67,0.17,0.11,0.44,0.56,0.56,0.11,0.0,0.11,0.33,0.78,2.44,2.28,4.44
Andre Drummond,203083,2024-25,0,1610612755,PHI,31.0,28,16,19.21,2.89,5.68,0.51,0.04,0.39,0.09,1.25,2.18,0.57,2.5,5.14,7.64,0.57,1.14,0.36,1.68,2.43,7.07,17.71,18.71,22.02
Chris Duarte,1630537,2024-25,0,1610612741,CHI,27.0,17,0,4.35,0.71,1.53,0.46,0.35,0.88,0.4,0.35,0.47,0.75,0.29,0.88,1.18,0.53,0.0,0.0,0.06,0.41,2.12,4.35,4.12,6.73
David Duke Jr.,1630561,2024-25,0,1610612759,SAS,25.0,1,0,8.0,1.0,4.0,0.25,0.0,1.0,0.0,1.0,2.0,0.5,0.0,0.0,0.0,2.0,0.0,0.0,0.0,1.0,3.0,4.0,4.48,16.21
Kris Dunn,1627739,2024-25,0,1610612746,LAC,30.0,42,29,22.62,2.48,5.86,0.42,0.93,3.05,0.3,0.14,0.29,0.5,0.67,2.57,3.24,2.69,1.5,0.33,1.14,2.48,6.02,19.57,20.02,20.14
Kevin Durant,201142,2024-25,0,1610612756,PHX,36.0,38,38,35.92,9.76,18.58,0.53,2.37,5.84,0.41,5.03,6.08,0.83,0.42,5.68,6.11,4.13,0.82,1.32,3.0,1.71,26.92,46.08,47.27,48.75
Anthony Edwards,1630162,2024-25,0,1610612750,MIN,23.0,48,48,36.67,9.06,20.23,0.45,4.12,9.75,0.42,4.35,5.25,0.83,0.75,4.94,5.69,4.54,1.15,0.67,3.42,1.94,26.6,42.92,43.81,44.63
Kessler Edwards,1630556,2024-25,0,1610612742,DAL,24.0,20,1,7.8,0.5,1.35,0.37,0.2,0.75,0.27,0.1,0.1,1.0,0.2,1.35,1.55,0.5,0.25,0.2,0.15,0.8,1.3,5.2,4.96,3.51
Joel Embiid,203954,2024-25,0,1610612755,PHI,30.0,13,13,29.46,7.62,16.85,0.45,1.23,3.77,0.33,7.92,8.62,0.92,1.69,6.23,7.92,3.85,0.85,1.0,3.15,2.23,24.38,40.0,40.04,63.2
Drew Eubanks,1629234,2024-25,0,1610612762,UTA,28.0,37,4,15.35,2.38,3.92,0.61,0.08,0.14,0.6,0.97,1.54,0.63,1.08,3.46,4.54,1.22,0.27,0.86,0.84,1.24,5.81,16.0,16.05,14.91
Tosan Evbuomwan,1641787,2024-25,0,1610612751,BKN,23.0,15,0,24.53,3.47,7.67,0.45,0.87,2.6,0.33,1.93,2.6,0.74,1.13,3.0,4.13,1.53,0.67,0.27,1.87,1.8,9.73,16.4,17.53,12.17
Bruno Fernando,1628981,2024-25,0,1610612761,TOR,26.0,17,2,8.65,1.53,2.88,0.53,0.0,0.0,0.0,0.35,0.47,0.75,1.24,1.76,3.0,1.06,0.24,0.53,0.82,1.59,3.41,10.0,9.77,15.34
Dorian Finney-Smith,1627827,2024-25,0,1610612751,BKN,31.0,20,20,28.95,3.65,7.95,0.46,2.35,5.4,0.43,0.75,1.2,0.62,1.55,3.0,4.55,1.55,0.9,0.6,0.9,2.7,10.4,23.5,22.87,19.82
Adam Flagler,1641745,2024-25,0,1610612760,OKC,25.0,16,0,3.88,0.31,2.0,0.16,0.31,1.75,0.18,0.0,0.0,0.0,0.19,0.31,0.5,0.0,0.12,0.06,0.06,0.38,0.94,1.0,1.29,3.5
De'Aaron Fox,1628368,2024-25,0,1610612758,SAC,27.0,45,45,36.96,9.2,19.62,0.47,2.04,6.36,0.32,4.53,5.47,0.83,1.0,4.0,5.0,6.13,1.47,0.44,2.96,2.62,24.98,43.87,44.74,45.59
Daniel Gafford,1629655,2024-25,0,1610612742,DAL,26.0,47,24,21.53,5.13,7.28,0.7,0.0,0.0,0.0,2.47,3.49,0.71,2.74,4.0,6.74,1.38,0.43,1.83,1.21,2.66,12.72,30.79,29.98,28.87
Darius Garland,1629636,2024-25,0,1610612739,CLE,25.0,47,47,30.21,7.81,15.51,0.5,2.96,6.91,0.43,3.13,3.53,0.89,0.55,1.98,2.53,6.87,1.13,0.19,2.43,2.02,21.7,41.06,40.29,30.27
Luka Garza,1630568,2024-25,0,1610612750,MIN,26.0,17,0,5.24,1.41,2.71,0.52,0.29,0.88,0.33,0.41,0.59,0.7,0.53,0.76,1.29,0.12,0.06,0.06,0.29,0.59,3.53,5.18,5.47,8.12
Keyonte George,1641718,2024-25,0,1610612762,UTA,21.0,37,32,31.27,5.3,13.57,0.39,2.51,7.49,0.34,3.05,3.76,0.81,0.43,3.05,3.49,5.68,0.73,0.19,2.81,1.81,16.16,27.89,28.52,21.2
Paul George,202331,2024-25,0,1610612755,PHI,34.0,30,30,32.03,6.27,14.6,0.43,2.43,6.67,0.36,2.17,2.63,0.82,0.67,4.97,5.63,4.7,1.7,0.37,2.73,2.5,17.13,34.87,34.5,40.47
Taj Gibson,201959,2024-25,0,1610612766,CHA,39.0,20,11,10.8,1.0,2.3,0.43,0.05,0.1,0.5,0.35,0.6,0.58,1.45,1.95,3.4,0.55,0.3,0.45,0.65,1.45,2.4,8.1,8.0,7.68
Josh Giddey,1630581,2024-25,0,1610612741,CHI,22.0,46,46,28.7,4.48,10.11,0.44,1.24,3.76,0.33,1.5,2.0,0.75,1.63,5.74,7.37,6.61,1.11,0.52,2.74,1.59,11.7,32.91,31.59,34.6
Shai Gilgeous-Alexander,1628983,2024-25,0,1610612760,OKC,26.0,46,46,34.39,11.37,21.54,0.53,1.98,5.72,0.35,7.72,8.57,0.9,0.91,4.35,5.26,6.02,2.0,1.07,2.72,2.22,32.43,58.89,56.11,62.16
Anthony Gill,1630264,2024-25,0,1610612764,WAS,32.0,35,0,5.74,0.6,1.2,0.5,0.14,0.4,0.36,0.49,0.8,0.61,0.17,0.66,0.83,0.2,0.17,0.03,0.17,0.51,1.83,3.34,3.71,7.64
Collin Gillespie,1631221,2024-25,0,1610612756,PHX,25.0,5,0,3.2,0.6,1.0,0.6,0.2,0.2,1.0,0.0,0.0,0.0,0.4,0.4,0.8,0.2,0.0,0.2,0.0,0.4,1.4,3.8,3.47,7.6
Rudy Gobert,203497,2024-25,0,1610612750,MIN,32.0,49,49,33.16,4.08,6.33,0.65,0.0,0.0,0.0,2.35,3.45,0.68,3.27,6.98,10.24,1.86,0.67,1.53,1.37,2.41,10.51,31.29,30.37,36.35
Aaron Gordon,203932,2024-25,0,1610612743,DEN,29.0,28,19,26.68,4.46,8.57,0.52,1.14,2.79,0.41,2.5,3.14,0.8,1.57,3.25,4.82,2.61,0.46,0.21,1.39,1.57,12.57,23.39,23.35,31.71
Eric Gordon,201569,2024-25,0,1610612755,PHI,36.0,36,13,20.08,2.36,5.31,0.45,1.53,3.58,0.43,1.0,1.33,0.75,0.17,0.94,1.11,1.58,0.69,0.31,0.69,0.83,7.25,14.75,14.94,21.43
Jerami Grant,203924,2024-25,0,1610612757,POR,30.0,37,37,31.95,4.65,12.11,0.38,2.3,6.03,0.38,3.05,3.59,0.85,0.51,2.78,3.3,2.22,0.73,1.05,1.32,2.32,14.65,25.81,26.15,31.5
Draymond Green,203110,2024-25,0,1610612744,GSW,34.0,34,32,27.82,2.94,7.09,0.41,1.35,3.74,0.36,1.18,1.91,0.61,1.03,5.0,6.03,5.44,1.03,1.12,2.47,3.09,8.41,28.38,27.04,22.1
Jalen Green,1630224,2024-25,0,1610612745,HOU,22.0,48,48,33.04,7.52,17.52,0.43,2.88,8.1,0.35,3.58,4.1,0.87,0.54,3.79,4.33,2.79,0.92,0.31,2.48,1.73,21.5,31.25,33.85,33.91
Javonte Green,1629750,2024-25,0,1610612740,NOP,31.0,44,16,22.09,2.07,4.55,0.46,0.77,2.07,0.37,1.11,1.45,0.77,1.09,2.5,3.59,0.86,1.11,0.66,0.61,1.52,6.02,17.23,17.52,34.89
Jeff Green,201145,2024-25,0,1610612745,HOU,38.0,14,2,10.36,1.5,2.79,0.54,0.57,1.71,0.33,0.5,0.64,0.78,0.14,1.14,1.29,0.21,0.21,0.07,0.29,1.0,4.07,7.0,7.21,11.75
Josh Green,1630182,2024-25,0,1610612766,CHA,24.0,43,42,28.53,2.63,6.02,0.44,1.47,3.51,0.42,0.74,1.05,0.71,1.02,1.81,2.84,1.51,1.07,0.26,0.88,2.72,7.47,17.26,17.98,18.2
Quentin Grimes,1629656,2024-25,0,1610612742,DAL,24.0,47,12,22.77,3.6,7.77,0.46,1.7,4.28,0.4,1.32,1.72,0.77,0.64,3.17,3.81,2.15,0.68,0.21,1.3,1.66,10.21,20.02,19.78,12.25
Mouhamed Gueye,1631243,2024-25,0,1610612737,ATL,22.0,5,2,13.6,2.4,6.2,0.39,0.2,2.8,0.07,0.0,0.2,0.0,0.6,2.4,3.0,0.4,1.0,0.4,0.2,0.8,5.0,12.6,12.98,13.8
Rui Hachimura,1629060,2024-25,0,1610612747,LAL,26.0,40,40,31.82,4.83,9.55,0.51,1.57,3.7,0.43,1.43,1.82,0.78,1.5,3.6,5.1,1.48,0.88,0.53,0.95,1.8,12.65,25.68,26.38,22.25
Tyrese Haliburton,1630169,2024-25,0,1610612754,IND,24.0,46,46,34.24,6.28,13.87,0.45,2.93,7.96,0.37,2.74,3.24,0.85,0.63,3.02,3.65,8.65,1.24,0.61,1.76,1.28,18.24,44.2,40.74,47.3
Tim Hardaway Jr.,203501,2024-25,0,1610612765,DET,32.0,45,45,28.47,3.53,8.47,0.42,2.09,5.56,0.38,1.69,2.07,0.82,0.18,2.02,2.2,1.51,0.47,0.04,0.71,1.31,10.84,17.0,17.61,21.71
James Harden,201935,2024-25,0,1610612746,LAC,35.0,46,46,33.89,6.3,15.89,0.4,2.83,8.17,0.35,6.17,6.91,0.89,0.59,5.22,5.8,8.37,1.46,0.63,4.59,2.11,21.61,42.13,41.21,43.67
Gary Harris,203914,2024-25,0,1610612753,ORL,30.0,22,2,16.18,1.36,3.45,0.4,0.91,2.64,0.34,0.18,0.36,0.5,0.5,0.68,1.18,0.45,0.68,0.27,0.45,0.73,3.82,8.82,9.38,15.21
Tobias Harris,202699,2024-25,0,1610612765,DET,32.0,47,47,32.04,4.94,11.06,0.45,1.3,3.94,0.33,1.72,2.0,0.86,0.91,5.17,6.09,2.38,0.85,0.87,1.13,1.91,12.89,28.21,28.65,35.48
Josh Hart,1628404,2024-25,0,1610612752,NYK,29.0,48,48,37.54,5.44,9.71,0.56,1.17,3.35,0.35,2.15,2.65,0.81,2.27,7.48,9.75,5.79,1.56,0.35,1.9,2.6,14.19,41.23,38.2,30.54
Isaiah Hartenstein,1628392,2024-25,0,1610612760,OKC,26.0,27,26,29.81,5.0,8.96,0.56,0.0,0.44,0.0,1.7,2.63,0.65,3.04,9.44,12.48,4.33,0.78,1.19,1.85,2.89,11.7,37.11,36.0,27.99
Sam Hauser,1630573,2024-25,0,1610612738,BOS,27.0,41,7,20.05,2.73,6.22,0.44,2.12,5.37,0.4,0.05,0.05,1.0,0.63,2.34,2.98,1.0,0.71,0.2,0.39,1.05,7.63,16.8,16.55,19.18
Jordan Hawkins,1641722,2024-25,0,1610612740,NOP,22.0,31,5,23.42,3.77,10.23,0.37,2.0,5.97,0.34,1.58,1.9,0.83,0.39,2.1,2.48,0.94,0.68,0.42,0.9,0.77,11.13,17.06,17.82,12.2
Jaxson Hayes,1629637,2024-25,0,1610612747,LAL,24.0,26,5,16.85,2.08,3.08,0.68,0.0,0.08,0.0,1.15,1.5,0.77,1.31,2.69,4.0,0.81,0.5,0.88,0.73,2.12,5.31,15.73,15.34,11.38
Scoot Henderson,1630703,2024-25,0,1610612757,POR,21.0,42,8,26.69,4.29,9.95,0.43,1.43,3.98,0.36,2.57,3.31,0.78,0.69,2.33,3.02,5.29,1.14,0.29,2.67,2.69,12.57,25.86,25.69,23.0
Taylor Hendricks,1641707,2024-25,0,1610612762,UTA,21.0,3,3,25.0,1.33,6.0,0.22,1.0,4.0,0.25,1.0,1.33,0.75,1.67,3.33,5.0,0.67,1.67,1.33,0.67,2.67,4.67,19.0,18.6,18.7
Tyler Herro,1629639,2024-25,0,1610612748,MIA,25.0,46,46,35.5,8.28,17.63,0.47,3.8,9.65,0.39,3.43,4.0,0.86,0.35,5.17,5.52,5.43,0.72,0.13,2.46,1.35,23.8,40.85,39.88,31.29
Buddy Hield,1627741,2024-25,0,1610612744,GSW,32.0,48,16,23.12,4.19,10.15,0.41,2.58,7.02,0.37,0.73,0.88,0.83,0.56,2.73,3.29,1.65,0.88,0.29,1.25,1.77,11.69,21.1,21.77,23.61
Haywood Highsmith,1629312,2024-25,0,1610612748,MIA,28.0,45,36,24.18,2.53,5.29,0.48,1.22,3.07,0.4,0.36,0.53,0.67,0.84,2.33,3.18,1.22,0.93,0.62,0.76,2.07,6.64,17.8,18.04,14.29
Aaron Holiday,1628988,2024-25,0,1610612745,HOU,28.0,34,0,11.12,1.35,3.32,0.41,0.82,2.21,0.37,0.5,0.56,0.9,0.18,0.76,0.94,1.18,0.38,0.12,0.47,0.94,4.03,8.53,8.42,11.18
Jrue Holiday,201950,2024-25,0,1610612738,BOS,34.0,43,43,30.33,4.07,9.21,0.44,1.79,5.19,0.34,1.16,1.3,0.89,1.14,3.21,4.35,3.74,0.95,0.44,1.35,1.53,11.09,26.4,26.24,34.94
Richaun Holmes,1626158,2024-25,0,1610612764,WAS,31.0,11,0,10.82,1.73,2.91,0.59,0.0,0.09,0.0,0.82,1.0,0.82,1.27,2.18,3.45,0.73,0.18,0.55,0.45,0.91,4.27,11.55,11.39,14.14
Chet Holmgren,1631096,2024-25,0,1610612760,OKC,22.0,10,10,26.5,5.6,11.1,0.51,1.4,3.7,0.38,3.8,4.9,0.78,1.6,7.1,8.7,2.0,0.8,2.6,2.3,1.8,16.4,38.5,36.32,39.3
Jalen Hood-Schifino,1641720,2024-25,0,1610612747,LAL,21.0,2,0,7.0,0.5,0.5,1.0,0.0,0.0,0.0,1.0,1.0,1.0,0.5,0.0,0.5,0.5,0.0,0.5,0.5,1.5,2.0,5.0,4.52,1.6
Al Horford,201143,2024-25,0,1610612738,BOS,38.0,38,25,26.34,2.87,7.0,0.41,1.74,4.95,0.35,0.37,0.42,0.88,1.05,4.08,5.13,1.95,0.63,0.87,0.71,1.42,7.84,21.87,21.66,26.03
Talen Horton-Tucker,1629659,2024-25,0,1610612741,CHI,24.0,40,0,11.53,2.1,4.6,0.46,0.78,2.02,0.38,0.88,1.2,0.73,0.35,1.35,1.7,1.32,0.38,0.2,0.65,1.0,5.85,11.25,11.36,21.67
Jett Howard,1641724,2024-25,0,1610612753,ORL,21.0,41,0,11.12,1.61,4.32,0.37,0.95,3.02,0.32,0.37,0.44,0.83,0.44,0.8,1.24,0.61,0.17,0.17,0.46,1.1,4.54,7.22,7.99,2.8
Kevin Huerter,1628989,2024-25,0,1610612758,SAC,26.0,43,15,20.91,2.98,7.21,0.41,1.44,4.77,0.3,0.47,0.65,0.71,0.44,2.35,2.79,1.72,0.84,0.37,0.86,1.63,7.86,17.21,17.29,22.74
Jay Huff,1630643,2024-25,0,1610612763,MEM,27.0,42,1,13.43,2.83,5.4,0.52,1.5,3.6,0.42,0.88,1.14,0.77,0.52,1.79,2.31,0.69,0.26,0.95,0.67,1.48,8.05,16.76,15.74,5.77
De'Andre Hunter,1629631,2024-25,0,1610612737,ATL,27.0,35,2,28.4,6.06,13.23,0.46,2.49,6.51,0.38,4.26,4.97,0.86,0.74,3.11,3.86,1.49,0.83,0.14,1.6,2.34,18.86,27.03,27.45,23.92
Bones Hyland,1630538,2024-25,0,1610612746,LAC,24.0,19,0,11.32,2.16,5.79,0.37,1.53,4.05,0.38,1.11,1.26,0.88,0.26,1.0,1.26,1.47,0.89,0.21,1.21,1.21,6.95,13.05,12.72,15.04
Joe Ingles,204060,2024-25,0,1610612750,MIN,37.0,11,0,5.27,0.36,0.82,0.44,0.18,0.45,0.4,0.0,0.0,0.0,0.18,0.18,0.36,1.18,0.09,0.0,0.45,0.73,0.91,3.18,2.89,9.63
Brandon Ingram,1627742,2024-25,0,1610612740,NOP,27.0,18,18,33.06,8.61,18.5,0.47,2.39,6.39,0.37,2.61,3.06,0.85,0.94,4.61,5.56,5.17,0.89,0.61,3.83,2.5,22.22,37.11,38.04,37.54
Kyrie Irving,202681,2024-25,0,1610612742,DAL,32.0,39,39,35.95,8.9,18.56,0.48,2.95,7.1,0.41,3.51,3.9,0.9,1.08,3.56,4.64,4.85,1.23,0.33,2.31,2.05,24.26,42.03,42.05,47.65
Jonathan Isaac,1628371,2024-25,0,1610612753,ORL,27.0,44,0,16.68,2.23,5.34,0.42,0.66,2.57,0.26,1.14,1.7,0.67,1.86,3.0,4.86,0.48,0.8,1.3,0.43,1.36,6.25,18.77,18.19,18.71
Isaiah Jackson,1630543,2024-25,0,1610612754,IND,23.0,5,1,16.8,2.8,4.6,0.61,0.0,0.0,0.0,1.4,2.8,0.5,2.2,3.4,5.6,1.0,0.6,1.6,1.0,2.8,7.0,21.0,20.36,17.51
Reggie Jackson,202704,2024-25,0,1610612755,PHI,34.0,29,1,12.31,1.62,4.34,0.37,0.79,2.45,0.32,0.24,0.31,0.78,0.28,1.14,1.41,1.48,0.48,0.1,0.59,1.14,4.28,9.45,9.48,19.44
Andre Jackson Jr.,1641748,2024-25,0,1610612749,MIL,23.0,45,37,17.38,1.58,3.38,0.47,0.56,1.44,0.39,0.2,0.36,0.56,1.11,2.18,3.29,1.47,0.6,0.27,1.07,2.2,3.91,11.64,11.35,6.8
Jaren Jackson Jr.,1628991,2024-25,0,1610612763,MEM,25.0,47,47,29.64,8.38,16.85,0.5,1.94,5.34,0.36,4.38,5.64,0.78,1.43,4.7,6.13,2.15,1.32,1.6,2.21,3.36,23.09,41.34,40.32,42.15
Trayce Jackson-Davis,1631218,2024-25,0,1610612744,GSW,24.0,46,37,19.5,3.43,6.04,0.57,0.0,0.02,0.0,1.13,1.87,0.6,2.35,3.85,6.2,2.11,0.46,0.74,0.85,1.41,8.0,21.59,21.31,21.0
LeBron James,2544,2024-25,0,1610612747,LAL,40.0,44,44,34.68,9.32,18.18,0.51,2.09,5.52,0.38,3.3,4.3,0.77,0.89,6.68,7.57,9.07,0.82,0.52,3.82,1.34,24.02,49.0,47.31,50.39
Jaime Jaquez Jr.,1631170,2024-25,0,1610612748,MIA,23.0,42,10,23.38,3.38,7.67,0.44,0.62,2.05,0.3,1.93,2.6,0.74,1.24,3.5,4.74,2.67,1.17,0.17,1.55,1.6,9.31,20.67,21.07,23.3
DaQuan Jeffries,1629610,2024-25,0,1610612766,CHA,27.0,15,0,16.93,2.0,4.33,0.46,1.0,2.47,0.41,0.47,0.53,0.88,0.8,1.93,2.73,0.87,0.73,0.4,0.47,1.93,5.47,14.13,13.97,1.27
Trey Jemison,1641998,2024-25,0,1610612740,NOP,25.0,16,0,10.38,0.94,2.0,0.47,0.0,0.0,0.0,0.5,1.31,0.38,1.38,1.38,2.75,0.62,0.44,0.38,0.62,1.69,2.38,7.44,7.55,12.67
Ty Jerome,1629660,2024-25,0,1610612739,CLE,27.0,46,2,18.96,4.17,8.09,0.52,1.5,3.48,0.43,1.5,1.7,0.89,0.72,1.63,2.35,3.43,1.22,0.02,1.2,1.43,11.35,24.7,23.75,5.19
Isaiah Joe,1630198,2024-25,0,1610612760,OKC,25.0,43,11,20.95,3.35,7.84,0.43,2.4,6.12,0.39,0.37,0.53,0.7,0.47,2.05,2.51,1.4,0.72,0.14,0.47,1.58,9.47,18.37,17.97,16.45
Cameron Johnson,1629661,2024-25,0,1610612751,BKN,28.0,35,35,32.31,6.46,13.14,0.49,3.2,7.63,0.42,3.29,3.66,0.9,0.71,3.34,4.06,2.94,0.8,0.49,1.71,1.77,19.4,33.66,33.38,27.38
Jalen Johnson,1630552,2024-25,0,1610612737,ATL,23.0,36,36,35.67,7.53,15.06,0.5,1.22,3.92,0.31,2.61,3.5,0.75,1.72,8.25,9.97,5.03,1.56,1.0,2.94,1.86,18.89,43.58,42.56,36.84
James Johnson,201949,2024-25,0,1610612754,IND,37.0,9,0,3.11,0.44,0.89,0.5,0.0,0.22,0.0,0.0,0.11,0.0,0.0,0.44,0.44,0.33,0.0,0.22,0.44,0.44,0.89,1.89,2.09,2.55
Keldon Johnson,1629640,2024-25,0,1610612759,SAS,25.0,43,0,24.02,4.65,10.02,0.46,1.14,3.7,0.31,1.95,2.58,0.76,1.3,3.51,4.81,1.4,0.6,0.26,0.84,1.49,12.4,21.56,22.42,27.83
Keon Johnson,1630553,2024-25,0,1610612751,BKN,22.0,47,27,22.77,3.43,9.21,0.37,1.43,4.87,0.29,1.17,1.53,0.76,0.66,2.68,3.34,1.89,0.85,0.3,1.28,2.49,9.45,17.32,18.06,9.44
Nikola Jokić,203999,2024-25,0,1610612743,DEN,29.0,43,43,36.37,11.26,19.79,0.57,2.05,4.37,0.47,5.05,6.19,0.82,3.16,9.67,12.84,10.3,1.86,0.65,3.19,2.07,29.6,70.35,64.2,61.78
Colby Jones,1641732,2024-25,0,1610612758,SAC,22.0,23,0,5.3,0.48,1.09,0.44,0.17,0.39,0.44,0.0,0.0,0.0,0.26,0.61,0.87,0.22,0.22,0.26,0.3,0.57,1.13,3.78,3.67,5.1
Herbert Jones,1630529,2024-25,0,1610612740,NOP,26.0,20,20,32.4,3.75,8.6,0.44,1.1,3.6,0.31,1.65,2.0,0.82,1.1,2.8,3.9,3.25,1.85,0.45,1.75,3.3,10.25,26.0,24.98,28.32
Mason Jones,1630222,2024-25,0,1610612758,SAC,26.0,4,0,5.0,0.5,1.25,0.4,0.0,0.75,0.0,0.25,0.5,0.5,0.25,1.5,1.75,2.25,0.0,0.0,0.25,0.25,1.25,6.5,5.35,4.68
Tre Jones,1630200,2024-25,0,1610612759,SAS,25.0,28,0,16.07,1.61,3.32,0.48,0.29,0.93,0.31,0.89,1.18,0.76,0.54,1.54,2.07,3.71,0.64,0.18,0.75,1.18,4.39,15.57,14.06,29.87
Tyus Jones,1626145,2024-25,0,1610612756,PHX,28.0,47,47,29.6,4.19,8.89,0.47,2.06,4.91,0.42,0.74,0.85,0.88,0.53,1.91,2.45,5.94,0.89,0.11,1.3,1.02,11.19,28.36,27.43,33.12
Derrick Jones Jr.,1627884,2024-25,0,1610612746,LAC,27.0,47,44,25.21,4.13,7.98,0.52,0.98,2.7,0.36,1.06,1.36,0.78,1.36,2.36,3.72,0.87,1.23,0.4,0.94,2.02,10.3,21.4,21.47,18.5
DeAndre Jordan,201599,2024-25,0,1610612743,DEN,36.0,34,2,11.71,1.56,2.41,0.65,0.0,0.0,0.0,0.35,0.85,0.41,1.29,3.24,4.53,0.79,0.29,0.47,0.71,1.29,3.47,11.44,11.56,10.78
Cory Joseph,202709,2024-25,0,1610612753,ORL,33.0,29,0,7.59,0.72,2.03,0.36,0.48,1.38,0.35,0.07,0.14,0.5,0.21,0.59,0.79,0.83,0.38,0.1,0.38,0.62,2.0,5.45,5.37,9.11
Luke Kennard,1628379,2024-25,0,1610612763,MEM,28.0,36,4,22.17,3.39,6.94,0.49,2.28,4.61,0.49,1.0,1.14,0.88,0.67,2.28,2.94,3.47,0.67,0.08,1.08,0.78,10.06,22.75,21.18,22.09
Corey Kispert,1630557,2024-25,0,1610612764,WAS,25.0,43,0,26.53,4.02,9.16,0.44,1.84,5.33,0.34,1.19,1.37,0.86,0.6,2.35,2.95,1.53,0.58,0.23,1.02,1.51,11.07,18.84,19.52,25.21
Maxi Kleber,1628467,2024-25,0,1610612742,DAL,33.0,34,4,18.74,1.09,2.82,0.39,0.38,1.44,0.27,0.47,0.62,0.76,0.74,2.06,2.79,1.26,0.26,0.5,0.68,1.94,3.03,9.65,10.66,12.62
Christian Koloko,1631132,2024-25,0,1610612747,LAL,24.0,27,0,8.67,0.93,1.48,0.62,0.0,0.07,0.0,0.19,0.22,0.83,0.96,1.19,2.15,0.44,0.26,0.3,0.26,1.11,2.04,7.11,7.03,11.4
John Konchar,1629723,2024-25,0,1610612763,MEM,28.0,25,3,14.16,1.04,2.56,0.41,0.56,1.8,0.31,0.2,0.24,0.83,1.04,2.96,4.0,1.04,0.56,0.44,0.4,0.96,2.84,12.16,11.93,17.3
Luke Kornet,1628436,2024-25,0,1610612738,BOS,29.0,44,6,16.89,2.05,3.18,0.64,0.0,0.0,0.0,1.02,1.34,0.76,2.2,2.77,4.98,1.45,0.5,0.95,0.43,1.43,5.11,18.55,17.86,16.74
Jonathan Kuminga,1630228,2024-25,0,1610612744,GSW,22.0,32,10,26.0,6.06,13.22,0.46,1.25,3.62,0.34,3.38,5.28,0.64,1.38,3.59,4.97,2.19,0.91,0.56,1.56,1.91,16.75,27.09,28.07,26.12
Kyle Kuzma,1628398,2024-25,0,1610612764,WAS,29.0,31,29,27.61,5.9,14.0,0.42,1.35,4.74,0.29,1.81,3.06,0.59,0.84,5.0,5.84,2.48,0.61,0.23,2.29,1.65,14.97,22.45,24.59,33.47
Zach LaVine,203897,2024-25,0,1610612741,CHI,29.0,42,42,34.1,8.64,16.9,0.51,3.24,7.26,0.45,3.45,4.33,0.8,0.29,4.52,4.81,4.5,0.93,0.24,2.88,1.52,23.98,39.43,39.11,31.65
Jock Landale,1629111,2024-25,0,1610612745,HOU,29.0,24,0,9.75,1.21,2.83,0.43,0.17,0.33,0.5,0.67,1.08,0.61,1.29,1.5,2.79,0.88,0.21,0.33,0.46,0.83,3.25,8.38,8.4,13.47
Caris LeVert,1627747,2024-25,0,1610612739,CLE,30.0,36,2,24.08,3.75,7.92,0.47,1.67,3.94,0.42,1.61,2.31,0.7,0.56,2.28,2.83,3.81,0.89,0.53,1.31,1.28,10.78,24.83,23.78,28.74
Damion Lee,1627814,2024-25,0,1610612756,PHX,32.0,12,0,5.75,1.0,3.0,0.33,0.25,1.58,0.16,0.92,0.92,1.0,0.08,0.75,0.83,0.58,0.33,0.0,0.42,0.17,3.17,4.92,5.12,14.62
Alex Len,203458,2024-25,0,1610612758,SAC,31.0,35,3,7.29,0.63,1.17,0.54,0.03,0.17,0.17,0.2,0.37,0.54,0.71,1.11,1.83,0.86,0.23,0.51,0.31,0.97,1.49,7.31,6.98,10.08
Kawhi Leonard,202695,2024-25,0,1610612746,LAC,33.0,11,11,24.45,6.73,14.18,0.47,1.55,4.55,0.34,1.36,1.91,0.71,0.73,3.73,4.45,2.45,1.0,0.27,1.73,1.18,16.36,27.64,28.39,46.27
Maxwell Lewis,1641721,2024-25,0,1610612747,LAL,22.0,7,0,4.14,0.29,0.86,0.33,0.0,0.0,0.0,0.0,0.0,0.0,0.29,0.0,0.29,0.29,0.14,0.0,0.29,0.14,0.57,1.14,1.23,0.2
E.J. Liddell,1630604,2024-25,0,1610612741,CHI,24.0,6,0,5.17,0.83,1.33,0.62,0.5,1.0,0.5,0.33,0.33,1.0,0.17,0.67,0.83,0.5,0.17,0.17,0.33,1.33,2.5,5.83,5.51,2.5
Damian Lillard,203081,2024-25,0,1610612749,MIL,34.0,40,40,36.45,7.7,17.27,0.45,3.38,8.88,0.38,6.22,6.75,0.92,0.53,4.05,4.58,7.33,1.18,0.23,2.83,1.77,25.0,45.15,43.99,42.6
Dereck Lively II,1641726,2024-25,0,1610612742,DAL,20.0,32,25,24.0,3.88,5.53,0.7,0.0,0.0,0.0,1.38,2.16,0.64,3.09,4.75,7.84,2.62,0.53,1.69,1.22,2.94,9.12,30.09,28.54,26.3
Chris Livingston,1641753,2024-25,0,1610612749,MIL,21.0,10,0,2.9,0.1,0.3,0.33,0.0,0.0,0.0,0.2,0.2,1.0,0.5,0.8,1.3,0.1,0.2,0.0,0.3,0.2,0.4,2.0,1.84,2.5
Kevon Looney,1626172,2024-25,0,1610612744,GSW,28.0,42,6,16.21,2.26,4.26,0.53,0.0,0.05,0.0,0.71,1.43,0.5,2.79,3.95,6.74,1.74,0.74,0.43,0.55,2.17,5.24,18.57,18.18,16.03
Brook Lopez,201572,2024-25,0,1610612749,MIL,36.0,47,47,32.13,4.57,9.64,0.47,1.87,5.13,0.36,1.06,1.34,0.79,1.13,3.6,4.72,1.74,0.74,1.96,1.0,2.19,12.09,30.21,28.63,34.42
Kevin Love,201567,2024-25,0,1610612748,MIA,36.0,18,6,11.11,1.94,5.5,0.35,1.17,3.22,0.36,0.72,1.06,0.68,0.94,3.22,4.17,1.06,0.78,0.11,0.72,0.89,5.78,13.39,13.02,16.35
Kyle Lowry,200768,2024-25,0,1610612755,PHI,38.0,30,12,19.63,1.27,3.5,0.36,0.93,2.67,0.35,0.8,0.97,0.83,0.33,1.67,2.0,2.83,1.03,0.3,0.67,1.93,4.27,15.73,14.48,23.83
Trey Lyles,1626168,2024-25,0,1610612758,SAC,29.0,38,2,19.79,2.24,5.63,0.4,1.29,3.84,0.34,0.82,1.11,0.74,1.13,3.61,4.74,0.92,0.58,0.45,0.61,1.21,6.58,15.89,16.54,17.32
Sandro Mamukelashvili,1630572,2024-25,0,1610612759,SAS,25.0,30,0,8.47,1.63,2.97,0.55,0.7,1.73,0.4,0.6,0.83,0.72,0.67,1.83,2.5,0.5,0.23,0.27,0.43,0.67,4.57,9.97,9.64,11.96
Terance Mann,1629611,2024-25,0,1610612746,LAC,28.0,36,12,20.0,2.42,5.31,0.46,0.72,2.03,0.36,0.64,0.89,0.72,0.89,2.06,2.94,1.61,0.75,0.31,0.69,1.89,6.19,15.19,15.52,19.26
Tre Mann,1630544,2024-25,0,1610612766,CHA,24.0,13,0,24.54,5.38,12.38,0.43,1.85,4.62,0.4,1.46,1.62,0.91,0.92,2.0,2.92,3.0,0.54,0.31,1.92,1.85,14.08,22.62,23.31,22.88
Lauri Markkanen,1628374,2024-25,0,1610612762,UTA,27.0,36,36,31.83,6.25,14.78,0.42,3.0,8.61,0.35,3.86,4.44,0.87,1.67,4.5,6.17,1.72,0.75,0.42,1.42,1.75,19.36,30.94,32.32,37.37
Naji Marshall,1630230,2024-25,0,1610612742,DAL,27.0,37,14,24.32,4.27,8.59,0.5,0.86,2.81,0.31,1.32,1.51,0.88,0.86,2.7,3.57,2.49,0.92,0.11,1.41,1.41,10.73,21.19,21.83,15.75
Caleb Martin,1628997,2024-25,0,1610612755,PHI,29.0,31,24,30.42,3.26,7.48,0.43,1.06,2.81,0.38,1.48,2.39,0.62,1.39,3.0,4.39,2.23,1.1,0.65,1.39,2.03,9.06,21.29,21.66,21.16
Cody Martin,1628998,2024-25,0,1610612766,CHA,29.0,39,8,24.79,2.97,6.87,0.43,1.03,3.18,0.32,0.87,1.26,0.69,1.03,3.49,4.51,2.28,1.1,0.67,1.08,1.85,7.85,21.56,21.51,21.23
KJ Martin,1630231,2024-25,0,1610612755,PHI,24.0,24,7,20.0,2.54,4.12,0.62,0.33,0.88,0.38,1.0,1.21,0.83,0.88,2.12,3.0,0.79,0.46,0.67,0.5,2.58,6.42,15.58,15.44,9.47
Tyrese Martin,1631213,2024-25,0,1610612751,BKN,25.0,31,6,21.32,3.0,7.52,0.4,1.58,4.48,0.35,0.55,0.84,0.65,1.1,2.81,3.9,1.77,0.42,0.16,1.26,1.06,8.13,15.16,15.91,2.4
Garrison Mathews,1629726,2024-25,0,1610612737,ATL,28.0,40,2,18.45,2.27,5.65,0.4,1.93,4.83,0.4,1.5,1.82,0.82,0.33,1.52,1.85,1.38,0.62,0.28,0.7,1.77,7.97,15.28,15.05,10.62
Tyrese Maxey,1630178,2024-25,0,1610612755,PHI,24.0,41,41,37.95,9.56,21.63,0.44,3.34,9.59,0.35,5.2,5.95,0.87,0.24,3.2,3.44,6.05,1.88,0.41,2.46,2.27,27.66,47.51,47.73,50.95
Miles McBride,1630540,2024-25,0,1610612752,NYK,24.0,39,0,23.28,3.36,7.95,0.42,1.74,4.69,0.37,0.87,1.05,0.83,0.82,1.67,2.49,2.82,0.82,0.18,0.72,1.49,9.33,20.36,19.75,15.7
CJ McCollum,203468,2024-25,0,1610612740,NOP,33.0,36,36,33.47,8.25,18.42,0.45,3.03,8.25,0.37,2.33,3.33,0.7,0.69,2.92,3.61,3.81,0.81,0.53,1.67,2.33,21.86,35.19,35.71,36.91
T.J. McConnell,204456,2024-25,0,1610612754,IND,32.0,46,0,18.8,4.54,8.61,0.53,0.15,0.59,0.26,0.74,1.0,0.74,0.57,2.04,2.61,4.46,1.2,0.28,1.52,1.11,9.98,24.74,24.82,25.47
Jaden McDaniels,1630183,2024-25,0,1610612750,MIN,24.0,49,49,31.27,4.18,9.06,0.46,1.29,3.76,0.34,1.06,1.35,0.79,1.45,3.9,5.35,1.65,1.49,0.84,1.06,2.92,10.71,26.86,26.84,18.37
Jordan McLaughlin,1629162,2024-25,0,1610612758,SAC,28.0,28,0,6.79,0.57,1.57,0.36,0.36,0.93,0.39,0.39,0.57,0.69,0.14,0.61,0.75,0.86,0.39,0.0,0.39,0.46,1.89,4.89,4.75,7.53
De'Anthony Melton,1629001,2024-25,0,1610612744,GSW,26.0,6,2,20.17,3.67,9.0,0.41,2.17,5.83,0.37,0.83,1.33,0.62,1.0,2.33,3.33,2.83,1.17,0.33,1.67,3.0,10.33,22.0,21.32,26.48
Sam Merrill,1630241,2024-25,0,1610612739,CLE,28.0,41,2,18.59,2.34,6.05,0.39,1.83,5.22,0.35,0.54,0.56,0.96,0.49,1.41,1.9,1.63,0.56,0.2,0.46,1.76,7.05,14.76,14.64,19.87
Khris Middleton,203114,2024-25,0,1610612749,MIL,33.0,23,7,23.22,4.7,9.17,0.51,1.52,3.74,0.41,1.7,2.0,0.85,0.22,3.48,3.7,4.43,0.74,0.22,1.61,2.26,12.61,27.22,26.42,30.41
Brandon Miller,1641706,2024-25,0,1610612766,CHA,22.0,27,27,34.22,7.33,18.19,0.4,3.85,10.85,0.35,2.52,2.93,0.86,0.93,3.93,4.85,3.63,1.07,0.74,2.81,2.74,21.04,34.7,35.72,29.1
Jordan Miller,1641757,2024-25,0,1610612746,LAC,25.0,29,0,12.76,1.86,4.34,0.43,0.28,1.24,0.22,0.9,1.14,0.79,0.76,1.03,1.79,1.07,0.52,0.17,0.76,0.72,4.9,9.48,10.06,2.2
Leonard Miller,1631159,2024-25,0,1610612750,MIN,21.0,5,0,3.0,0.2,1.4,0.14,0.0,0.6,0.0,1.2,1.2,1.0,0.6,1.0,1.6,0.0,0.2,0.0,0.4,0.4,1.6,2.2,2.5,5.0
Patty Mills,201988,2024-25,0,1610612762,UTA,36.0,17,0,15.29,1.53,4.47,0.34,1.0,3.35,0.3,0.29,0.29,1.0,0.18,1.06,1.24,1.24,0.71,0.18,0.94,0.71,4.35,9.29,9.92,8.3
Shake Milton,1629003,2024-25,0,1610612751,BKN,28.0,27,1,18.22,2.7,5.81,0.47,1.04,2.67,0.39,0.93,1.22,0.76,0.59,1.3,1.89,2.37,0.56,0.04,0.74,1.59,7.37,15.22,14.85,8.81
Davion Mitchell,1630558,2024-25,0,1610612761,TOR,26.0,43,22,24.72,2.37,5.56,0.43,0.95,2.67,0.36,0.56,0.84,0.67,0.37,1.58,1.95,4.6,0.7,0.19,1.77,2.63,6.26,17.28,17.31,10.64
Donovan Mitchell,1628378,2024-25,0,1610612739,CLE,28.0,47,47,31.15,8.3,18.45,0.45,3.66,9.19,0.4,3.43,4.11,0.83,0.66,3.64,4.3,4.7,1.4,0.21,1.91,2.02,23.68,41.15,39.95,50.77
Evan Mobley,1630596,2024-25,0,1610612739,CLE,23.0,43,43,29.91,7.05,12.3,0.57,1.09,2.74,0.4,3.07,4.05,0.76,2.09,7.05,9.14,2.86,0.88,1.47,1.88,1.98,18.26,40.65,39.19,41.26
Malik Monk,1628370,2024-25,0,1610612758,SAC,26.0,40,27,31.85,6.58,14.62,0.45,2.3,6.95,0.33,2.58,2.95,0.87,0.35,3.35,3.7,5.88,1.0,0.57,2.02,2.62,18.02,36.17,35.48,30.99
Moses Moody,1630541,2024-25,0,1610612744,GSW,22.0,41,5,18.07,3.0,6.88,0.44,1.68,4.27,0.39,1.07,1.49,0.72,0.51,1.61,2.12,1.12,0.49,0.32,0.68,1.37,8.76,15.37,15.38,15.21
Ja Morant,1629630,2024-25,0,1610612763,MEM,25.0,28,28,28.43,6.96,15.64,0.45,1.46,4.79,0.31,4.93,6.07,0.81,0.64,3.54,4.18,7.5,1.25,0.32,3.89,1.82,20.32,36.61,38.16,46.43
Markieff Morris,202693,2024-25,0,1610612742,DAL,35.0,7,0,5.86,0.71,3.14,0.23,0.29,1.86,0.15,0.0,0.0,0.0,0.0,1.14,1.14,0.57,0.14,0.14,0.29,0.29,1.71,3.14,3.65,5.27
Trey Murphy III,1630530,2024-25,0,1610612740,NOP,24.0,33,31,35.36,7.45,15.97,0.47,3.18,8.61,0.37,3.97,4.48,0.89,0.91,4.18,5.09,3.06,1.21,0.76,1.64,2.36,22.06,39.48,38.34,32.96
Dejounte Murray,1627749,2024-25,0,1610612740,NOP,28.0,31,31,32.65,6.26,15.94,0.39,1.68,5.61,0.3,3.29,4.0,0.82,0.55,5.9,6.45,7.35,2.03,0.39,3.42,1.97,17.48,39.03,38.06,44.46
Jamal Murray,1627750,2024-25,0,1610612743,DEN,27.0,43,43,36.0,7.6,16.51,0.46,2.05,5.65,0.36,3.14,3.6,0.87,0.6,3.42,4.02,6.07,1.44,0.58,2.26,1.74,20.4,40.42,40.95,44.92
Kris Murray,1631200,2024-25,0,1610612757,POR,24.0,41,0,13.78,1.71,3.73,0.46,0.39,1.49,0.26,0.34,0.78,0.44,1.05,1.17,2.22,0.88,0.41,0.2,0.54,0.88,4.15,9.12,9.9,14.5
Svi Mykhailiuk,1629004,2024-25,0,1610612762,UTA,27.0,18,8,18.89,3.61,8.56,0.42,2.17,6.11,0.35,0.61,0.78,0.79,0.44,1.83,2.28,1.67,0.72,0.28,1.72,1.39,10.0,16.83,17.35,9.01
Pete Nance,1631250,2024-25,0,1610612755,PHI,24.0,7,0,9.71,0.71,2.14,0.33,0.57,1.71,0.33,0.14,0.29,0.5,0.29,1.14,1.43,0.43,0.14,0.0,0.0,1.43,2.14,4.71,4.95,0.2
Larry Nance Jr.,1626204,2024-25,0,1610612737,ATL,32.0,19,3,19.21,3.21,6.37,0.5,1.42,3.16,0.45,0.42,0.53,0.8,0.95,3.26,4.21,1.53,0.95,0.63,0.68,1.42,8.26,21.84,20.9,16.45
Aaron Nesmith,1630174,2024-25,0,1610612754,IND,25.0,12,8,20.92,2.92,5.75,0.51,1.08,2.42,0.45,1.5,1.67,0.9,0.5,2.83,3.33,1.0,0.33,0.25,0.75,2.92,8.42,15.58,15.66,22.94
Georges Niang,1627777,2024-25,0,1610612739,CLE,31.0,49,1,20.51,3.31,6.9,0.48,1.8,4.45,0.4,0.41,0.51,0.8,0.67,3.04,3.71,1.35,0.35,0.14,0.96,2.45,8.82,16.67,16.72,17.18
Daishen Nix,1630227,2024-25,0,1610612750,MIN,22.0,3,0,4.33,0.0,0.33,0.0,0.0,0.33,0.0,0.33,0.67,0.5,0.0,1.33,1.33,1.0,0.0,0.0,1.33,0.33,0.33,0.33,0.55,2.58
Zeke Nnaji,1630192,2024-25,0,1610612743,DEN,24.0,28,0,5.14,0.64,1.36,0.47,0.0,0.39,0.0,0.11,0.25,0.43,0.11,0.46,0.57,0.14,0.07,0.29,0.14,0.43,1.39,3.18,3.36,8.12
Jaylen Nowell,1629669,2024-25,0,1610612740,NOP,25.0,8,0,21.0,3.25,9.12,0.36,1.0,3.38,0.3,0.88,1.38,0.64,0.75,1.75,2.5,2.25,0.12,0.5,1.0,1.12,8.38,13.75,14.74,9.43
Jusuf Nurkić,203994,2024-25,0,1610612756,PHX,30.0,25,23,23.68,2.96,6.52,0.45,0.76,2.36,0.32,1.92,2.76,0.7,1.84,7.32,9.16,1.88,0.92,0.64,2.28,3.12,8.6,22.52,22.51,31.7
Royce O'Neale,1626220,2024-25,0,1610612756,PHX,31.0,42,11,25.0,3.24,7.69,0.42,2.19,5.52,0.4,0.4,0.52,0.77,0.86,4.31,5.17,2.02,0.93,0.5,0.98,2.19,9.07,22.9,22.68,25.51
Josh Okogie,1629006,2024-25,0,1610612756,PHX,26.0,25,1,14.04,2.24,4.56,0.49,0.64,1.68,0.38,0.88,1.28,0.69,1.28,1.6,2.88,0.56,0.84,0.4,0.64,1.12,6.0,13.84,14.0,12.46
Onyeka Okongwu,1630168,2024-25,0,1610612737,ATL,24.0,42,8,24.83,4.62,8.26,0.56,0.43,1.57,0.27,2.02,2.74,0.74,2.83,4.95,7.79,1.98,0.88,0.83,0.98,2.36,11.69,29.02,28.37,27.97
Isaac Okoro,1630171,2024-25,0,1610612739,CLE,24.0,28,16,19.68,2.0,4.68,0.43,1.11,2.79,0.4,0.64,0.89,0.72,0.79,1.29,2.07,1.64,0.68,0.39,0.39,2.04,5.75,14.79,14.56,21.5
Kelly Olynyk,203482,2024-25,0,1610612761,TOR,33.0,22,1,15.32,2.32,4.55,0.51,0.77,1.59,0.49,1.45,1.86,0.78,0.86,2.45,3.32,2.32,0.68,0.36,1.5,2.23,6.86,16.45,15.74,20.63
Kelly Oubre Jr.,1626162,2024-25,0,1610612755,PHI,29.0,45,42,34.2,5.49,11.96,0.46,1.22,4.18,0.29,2.24,3.0,0.75,1.64,4.71,6.36,1.89,1.49,0.47,1.33,2.89,14.44,29.22,29.94,25.27
Chris Paul,101108,2024-25,0,1610612759,SAS,39.0,46,46,29.11,3.15,7.54,0.42,1.74,4.8,0.36,1.48,1.54,0.96,0.48,3.67,4.15,8.17,1.33,0.22,1.54,1.91,9.52,33.54,29.76,30.02
Cameron Payne,1626166,2024-25,0,1610612752,NYK,30.0,43,1,14.35,2.53,5.98,0.42,1.47,3.72,0.39,0.67,0.74,0.91,0.26,1.21,1.47,2.47,0.6,0.26,0.65,1.67,7.21,16.23,15.45,15.91
Gary Payton II,1627780,2024-25,0,1610612744,GSW,32.0,37,10,13.62,2.19,4.03,0.54,0.27,1.22,0.22,0.54,0.76,0.71,0.97,2.14,3.11,1.3,0.65,0.3,0.73,1.59,5.19,13.62,13.66,15.23
Drew Peterson,1641809,2024-25,0,1610612738,BOS,25.0,13,0,9.0,0.85,1.85,0.46,0.54,1.38,0.39,0.46,0.54,0.86,0.38,1.62,2.0,0.62,0.15,0.15,0.38,0.92,2.69,6.69,6.5,8.4
Julian Phillips,1641763,2024-25,0,1610612741,CHI,21.0,48,3,13.06,1.54,3.52,0.44,0.6,1.9,0.32,0.6,0.85,0.71,0.88,1.12,2.0,0.42,0.42,0.23,0.42,1.27,4.29,8.79,9.15,4.5
Jalen Pickett,1629618,2024-25,0,1610612743,DEN,25.0,19,0,7.95,1.05,2.21,0.48,0.53,1.21,0.43,0.05,0.05,1.0,0.16,0.68,0.84,1.47,0.16,0.05,0.37,0.53,2.68,7.0,6.76,3.7
Mason Plumlee,203486,2024-25,0,1610612756,PHX,34.0,47,18,17.43,1.53,2.68,0.57,0.0,0.04,0.0,0.96,1.51,0.63,1.66,4.62,6.28,1.83,0.45,0.79,0.85,2.17,4.02,17.02,16.21,13.63
Brandin Podziemski,1641764,2024-25,0,1610612744,GSW,21.0,35,8,24.09,3.34,7.8,0.43,1.29,3.89,0.33,0.91,1.14,0.8,0.97,3.49,4.46,3.29,0.97,0.2,1.06,1.49,8.89,22.43,22.12,24.1
Jordan Poole,1629673,2024-25,0,1610612764,WAS,25.0,41,41,31.02,6.66,15.95,0.42,3.61,9.17,0.39,3.73,4.32,0.86,0.46,2.61,3.07,4.78,1.49,0.49,3.37,3.22,20.66,34.85,35.52,28.98
Craig Porter Jr.,1641854,2024-25,0,1610612739,CLE,24.0,29,0,8.07,1.03,1.76,0.59,0.28,0.52,0.53,0.21,0.28,0.75,0.14,0.72,0.86,1.03,0.21,0.34,0.52,0.41,2.55,7.17,6.87,13.3
Kevin Porter Jr.,1629645,2024-25,0,1610612746,LAC,24.0,44,2,19.8,3.84,9.09,0.42,0.57,2.36,0.24,1.11,1.73,0.65,0.64,2.93,3.57,3.23,0.98,0.25,1.89,1.57,9.36,19.07,20.17,37.81
Michael Porter Jr.,1629008,2024-25,0,1610612743,DEN,26.0,49,49,33.14,6.82,13.31,0.51,2.49,6.2,0.4,1.86,2.53,0.73,1.59,4.82,6.41,2.16,0.61,0.47,1.31,1.88,17.98,32.57,32.92,28.22
Bobby Portis,1626171,2024-25,0,1610612749,MIL,29.0,41,5,24.66,5.46,11.73,0.47,1.27,3.49,0.36,1.2,1.46,0.82,1.71,6.22,7.93,1.98,0.68,0.51,1.22,1.76,13.39,27.8,29.4,25.53
Kristaps Porziņģis,204001,2024-25,0,1610612738,BOS,29.0,25,25,28.4,6.36,13.36,0.48,2.56,6.16,0.42,3.96,4.76,0.83,1.68,5.4,7.08,2.08,0.76,1.6,0.92,2.72,19.24,39.2,37.0,40.73
Micah Potter,1630695,2024-25,0,1610612762,UTA,26.0,19,8,17.89,1.37,3.37,0.41,0.95,2.63,0.36,0.16,0.16,1.0,1.05,2.84,3.89,0.79,0.26,0.47,0.63,1.26,3.84,11.32,11.57,9.58
Dwight Powell,203939,2024-25,0,1610612742,DAL,33.0,33,0,7.61,0.42,0.55,0.78,0.03,0.03,1.0,0.61,0.91,0.67,0.67,1.12,1.79,0.7,0.36,0.45,0.21,1.15,1.48,7.55,6.24,11.8
Norman Powell,1626181,2024-25,0,1610612746,LAC,31.0,40,40,33.25,8.38,16.77,0.5,3.4,7.8,0.44,3.92,4.72,0.83,0.38,3.25,3.62,2.2,1.38,0.17,2.08,1.95,24.07,36.73,37.47,24.09
Taurean Prince,1627752,2024-25,0,1610612749,MIL,30.0,47,40,25.83,2.68,5.96,0.45,1.74,3.85,0.45,0.4,0.51,0.79,0.55,3.21,3.77,2.06,0.83,0.15,0.98,2.02,7.51,18.4,18.66,17.37
Payton Pritchard,1630202,2024-25,0,1610612738,BOS,27.0,49,0,27.55,4.82,10.33,0.47,3.16,7.59,0.42,1.02,1.2,0.85,1.33,2.24,3.57,3.39,0.9,0.18,0.98,1.59,13.82,28.82,27.17,18.94
Olivier-Maxence Prosper,1641765,2024-25,0,1610612742,DAL,22.0,39,2,9.77,1.23,3.03,0.41,0.23,1.0,0.23,0.9,1.44,0.62,0.85,1.51,2.36,0.69,0.38,0.13,0.31,0.46,3.59,7.9,8.12,6.4
Trevelin Queen,1630243,2024-25,0,1610612753,ORL,27.0,21,2,15.81,1.9,4.86,0.39,0.76,2.57,0.3,0.43,0.52,0.82,0.76,0.86,1.62,1.43,1.05,0.38,0.9,1.57,5.0,13.0,12.76,7.56
Neemias Queta,1629674,2024-25,0,1610612738,BOS,25.0,39,5,14.62,2.15,3.23,0.67,0.0,0.05,0.0,0.82,1.13,0.73,1.41,2.33,3.74,0.67,0.33,0.72,0.64,1.79,5.13,13.9,13.74,18.78
Immanuel Quickley,1630193,2024-25,0,1610612761,TOR,25.0,11,11,26.27,5.09,12.73,0.4,2.18,5.91,0.37,3.18,3.45,0.92,0.18,2.0,2.18,5.73,0.55,0.18,1.45,1.45,15.55,28.55,27.68,32.37
Julius Randle,203944,2024-25,0,1610612750,MIN,30.0,48,48,32.58,6.58,14.02,0.47,1.48,4.6,0.32,4.21,5.19,0.81,2.12,5.04,7.17,4.46,0.73,0.23,2.83,2.54,18.85,32.75,33.22,40.4
Duop Reath,1641871,2024-25,0,1610612757,POR,28.0,24,0,5.46,0.75,2.0,0.38,0.42,1.38,0.3,0.25,0.33,0.75,0.38,0.54,0.92,0.25,0.0,0.08,0.17,0.62,2.17,3.42,3.74,18.0
Austin Reaves,1630559,2024-25,0,1610612747,LAL,26.0,42,42,34.76,6.12,13.64,0.45,2.6,7.0,0.37,3.57,4.24,0.84,0.79,3.48,4.26,6.1,1.12,0.14,2.4,1.98,18.4,35.62,34.88,30.22
Cam Reddish,1629629,2024-25,0,1610612747,LAL,25.0,31,8,18.06,1.19,2.77,0.43,0.42,1.45,0.29,0.52,0.84,0.61,0.48,1.52,2.0,0.71,1.0,0.32,0.39,1.39,3.32,10.97,10.74,11.41
Paul Reed,1630194,2024-25,0,1610612765,DET,25.0,27,0,10.07,1.67,3.04,0.55,0.19,0.63,0.29,0.78,0.93,0.84,0.74,1.59,2.33,1.0,1.07,0.52,0.48,1.56,4.3,14.37,12.19,21.87
Naz Reid,1629675,2024-25,0,1610612750,MIN,25.0,48,1,25.27,4.98,10.29,0.48,2.12,5.08,0.42,1.4,1.77,0.79,0.9,4.15,5.04,1.75,0.75,0.79,1.21,2.33,13.48,27.19,27.59,28.31
Nick Richards,1630208,2024-25,0,1610612766,CHA,27.0,21,9,20.95,3.05,5.43,0.56,0.0,0.05,0.0,2.81,4.14,0.68,2.43,5.1,7.52,1.33,0.33,1.24,1.57,2.29,8.9,21.57,21.43,26.03
Josh Richardson,1626196,2024-25,0,1610612748,MIA,31.0,8,0,18.62,1.38,4.75,0.29,0.75,2.75,0.27,0.5,0.5,1.0,0.75,0.75,1.5,1.5,1.0,0.12,1.0,2.12,4.0,9.75,10.14,20.31
Duncan Robinson,1629130,2024-25,0,1610612748,MIA,30.0,45,27,24.53,3.93,9.33,0.42,2.56,6.73,0.38,0.76,0.84,0.9,0.29,2.16,2.44,2.69,0.56,0.11,1.09,2.04,11.18,20.49,20.59,23.78
Jeremiah Robinson-Earl,1630526,2024-25,0,1610612740,NOP,24.0,40,6,18.2,2.2,4.92,0.45,0.7,2.3,0.3,0.62,0.72,0.86,1.77,3.08,4.85,1.27,0.7,0.15,0.72,1.3,5.72,15.15,15.93,8.3
Terry Rozier,1626179,2024-25,0,1610612748,MIA,30.0,43,21,28.53,4.51,10.93,0.41,1.56,5.19,0.3,1.67,1.93,0.87,0.77,3.42,4.19,2.95,0.58,0.3,1.49,1.37,12.26,22.3,23.08,38.39
Rayan Rupert,1641712,2024-25,0,1610612757,POR,20.0,34,0,8.06,0.94,2.26,0.42,0.29,1.03,0.29,0.38,0.53,0.72,0.59,0.56,1.15,0.47,0.24,0.06,0.47,0.56,2.56,4.65,5.11,8.9
D'Angelo Russell,1626156,2024-25,0,1610612747,LAL,28.0,29,10,26.31,4.45,10.72,0.41,1.93,5.79,0.33,1.55,1.83,0.85,0.28,2.48,2.76,4.69,0.79,0.14,1.72,1.83,12.38,24.62,25.09,36.58
Matt Ryan,1630346,2024-25,0,1610612752,NYK,27.0,17,0,3.65,0.53,1.59,0.33,0.29,0.94,0.31,0.12,0.12,1.0,0.0,0.41,0.41,0.06,0.12,0.0,0.18,0.06,1.47,1.88,2.19,7.15
Domantas Sabonis,1627734,2024-25,0,1610612758,SAC,28.0,45,45,36.2,8.13,13.44,0.6,1.16,2.44,0.47,3.33,4.33,0.77,3.93,10.44,14.38,6.53,0.64,0.42,3.02,3.47,20.76,49.4,46.14,46.46
Adama Sanogo,1641766,2024-25,0,1610612741,CHI,22.0,4,0,5.5,1.0,1.75,0.57,0.0,0.0,0.0,0.0,0.0,0.0,1.25,0.25,1.5,0.25,0.0,0.0,0.25,0.25,2.0,3.75,4.15,7.0
Gui Santos,1630611,2024-25,0,1610612744,GSW,22.0,24,1,13.0,1.46,3.08,0.47,0.79,1.96,0.4,0.46,0.71,0.65,1.08,1.67,2.75,1.25,0.38,0.12,0.62,1.5,4.17,10.54,10.3,7.9
Marcus Sasser,1631204,2024-25,0,1610612765,DET,24.0,38,0,14.08,2.32,5.0,0.46,0.87,2.58,0.34,0.53,0.58,0.91,0.34,0.89,1.24,2.21,0.63,0.11,0.84,1.29,6.03,13.39,13.39,17.5
Dennis Schröder,203471,2024-25,0,1610612751,BKN,31.0,23,23,33.57,6.39,14.13,0.45,2.52,6.52,0.39,3.13,3.52,0.89,0.17,2.78,2.96,6.61,1.13,0.17,2.57,2.43,18.43,35.48,35.5,25.08
Alperen Sengun,1630578,2024-25,0,1610612745,HOU,22.0,46,46,31.35,7.61,15.5,0.49,0.33,1.43,0.23,3.59,5.07,0.71,3.41,6.96,10.37,5.02,1.28,0.8,2.39,2.76,19.13,41.67,41.6,42.8
Brice Sensabaugh,1641729,2024-25,0,1610612762,UTA,21.0,37,1,18.16,3.57,7.73,0.46,1.84,4.73,0.39,0.89,0.95,0.94,0.59,2.03,2.62,1.27,0.57,0.08,1.46,1.43,9.86,15.89,15.8,13.1
Collin Sexton,1629012,2024-25,0,1610612762,UTA,26.0,45,43,29.11,6.6,13.8,0.48,1.93,4.67,0.41,3.58,4.0,0.89,1.07,1.87,2.93,4.2,0.69,0.09,2.56,2.31,18.71,28.96,29.4,30.35
Landry Shamet,1629013,2024-25,0,1610612752,NYK,27.0,18,0,10.67,1.17,2.83,0.41,0.5,1.67,0.3,0.06,0.22,0.25,0.22,0.56,0.78,0.44,0.44,0.11,0.39,0.72,2.89,5.83,6.5,15.32
Day'Ron Sharpe,1630549,2024-25,0,1610612751,BKN,23.0,27,0,17.26,3.15,6.37,0.49,0.19,1.07,0.17,1.41,1.85,0.76,2.89,3.33,6.22,1.41,0.7,0.52,1.15,1.96,7.89,19.19,19.67,18.29
Ben Sheppard,1641767,2024-25,0,1610612754,IND,23.0,33,8,20.58,1.97,4.82,0.41,1.27,3.39,0.38,0.3,0.36,0.83,0.64,1.91,2.55,1.21,0.55,0.24,0.36,2.27,5.52,13.24,13.61,9.6
Pascal Siakam,1627783,2024-25,0,1610612754,IND,30.0,47,47,33.11,7.96,14.98,0.53,1.77,4.26,0.41,2.83,3.79,0.75,1.81,5.55,7.36,3.49,0.89,0.43,1.32,2.66,20.51,39.23,38.65,38.6
Ben Simmons,1627732,2024-25,0,1610612751,BKN,28.0,32,24,25.19,2.84,5.16,0.55,0.0,0.0,0.0,0.56,0.81,0.69,0.91,4.31,5.22,6.97,0.78,0.5,2.75,2.5,6.25,25.31,24.85,29.34
Anfernee Simons,1629014,2024-25,0,1610612757,POR,25.0,45,45,32.02,6.47,15.24,0.42,2.93,7.96,0.37,2.36,2.62,0.9,0.31,2.47,2.78,4.8,0.82,0.11,2.07,1.73,18.22,30.56,31.76,36.58
Jericho Sims,1630579,2024-25,0,1610612752,NYK,26.0,37,5,11.38,0.76,1.24,0.61,0.0,0.0,0.0,0.22,0.35,0.61,1.38,2.11,3.49,0.59,0.22,0.27,0.57,1.24,1.73,7.35,7.77,8.09
Marcus Smart,203935,2024-25,0,1610612763,MEM,30.0,18,6,21.22,2.94,7.89,0.37,1.61,4.83,0.33,1.67,2.0,0.83,0.78,1.56,2.33,3.83,1.28,0.33,1.89,1.67,9.17,21.11,21.26,28.89
Jalen Smith,1630188,2024-25,0,1610612741,CHI,24.0,45,1,15.36,2.96,6.33,0.47,1.18,3.44,0.34,1.24,1.49,0.84,1.49,4.09,5.58,0.84,0.27,0.78,0.62,1.56,8.33,19.04,19.29,20.08
Nick Smith Jr.,1641733,2024-25,0,1610612766,CHA,20.0,28,9,16.46,2.46,6.68,0.37,1.25,3.79,0.33,0.21,0.25,0.86,0.14,1.64,1.79,1.57,0.36,0.18,0.86,0.86,6.39,11.21,11.81,9.2
Pat Spencer,1630311,2024-25,0,1610612744,GSW,28.0,18,0,6.83,0.94,2.5,0.38,0.11,0.56,0.2,0.39,0.56,0.7,0.5,0.78,1.28,1.5,0.44,0.11,0.56,0.39,2.39,7.11,6.59,2.5
Jaden Springer,1630531,2024-25,0,1610612738,BOS,22.0,26,0,5.42,0.46,1.31,0.35,0.23,0.73,0.32,0.58,0.81,0.71,0.15,0.77,0.92,0.38,0.46,0.04,0.15,0.65,1.73,4.73,4.47,8.27
Isaiah Stewart,1630191,2024-25,0,1610612765,DET,23.0,44,3,20.25,2.23,4.25,0.52,0.18,0.75,0.24,0.77,0.93,0.83,1.95,3.82,5.77,1.73,0.41,1.27,0.89,2.52,5.41,19.82,19.38,23.7
Julian Strawther,1631124,2024-25,0,1610612743,DEN,22.0,49,0,21.73,3.27,7.51,0.43,1.55,4.16,0.37,1.18,1.41,0.84,0.27,1.84,2.1,1.31,0.65,0.29,0.8,2.37,9.27,16.49,16.59,7.5
Max Strus,1629622,2024-25,0,1610612739,CLE,28.0,21,8,24.19,2.9,6.86,0.42,2.05,5.43,0.38,0.24,0.33,0.71,0.81,3.33,4.14,3.1,0.62,0.38,1.0,1.86,8.1,21.33,20.83,22.9
Jalen Suggs,1630591,2024-25,0,1610612753,ORL,23.0,35,35,28.63,5.63,13.74,0.41,2.17,6.91,0.31,2.77,3.14,0.88,0.66,3.37,4.03,3.69,1.46,0.94,2.91,2.8,16.2,30.69,31.24,29.08
Jae'Sean Tate,1630256,2024-25,0,1610612745,HOU,29.0,29,1,10.93,1.41,2.9,0.49,0.21,0.66,0.32,0.83,1.24,0.67,0.9,1.28,2.17,0.69,0.62,0.07,0.45,1.79,3.86,9.0,9.08,11.43
Jayson Tatum,1628369,2024-25,0,1610612738,BOS,26.0,47,47,36.51,9.04,19.85,0.46,3.57,10.04,0.36,5.19,6.49,0.8,0.6,8.26,8.85,5.66,1.23,0.49,2.87,2.26,26.85,48.68,48.59,47.36
Garrett Temple,202066,2024-25,0,1610612761,TOR,38.0,17,0,3.88,0.18,0.88,0.2,0.06,0.41,0.14,0.24,0.24,1.0,0.12,0.47,0.59,0.65,0.35,0.12,0.24,0.41,0.65,3.47,2.93,7.6
Daniel Theis,1628464,2024-25,0,1610612740,NOP,32.0,38,9,16.34,1.61,3.39,0.47,0.24,0.97,0.24,0.82,0.97,0.84,1.16,3.16,4.32,1.58,0.47,0.53,0.66,1.84,4.26,14.32,14.14,12.35
Cam Thomas,1630560,2024-25,0,1610612751,BKN,23.0,19,17,32.32,7.95,17.74,0.45,2.84,7.58,0.38,5.95,6.79,0.88,0.53,3.05,3.58,3.37,0.74,0.05,2.68,1.89,24.68,32.95,34.97,32.46
Amen Thompson,1641708,2024-25,0,1610612745,HOU,22.0,45,18,31.0,5.22,9.58,0.55,0.31,1.29,0.24,2.89,4.09,0.71,2.69,5.4,8.09,2.87,1.38,1.18,1.89,2.31,13.64,33.89,33.3,25.8
Ausar Thompson,1641709,2024-25,0,1610612765,DET,22.0,27,16,19.93,3.41,6.7,0.51,0.26,1.19,0.22,1.0,1.7,0.59,1.52,3.26,4.78,1.59,1.48,0.48,1.3,2.52,8.07,20.96,20.78,23.7
Klay Thompson,202691,2024-25,0,1610612742,DAL,34.0,43,43,27.19,4.81,11.67,0.41,3.0,7.7,0.39,0.84,0.93,0.9,0.63,2.79,3.42,2.02,0.84,0.44,1.44,1.19,13.47,24.02,24.77,30.09
Tristan Thompson,202684,2024-25,0,1610612739,CLE,33.0,25,0,8.0,0.76,1.76,0.43,0.0,0.12,0.0,0.2,0.88,0.23,0.72,2.28,3.0,0.68,0.04,0.28,0.4,1.0,1.72,5.64,5.84,9.11
JT Thor,1630550,2024-25,0,1610612739,CLE,22.0,9,0,4.78,1.0,1.67,0.6,0.33,0.67,0.5,0.78,0.89,0.88,0.33,0.33,0.67,0.11,0.22,0.33,0.67,0.67,3.11,5.44,5.21,9.33
Jacob Toppin,1631210,2024-25,0,1610612752,NYK,24.0,16,0,3.06,0.19,0.62,0.3,0.0,0.12,0.0,0.0,0.0,0.0,0.12,0.56,0.69,0.25,0.12,0.0,0.12,0.19,0.38,1.56,1.57,3.3
Obi Toppin,1630167,2024-25,0,1610612754,IND,26.0,44,0,19.07,3.86,7.11,0.54,1.16,3.3,0.35,1.11,1.41,0.79,0.7,3.32,4.02,1.57,0.68,0.36,0.66,1.39,10.0,21.5,20.87,21.64
Karl-Anthony Towns,1626157,2024-25,0,1610612752,NYK,29.0,44,44,34.55,8.75,16.36,0.54,1.98,4.66,0.42,4.84,5.75,0.84,3.07,10.5,13.57,3.39,0.98,0.8,2.55,3.48,24.32,48.86,47.64,37.25
Gary Trent Jr.,1629018,2024-25,0,1610612749,MIL,26.0,42,7,24.69,3.33,7.79,0.43,2.19,5.21,0.42,0.74,0.81,0.91,0.17,2.14,2.31,1.02,0.98,0.05,0.6,1.88,9.6,17.86,18.54,23.36
Oscar Tshiebwe,1631131,2024-25,0,1610612762,UTA,25.0,3,0,15.33,1.33,2.0,0.67,0.0,0.0,0.0,2.0,2.67,0.75,1.67,5.0,6.67,0.0,1.33,0.0,0.33,3.33,4.67,16.0,15.97,7.4
Myles Turner,1626167,2024-25,0,1610612754,IND,28.0,44,44,31.18,5.55,11.55,0.48,2.09,5.23,0.4,2.39,3.16,0.76,1.32,5.5,6.82,1.57,0.84,1.86,1.95,2.84,15.57,33.3,32.83,37.12
Hunter Tyson,1641816,2024-25,0,1610612743,DEN,24.0,33,0,7.45,0.67,1.79,0.37,0.33,1.09,0.31,0.42,0.58,0.74,0.33,1.18,1.52,0.39,0.15,0.12,0.27,0.94,2.09,4.67,4.73,1.9
Jonas Valančiūnas,202685,2024-25,0,1610612764,WAS,32.0,48,11,19.88,4.69,8.5,0.55,0.15,0.54,0.27,1.94,2.15,0.9,2.33,5.73,8.06,2.17,0.46,0.58,1.81,1.94,11.46,25.21,26.83,33.65
Fred VanVleet,1627832,2024-25,0,1610612745,HOU,30.0,45,45,35.47,5.04,13.04,0.39,2.67,7.76,0.34,1.87,2.27,0.82,0.67,3.22,3.89,5.8,1.6,0.44,1.56,2.44,14.62,34.49,33.25,43.2
Jarred Vanderbilt,1629020,2024-25,0,1610612747,LAL,25.0,4,0,13.75,1.25,3.25,0.39,0.0,0.75,0.0,0.0,0.0,0.0,2.5,2.75,5.25,1.5,2.25,0.0,0.5,2.25,2.5,18.0,16.24,17.64
Devin Vassell,1630170,2024-25,0,1610612759,SAS,24.0,31,20,30.0,6.1,14.0,0.43,2.32,6.45,0.36,1.71,2.26,0.76,0.68,2.97,3.65,3.03,1.1,0.55,1.61,1.61,16.23,29.26,29.87,35.52
Gabe Vincent,1629216,2024-25,0,1610612747,LAL,28.0,40,5,20.05,1.9,4.75,0.4,1.05,3.2,0.33,0.12,0.25,0.5,0.28,0.97,1.25,1.25,0.7,0.25,0.62,2.1,4.97,11.25,12.17,7.44
Tristan Vukcevic,1641774,2024-25,0,1610612764,WAS,21.0,9,0,4.67,1.0,2.33,0.43,0.22,1.22,0.18,0.44,0.56,0.8,0.44,0.44,0.89,0.44,0.0,0.11,0.33,0.44,2.67,4.0,4.15,17.1
Nikola Vučević,202696,2024-25,0,1610612741,CHI,34.0,49,49,32.27,8.1,14.71,0.55,1.86,4.63,0.4,1.8,2.18,0.82,2.37,8.0,10.37,3.57,0.92,0.71,1.63,2.39,19.86,43.59,41.83,43.61
Dean Wade,1629731,2024-25,0,1610612739,CLE,28.0,35,26,22.83,2.09,5.11,0.41,1.49,4.26,0.35,0.37,0.71,0.52,1.0,4.09,5.09,1.57,0.86,0.46,0.31,1.94,6.03,19.09,19.43,17.11
Franz Wagner,1630532,2024-25,0,1610612753,ORL,23.0,30,30,32.97,8.83,19.23,0.46,2.03,6.53,0.31,5.37,6.13,0.88,0.9,4.6,5.5,5.2,1.47,0.47,2.37,2.4,25.07,43.67,43.48,38.47
Moritz Wagner,1629021,2024-25,0,1610612753,ORL,27.0,30,1,18.8,4.67,8.3,0.56,0.9,2.5,0.36,2.63,3.67,0.72,1.33,3.6,4.93,1.4,0.8,0.4,1.63,1.83,12.87,23.03,23.81,17.98
Jarace Walker,1641716,2024-25,0,1610612754,IND,21.0,46,1,16.89,2.26,4.85,0.47,0.98,2.52,0.39,0.74,1.15,0.64,0.37,2.91,3.28,1.48,0.93,0.39,1.15,1.72,6.24,15.72,15.45,10.2
Cason Wallace,1641717,2024-25,0,1610612760,OKC,21.0,46,32,27.37,3.0,6.78,0.44,0.98,2.93,0.33,0.3,0.39,0.78,1.09,2.37,3.46,2.39,1.76,0.57,0.74,2.24,7.28,23.46,22.14,17.6
Jordan Walsh,1641775,2024-25,0,1610612738,BOS,20.0,34,1,7.85,0.56,1.59,0.35,0.32,1.12,0.29,0.15,0.29,0.5,0.35,0.74,1.09,0.26,0.24,0.24,0.24,0.53,1.59,4.32,4.38,7.1
P.J. Washington,1629023,2024-25,0,1610612742,DAL,26.0,42,41,32.93,5.19,11.83,0.44,1.62,4.26,0.38,2.43,3.24,0.75,1.64,6.71,8.36,2.33,1.21,1.0,1.9,2.45,14.43,31.86,32.46,30.14
Lindy Waters III,1630322,2024-25,0,1610612744,GSW,27.0,38,9,17.24,2.0,5.39,0.37,1.29,3.89,0.33,0.21,0.29,0.73,0.42,2.11,2.53,1.11,0.58,0.26,0.45,1.45,5.5,12.53,12.89,6.1
Trendon Watford,1630570,2024-25,0,1610612751,BKN,24.0,15,0,16.13,2.8,6.4,0.44,0.6,2.0,0.3,2.0,2.47,0.81,0.4,2.6,3.0,1.2,0.47,0.27,1.27,2.27,8.2,13.33,13.87,12.4
Victor Wembanyama,1641705,2024-25,0,1610612759,SAS,21.0,40,40,33.15,8.97,18.85,0.48,3.25,9.07,0.36,3.38,3.98,0.85,1.73,9.18,10.9,3.65,1.1,3.98,3.4,2.2,24.57,58.03,53.45,51.2
Russell Westbrook,201566,2024-25,0,1610612743,DEN,36.0,48,27,27.67,4.9,10.27,0.48,1.15,3.46,0.33,2.04,3.19,0.64,1.38,3.73,5.1,6.4,1.5,0.5,3.04,2.52,12.98,32.31,31.26,29.76
Coby White,1629632,2024-25,0,1610612741,CHI,24.0,43,43,32.63,6.26,14.37,0.43,3.02,8.26,0.37,2.88,3.26,0.89,0.35,3.02,3.37,4.6,0.98,0.19,2.49,2.3,18.42,31.47,32.27,33.47
Derrick White,1628401,2024-25,0,1610612738,BOS,30.0,47,47,33.74,5.51,12.55,0.44,3.32,8.81,0.38,1.74,2.09,0.84,0.94,3.28,4.21,4.21,0.87,1.17,1.6,1.94,16.09,35.15,33.98,37.85
Dariq Whitehead,1641727,2024-25,0,1610612751,BKN,20.0,8,0,7.0,1.5,3.12,0.48,1.38,2.62,0.52,0.12,0.38,0.33,0.12,0.5,0.62,0.12,0.38,0.12,0.38,0.25,4.5,7.62,7.32,6.5
Cam Whitmore,1641715,2024-25,0,1610612745,HOU,20.0,29,0,16.48,3.59,8.28,0.43,1.21,3.79,0.32,1.0,1.38,0.72,0.79,2.38,3.17,0.83,0.66,0.24,1.1,1.07,9.38,15.31,15.43,19.5
Aaron Wiggins,1630598,2024-25,0,1610612760,OKC,26.0,47,14,21.23,3.96,8.13,0.49,1.38,3.81,0.36,0.68,0.83,0.82,1.06,2.53,3.6,1.55,0.72,0.23,0.87,1.32,9.98,19.79,19.81,14.1
Andrew Wiggins,203952,2024-25,0,1610612744,GSW,29.0,42,42,30.02,6.05,13.67,0.44,2.21,5.79,0.38,3.07,3.9,0.79,1.57,3.07,4.64,2.38,0.95,0.79,1.31,1.64,17.38,30.93,30.77,22.59
Grant Williams,1629684,2024-25,0,1610612766,CHA,26.0,16,7,29.94,3.38,7.69,0.44,1.69,4.62,0.36,1.94,2.31,0.84,1.12,4.0,5.12,2.31,1.12,0.81,1.75,2.88,10.38,24.75,24.37,20.23
Kenrich Williams,1629026,2024-25,0,1610612760,OKC,30.0,36,0,14.14,2.28,4.44,0.51,0.83,2.19,0.38,0.42,0.47,0.88,0.83,2.5,3.33,0.94,0.61,0.14,0.56,1.56,5.81,13.81,13.53,14.74
Patrick Williams,1630172,2024-25,0,1610612741,CHI,23.0,40,35,26.65,3.35,8.82,0.38,1.65,4.62,0.36,1.07,1.35,0.8,0.72,3.4,4.12,2.15,0.78,0.62,1.38,1.32,9.43,19.95,20.11,21.6
Ziaire Williams,1630533,2024-25,0,1610612751,BKN,23.0,35,18,23.31,3.26,8.03,0.41,1.29,3.97,0.32,1.83,2.26,0.81,1.06,3.6,4.66,1.43,1.03,0.4,1.03,2.46,9.63,20.14,20.59,15.72
Zion Williamson,1629627,2024-25,0,1610612740,NOP,24.0,13,13,28.46,9.0,17.31,0.52,0.15,0.85,0.18,5.46,8.46,0.65,3.15,5.0,8.15,5.0,1.15,1.23,3.31,2.92,23.62,42.54,44.65,40.34
Jalen Wilson,1630592,2024-25,0,1610612751,BKN,24.0,48,14,27.75,3.27,8.35,0.39,1.4,4.52,0.31,1.67,1.98,0.84,1.04,2.46,3.5,1.92,0.54,0.04,1.17,2.23,9.6,16.21,17.15,10.6
James Wiseman,1630164,2024-25,0,1610612754,IND,23.0,1,0,5.0,2.0,4.0,0.5,0.0,1.0,0.0,2.0,2.0,1.0,0.0,1.0,1.0,0.0,0.0,0.0,0.0,0.0,6.0,7.0,7.08,16.41
Delon Wright,1626153,2024-25,0,1610612749,MIL,32.0,25,2,15.32,0.88,3.12,0.28,0.48,1.84,0.26,0.32,0.56,0.57,0.6,1.12,1.72,1.8,0.84,0.32,0.56,0.68,2.56,10.28,10.16,15.73
Trae Young,1629027,2024-25,0,1610612737,ATL,26.0,45,45,35.98,7.0,17.47,0.4,2.91,8.58,0.34,5.89,6.87,0.86,0.51,2.78,3.29,11.51,1.29,0.22,4.62,1.93,22.8,44.38,42.37,47.88
Ivica Zubac,1627826,2024-25,0,1610612746,LAC,27.0,47,47,31.98,6.79,11.09,0.61,0.0,0.0,0.0,1.68,2.81,0.6,3.79,8.87,12.66,2.49,0.72,1.17,1.7,1.91,15.26,38.43,37.68,27.11
Vlatko Čančar,1628427,2024-25,0,1610612743,DEN,27.0,4,0,8.5,1.0,1.75,0.57,0.25,0.5,0.5,0.0,0.0,0.0,0.75,1.25,2.0,0.0,0.0,0.25,0.5,1.0,2.25,4.75,5.31,8.4
Dario Šarić,203967,2024-25,0,1610612743,DEN,30.0,13,4,14.77,1.38,4.15,0.33,0.46,1.85,0.25,0.54,0.77,0.7,1.0,2.62,3.62,1.69,0.54,0.08,1.08,1.38,3.77,9.92,10.43,19.29
